{"type":"FeatureCollection","bbox":[2.308225567030371,48.70545084072316,2.6027612262969475,48.868791327539554],"features":[{"type":"Feature","properties":{"depname":"Val-de-Marne","bvonum":"0001","comcode":94001,"cancode":9415,"bvocode":"94001_1","cirname":"3ème circonscription","exp":576,"depcode":94,"cannum":7,"canname":"Orly","comname":"Ablon-sur-Seine","ins":795,"Art":0,"Mel":164,"Rou":13,"Mac":154,"Las":17,"vot":588,"circode":9403,"Lep":111,"Pec":38,"Zem":35,"Hid":6,"Jad":22,"Pou":5,"Dup":11,"top":"Mélenchon","area_error":-0.009614},"geometry":{"type":"Polygon","coordinates":[[[2.423062985495192,48.71321977210632],[2.424421754854659,48.7143560293587],[2.4285025293830573,48.7175469987765],[2.4366698544210776,48.71736367270068],[2.4374201363525234,48.7167170213233],[2.4218734936246,48.71218676339475],[2.423062985495192,48.71321977210632]]],"rewind":true}},{"type":"Feature","properties":{"depname":"Val-de-Marne","bvonum":"0002","comcode":94001,"cancode":9415,"bvocode":"94001_2","cirname":"3ème circonscription","exp":633,"depcode":94,"cannum":7,"canname":"Orly","comname":"Ablon-sur-Seine","ins":823,"Art":3,"Mel":166,"Rou":10,"Mac":181,"Las":13,"vot":645,"circode":9403,"Lep":129,"Pec":38,"Zem":47,"Hid":6,"Jad":17,"Pou":4,"Dup":19,"top":"Macron","area_error":-0.009677},"geometry":{"type":"Polygon","coordinates":[[[2.4366698544210776,48.71736367270068],[2.4285025293830573,48.7175469987765],[2.42564844468,48.7192942641882],[2.42582619399629,48.719518058678126],[2.426474028153535,48.71965320366101],[2.427054027235598,48.719713460739555],[2.4279293119619756,48.7197024220311],[2.4281209661685,48.71969537763792],[2.4283220755750667,48.719919310340956],[2.430236875638239,48.71984683964513],[2.43036475807945,48.72004860081275],[2.4324640014801044,48.720036670619855],[2.433353003267138,48.720164266506934],[2.43415777524842,48.72027658034606],[2.4345790773447247,48.72021325822308],[2.435077306952038,48.720221610804636],[2.4366660605984065,48.72032048192855],[2.4364667236682176,48.72023354816],[2.43731334693548,48.720280067724424],[2.437213932434434,48.720232974682645],[2.4377791425777615,48.720220389756314],[2.4391103803934615,48.720617978609],[2.4398194413562133,48.72059947438867],[2.4404112725617217,48.7205863116226],[2.440448005885233,48.720585138646534],[2.4366698544210776,48.71736367270068]]],"rewind":true}},{"type":"Feature","properties":{"depname":"Val-de-Marne","bvonum":"0003","comcode":94001,"cancode":9415,"bvocode":"94001_3","cirname":"3ème circonscription","exp":555,"depcode":94,"cannum":7,"canname":"Orly","comname":"Ablon-sur-Seine","ins":751,"Art":1,"Mel":161,"Rou":10,"Mac":121,"Las":12,"vot":565,"circode":9403,"Lep":117,"Pec":41,"Zem":53,"Hid":4,"Jad":18,"Pou":6,"Dup":11,"top":"Mélenchon","area_error":-0.018885},"geometry":{"type":"Polygon","coordinates":[[[2.4285025293830573,48.7175469987765],[2.424421754854659,48.7143560293587],[2.4190808613505568,48.71563380706034],[2.4193686721199925,48.71788146791214],[2.4193650236175754,48.71791015516553],[2.4200685077159068,48.71800640327604],[2.4214702095619725,48.718193591502164],[2.4218474960896774,48.71824885991776],[2.42257144289581,48.718366404461825],[2.42386583381516,48.7186127219124],[2.4240705287653737,48.71864824409207],[2.425584271465302,48.71891601601318],[2.4254947317194326,48.71903283604767],[2.4256069809676,48.71923879489207],[2.42564844468,48.7192942641882],[2.4285025293830573,48.7175469987765]]],"rewind":true}},{"type":"Feature","properties":{"depname":"Val-de-Marne","bvonum":"0004","comcode":94001,"cancode":9415,"bvocode":"94001_4","cirname":"3ème circonscription","exp":598,"depcode":94,"cannum":7,"canname":"Orly","comname":"Ablon-sur-Seine","ins":752,"Art":3,"Mel":164,"Rou":13,"Mac":128,"Las":10,"vot":615,"circode":9403,"Lep":161,"Pec":33,"Zem":33,"Hid":6,"Jad":23,"Pou":7,"Dup":17,"top":"Mélenchon","area_error":-0.032453},"geometry":{"type":"Polygon","coordinates":[[[2.4366698544210776,48.71736367270068],[2.440448005885233,48.720585138646534],[2.4409172102096592,48.72056646232843],[2.4421705302593026,48.720961064889224],[2.4427198365923926,48.72092513135495],[2.443413425079669,48.7211074956197],[2.443674626721459,48.721085969611174],[2.444379521464046,48.72101833201248],[2.4445505415960227,48.72101801604991],[2.4445722760036435,48.720746543354146],[2.445280151263057,48.720902985380576],[2.44524988563638,48.720764763551976],[2.4465105256974637,48.72100138016865],[2.4464609768927734,48.72065727761644],[2.446801400980564,48.720695261443545],[2.4484797663913858,48.72079954370492],[2.4495075427681336,48.72077932807075],[2.44944833857853,48.72065836240423],[2.4493517289991837,48.72039226599222],[2.449489151007133,48.72040086217521],[2.449371512230551,48.720035630800524],[2.4492191040464015,48.7196456825645],[2.4374201363525234,48.7167170213233],[2.4366698544210776,48.71736367270068]]],"rewind":true}},{"type":"Feature","properties":{"depname":"Val-de-Marne","bvonum":"0001","comcode":94002,"cancode":9401,"bvocode":"94002_1","cirname":"9ème circonscription","exp":657,"depcode":94,"cannum":23,"canname":"Alfortville","comname":"Alfortville","ins":872,"Art":3,"Mel":221,"Rou":15,"Mac":148,"Las":15,"vot":671,"circode":9409,"Lep":107,"Pec":36,"Zem":43,"Hid":19,"Jad":36,"Pou":2,"Dup":12,"top":"Mélenchon","area_error":0.045333},"geometry":{"type":"Polygon","coordinates":[[[2.425573118259808,48.79038835099588],[2.428872605335547,48.791754644322026],[2.428886479790443,48.79173274016822],[2.429646336099588,48.790139947931536],[2.4297509449264867,48.7898952841299],[2.426560074708947,48.78169653757571],[2.42561167533611,48.78126410148058],[2.423770485922255,48.783805834883836],[2.425573118259808,48.79038835099588]]],"rewind":true}},{"type":"Feature","properties":{"depname":"Val-de-Marne","bvonum":"0010","comcode":94002,"cancode":9401,"bvocode":"94002_10","cirname":"9ème circonscription","exp":698,"depcode":94,"cannum":23,"canname":"Alfortville","comname":"Alfortville","ins":884,"Art":5,"Mel":215,"Rou":16,"Mac":223,"Las":19,"vot":716,"circode":9409,"Lep":76,"Pec":22,"Zem":58,"Hid":10,"Jad":41,"Pou":4,"Dup":9,"top":"Macron","area_error":0.060769},"geometry":{"type":"Polygon","coordinates":[[[2.417081677182608,48.791434204389375],[2.4181713253460977,48.79101436316208],[2.4183522271631284,48.79035277887929],[2.412891552838328,48.78112172933885],[2.4112983283840568,48.78390011077966],[2.4100874370938152,48.78633532648785],[2.4100310289723,48.78638141259055],[2.41000055138731,48.786410798079615],[2.417081677182608,48.791434204389375]]],"rewind":true}},{"type":"Feature","properties":{"depname":"Val-de-Marne","bvonum":"0011","comcode":94002,"cancode":9401,"bvocode":"94002_11","cirname":"9ème circonscription","exp":766,"depcode":94,"cannum":23,"canname":"Alfortville","comname":"Alfortville","ins":980,"Art":5,"Mel":303,"Rou":16,"Mac":213,"Las":10,"vot":785,"circode":9409,"Lep":72,"Pec":22,"Zem":52,"Hid":18,"Jad":38,"Pou":7,"Dup":10,"top":"Mélenchon","area_error":-0.089545},"geometry":{"type":"Polygon","coordinates":[[[2.4183522271631284,48.79035277887929],[2.4198257042723186,48.78520330895005],[2.418863541792716,48.78312731136685],[2.4142932883182926,48.779122916838524],[2.4138440013929916,48.779641893789154],[2.412891552838328,48.78112172933885],[2.4183522271631284,48.79035277887929]]],"rewind":true}},{"type":"Feature","properties":{"depname":"Val-de-Marne","bvonum":"0012","comcode":94002,"cancode":9401,"bvocode":"94002_12","cirname":"9ème circonscription","exp":818,"depcode":94,"cannum":23,"canname":"Alfortville","comname":"Alfortville","ins":1034,"Art":5,"Mel":330,"Rou":19,"Mac":213,"Las":18,"vot":838,"circode":9409,"Lep":82,"Pec":35,"Zem":43,"Hid":16,"Jad":32,"Pou":8,"Dup":17,"top":"Mélenchon","area_error":-0.003699},"geometry":{"type":"Polygon","coordinates":[[[2.409840096131716,48.79499550421062],[2.417081677182608,48.791434204389375],[2.41000055138731,48.786410798079615],[2.4086416705252973,48.79033287297485],[2.4085385481954455,48.791499559375865],[2.4084082334323083,48.79343263080243],[2.409840096131716,48.79499550421062]]],"rewind":true}},{"type":"Feature","properties":{"depname":"Val-de-Marne","bvonum":"0013","comcode":94002,"cancode":9401,"bvocode":"94002_13","cirname":"9ème circonscription","exp":639,"depcode":94,"cannum":23,"canname":"Alfortville","comname":"Alfortville","ins":824,"Art":6,"Mel":244,"Rou":17,"Mac":164,"Las":11,"vot":653,"circode":9409,"Lep":76,"Pec":19,"Zem":37,"Hid":15,"Jad":30,"Pou":7,"Dup":13,"top":"Mélenchon","area_error":-0.002289},"geometry":{"type":"Polygon","coordinates":[[[2.417081677182608,48.791434204389375],[2.409840096131716,48.79499550421062],[2.414957672699878,48.79741023074323],[2.419522796940143,48.7940223007059],[2.41906190566214,48.7913749906932],[2.4181713253460977,48.79101436316208],[2.417081677182608,48.791434204389375]]],"rewind":true}},{"type":"Feature","properties":{"depname":"Val-de-Marne","bvonum":"0014","comcode":94002,"cancode":9401,"bvocode":"94002_14","cirname":"9ème circonscription","exp":733,"depcode":94,"cannum":23,"canname":"Alfortville","comname":"Alfortville","ins":933,"Art":7,"Mel":250,"Rou":18,"Mac":159,"Las":13,"vot":751,"circode":9409,"Lep":119,"Pec":31,"Zem":43,"Hid":16,"Jad":63,"Pou":9,"Dup":5,"top":"Mélenchon","area_error":0.009756},"geometry":{"type":"Polygon","coordinates":[[[2.425573118259808,48.79038835099588],[2.41906190566214,48.7913749906932],[2.419522796940143,48.7940223007059],[2.424397526689441,48.79621053656316],[2.4246185480875155,48.79597302846946],[2.4254117585835284,48.7952764445519],[2.4268480041026144,48.794125980606246],[2.4279276498722484,48.79286149827301],[2.4284780617650235,48.792208029682335],[2.42869226472328,48.792018756577384],[2.428872605335547,48.791754644322026],[2.425573118259808,48.79038835099588]]],"rewind":true}},{"type":"Feature","properties":{"depname":"Val-de-Marne","bvonum":"0015","comcode":94002,"cancode":9401,"bvocode":"94002_15","cirname":"9ème circonscription","exp":711,"depcode":94,"cannum":23,"canname":"Alfortville","comname":"Alfortville","ins":895,"Art":3,"Mel":274,"Rou":10,"Mac":186,"Las":11,"vot":726,"circode":9409,"Lep":65,"Pec":21,"Zem":44,"Hid":23,"Jad":57,"Pou":7,"Dup":10,"top":"Mélenchon","area_error":-0.003757},"geometry":{"type":"Polygon","coordinates":[[[2.419522796940143,48.7940223007059],[2.414957672699878,48.79741023074323],[2.419638187519937,48.80103769569935],[2.420390944869905,48.80037814599094],[2.421368180161911,48.79940900205261],[2.4225549321726545,48.79816081780107],[2.4236976489240853,48.796949390493815],[2.423963876888671,48.796674413504014],[2.424397526689441,48.79621053656316],[2.419522796940143,48.7940223007059]]],"rewind":true}},{"type":"Feature","properties":{"depname":"Val-de-Marne","bvonum":"0016","comcode":94002,"cancode":9401,"bvocode":"94002_16","cirname":"9ème circonscription","exp":747,"depcode":94,"cannum":23,"canname":"Alfortville","comname":"Alfortville","ins":963,"Art":3,"Mel":349,"Rou":16,"Mac":181,"Las":8,"vot":763,"circode":9409,"Lep":83,"Pec":22,"Zem":23,"Hid":11,"Jad":44,"Pou":2,"Dup":5,"top":"Mélenchon","area_error":-0.002908},"geometry":{"type":"Polygon","coordinates":[[[2.414957672699878,48.79741023074323],[2.409840096131716,48.79499550421062],[2.4084082334323083,48.79343263080243],[2.40839275722312,48.7935100232814],[2.4082943115872952,48.79487056248844],[2.4082800317504,48.795274222841726],[2.408266522985528,48.795545389451654],[2.4082024164300053,48.79599302047824],[2.4081427023819946,48.796419631567765],[2.4080763817737925,48.7968204484619],[2.4077848718810184,48.7974047614053],[2.4071679353423883,48.79792766758454],[2.408644891398243,48.79877954797961],[2.410971018429398,48.799592240010035],[2.41189079841497,48.799788251714276],[2.41335368523607,48.80011106809528],[2.413851939101374,48.8002315932866],[2.41616151431328,48.800840725277666],[2.417847024872055,48.80133981350933],[2.4183894821620537,48.80163366401382],[2.419638187519937,48.80103769569935],[2.414957672699878,48.79741023074323]]],"rewind":true}},{"type":"Feature","properties":{"depname":"Val-de-Marne","bvonum":"0017","comcode":94002,"cancode":9401,"bvocode":"94002_17","cirname":"9ème circonscription","exp":628,"depcode":94,"cannum":23,"canname":"Alfortville","comname":"Alfortville","ins":837,"Art":4,"Mel":195,"Rou":10,"Mac":166,"Las":15,"vot":643,"circode":9409,"Lep":69,"Pec":51,"Zem":42,"Hid":20,"Jad":37,"Pou":3,"Dup":16,"top":"Mélenchon","area_error":0.005306},"geometry":{"type":"Polygon","coordinates":[[[2.4308114305401958,48.76888984809537],[2.434580922435185,48.76608548193186],[2.4342521933645274,48.76528810395102],[2.4318473199409465,48.7588894653035],[2.4309726724173872,48.75993328723613],[2.430124127593789,48.76085702101245],[2.42913543888082,48.76160790231924],[2.4285011143422484,48.76189890848457],[2.4308114305401958,48.76888984809537]]],"rewind":true}},{"type":"Feature","properties":{"depname":"Val-de-Marne","bvonum":"0018","comcode":94002,"cancode":9401,"bvocode":"94002_18","cirname":"9ème circonscription","exp":799,"depcode":94,"cannum":23,"canname":"Alfortville","comname":"Alfortville","ins":1065,"Art":6,"Mel":268,"Rou":24,"Mac":199,"Las":14,"vot":823,"circode":9409,"Lep":91,"Pec":32,"Zem":50,"Hid":19,"Jad":67,"Pou":9,"Dup":20,"top":"Mélenchon","area_error":-0.005866},"geometry":{"type":"Polygon","coordinates":[[[2.434580922435185,48.76608548193186],[2.4308114305401958,48.76888984809537],[2.4342258975582736,48.776864366949276],[2.434779001250507,48.7755095322879],[2.4351643055311962,48.77459581169728],[2.4353263525486533,48.77422347110679],[2.435466498386579,48.773858575173755],[2.4355741144101137,48.7735894762826],[2.4356723595350385,48.7733556890431],[2.436132200421709,48.7724065009664],[2.436681061035758,48.7712254300215],[2.437337448370018,48.7699783892454],[2.437901701212563,48.76916462155135],[2.43852205155617,48.76807239325539],[2.434580922435185,48.76608548193186]]],"rewind":true}},{"type":"Feature","properties":{"depname":"Val-de-Marne","bvonum":"0019","comcode":94002,"cancode":9401,"bvocode":"94002_19","cirname":"9ème circonscription","exp":877,"depcode":94,"cannum":23,"canname":"Alfortville","comname":"Alfortville","ins":1090,"Art":2,"Mel":258,"Rou":20,"Mac":288,"Las":20,"vot":892,"circode":9409,"Lep":57,"Pec":41,"Zem":54,"Hid":28,"Jad":87,"Pou":8,"Dup":14,"top":"Macron","area_error":-0.002183},"geometry":{"type":"Polygon","coordinates":[[[2.429334518816597,48.77550845101423],[2.4336412266416123,48.77819823523272],[2.433824979901641,48.777784032811184],[2.4342258975582736,48.776864366949276],[2.4308114305401958,48.76888984809537],[2.4285011143422484,48.76189890848457],[2.427840277849309,48.762330203155024],[2.4274764668078532,48.7625593925763],[2.429334518816597,48.77550845101423]]],"rewind":true}},{"type":"Feature","properties":{"depname":"Val-de-Marne","bvonum":"0002","comcode":94002,"cancode":9401,"bvocode":"94002_2","cirname":"9ème circonscription","exp":770,"depcode":94,"cannum":23,"canname":"Alfortville","comname":"Alfortville","ins":941,"Art":2,"Mel":244,"Rou":31,"Mac":240,"Las":4,"vot":775,"circode":9409,"Lep":62,"Pec":21,"Zem":49,"Hid":22,"Jad":76,"Pou":9,"Dup":10,"top":"Mélenchon","area_error":0.027368},"geometry":{"type":"Polygon","coordinates":[[[2.425232545005535,48.77876957767565],[2.42561167533611,48.78126410148058],[2.426560074708947,48.78169653757571],[2.4327407736717124,48.78067990845853],[2.432777404551158,48.78056676718069],[2.4331830544525954,48.779301184281124],[2.4336412266416123,48.77819823523272],[2.429334518816597,48.77550845101423],[2.4254042465991823,48.77722346591007],[2.425232545005535,48.77876957767565]]],"rewind":true}},{"type":"Feature","properties":{"depname":"Val-de-Marne","bvonum":"0020","comcode":94002,"cancode":9401,"bvocode":"94002_20","cirname":"9ème circonscription","exp":634,"depcode":94,"cannum":23,"canname":"Alfortville","comname":"Alfortville","ins":916,"Art":2,"Mel":239,"Rou":16,"Mac":105,"Las":10,"vot":643,"circode":9409,"Lep":142,"Pec":29,"Zem":61,"Hid":5,"Jad":11,"Pou":3,"Dup":11,"top":"Mélenchon","area_error":-0.012812},"geometry":{"type":"Polygon","coordinates":[[[2.4439755464528745,48.74972945451694],[2.4459447287961766,48.754216969962215],[2.4476180219649257,48.75253090658415],[2.448960171661262,48.75101717190251],[2.45092130209107,48.74751966121759],[2.451059432631648,48.74560590015009],[2.450617328585392,48.74516071647245],[2.4500465838974987,48.74447632501213],[2.449809769978862,48.7444083977119],[2.449450917274005,48.74453400034801],[2.4439755464528745,48.74972945451694]]],"rewind":true}},{"type":"Feature","properties":{"depname":"Val-de-Marne","bvonum":"0021","comcode":94002,"cancode":9401,"bvocode":"94002_21","cirname":"9ème circonscription","exp":748,"depcode":94,"cannum":23,"canname":"Alfortville","comname":"Alfortville","ins":988,"Art":2,"Mel":260,"Rou":8,"Mac":181,"Las":9,"vot":761,"circode":9409,"Lep":120,"Pec":34,"Zem":65,"Hid":15,"Jad":26,"Pou":3,"Dup":25,"top":"Mélenchon","area_error":-0.052117},"geometry":{"type":"Polygon","coordinates":[[[2.445660457000852,48.754496308868816],[2.4459447287961766,48.754216969962215],[2.4439755464528745,48.74972945451694],[2.435796005598081,48.75268803558082],[2.435193760978437,48.75423254284155],[2.434684778024463,48.75501377730195],[2.445660457000852,48.754496308868816]]],"rewind":true}},{"type":"Feature","properties":{"depname":"Val-de-Marne","bvonum":"0022","comcode":94002,"cancode":9401,"bvocode":"94002_22","cirname":"9ème circonscription","exp":543,"depcode":94,"cannum":23,"canname":"Alfortville","comname":"Alfortville","ins":838,"Art":1,"Mel":320,"Rou":4,"Mac":91,"Las":6,"vot":557,"circode":9409,"Lep":66,"Pec":10,"Zem":21,"Hid":1,"Jad":16,"Pou":4,"Dup":3,"top":"Mélenchon","area_error":0.133335},"geometry":{"type":"Polygon","coordinates":[[[2.4497374233093554,48.7421902769945],[2.449816136251607,48.7418700300259],[2.4498967361196926,48.74113793332525],[2.449895628510245,48.74095721039346],[2.446089825969856,48.743091043477335],[2.44354761194725,48.7444130531958],[2.430771297229172,48.75372985693455],[2.4333705291955012,48.752969062754175],[2.4357202214725184,48.75222764883705],[2.4357979021041545,48.7526325725897],[2.4497374233093554,48.7421902769945]]],"rewind":true}},{"type":"Feature","properties":{"depname":"Val-de-Marne","bvonum":"0023","comcode":94002,"cancode":9401,"bvocode":"94002_23","cirname":"9ème circonscription","exp":615,"depcode":94,"cannum":23,"canname":"Alfortville","comname":"Alfortville","ins":881,"Art":7,"Mel":234,"Rou":12,"Mac":145,"Las":6,"vot":628,"circode":9409,"Lep":125,"Pec":17,"Zem":41,"Hid":8,"Jad":10,"Pou":2,"Dup":8,"top":"Mélenchon","area_error":0.074854},"geometry":{"type":"Polygon","coordinates":[[[2.434684778024463,48.75501377730195],[2.4345811480165014,48.75528369249206],[2.4388314822100727,48.759869294342856],[2.4424927921488657,48.759352941521925],[2.44309699666609,48.758175821423],[2.44321055552185,48.75796768939364],[2.4437878231884134,48.756948788941955],[2.444099244583376,48.756371512336685],[2.4444150027496274,48.755853032352476],[2.4448045397795166,48.75539218407212],[2.4448445458017787,48.7553479262616],[2.445660457000852,48.754496308868816],[2.434684778024463,48.75501377730195]]],"rewind":true}},{"type":"Feature","properties":{"depname":"Val-de-Marne","bvonum":"0024","comcode":94002,"cancode":9401,"bvocode":"94002_24","cirname":"9ème circonscription","exp":691,"depcode":94,"cannum":23,"canname":"Alfortville","comname":"Alfortville","ins":949,"Art":5,"Mel":293,"Rou":20,"Mac":158,"Las":5,"vot":710,"circode":9409,"Lep":91,"Pec":28,"Zem":45,"Hid":10,"Jad":21,"Pou":4,"Dup":11,"top":"Mélenchon","area_error":-0.015444},"geometry":{"type":"Polygon","coordinates":[[[2.4342521933645274,48.76528810395102],[2.4388314822100727,48.759869294342856],[2.4345811480165014,48.75528369249206],[2.4345241131224062,48.755528473074044],[2.433396218026835,48.75676553717452],[2.432264609021827,48.75827606840624],[2.4318473199409465,48.7588894653035],[2.4342521933645274,48.76528810395102]]],"rewind":true}},{"type":"Feature","properties":{"depname":"Val-de-Marne","bvonum":"0025","comcode":94002,"cancode":9401,"bvocode":"94002_25","cirname":"9ème circonscription","exp":654,"depcode":94,"cannum":23,"canname":"Alfortville","comname":"Alfortville","ins":946,"Art":14,"Mel":343,"Rou":14,"Mac":88,"Las":6,"vot":670,"circode":9409,"Lep":101,"Pec":16,"Zem":43,"Hid":6,"Jad":10,"Pou":4,"Dup":9,"top":"Mélenchon","area_error":-0.016824},"geometry":{"type":"Polygon","coordinates":[[[2.4388314822100727,48.759869294342856],[2.4342521933645274,48.76528810395102],[2.434580922435185,48.76608548193186],[2.43852205155617,48.76807239325539],[2.4395106446945447,48.7661658017121],[2.4395833493501,48.76604941751172],[2.440102581739829,48.7649370854003],[2.440508628655037,48.76408439468226],[2.4415959955815483,48.76150913629368],[2.4424927921488657,48.759352941521925],[2.4388314822100727,48.759869294342856]]],"rewind":true}},{"type":"Feature","properties":{"depname":"Val-de-Marne","bvonum":"0026","comcode":94002,"cancode":9401,"bvocode":"94002_26","cirname":"9ème circonscription","exp":626,"depcode":94,"cannum":23,"canname":"Alfortville","comname":"Alfortville","ins":834,"Art":3,"Mel":250,"Rou":7,"Mac":137,"Las":9,"vot":644,"circode":9409,"Lep":105,"Pec":21,"Zem":50,"Hid":13,"Jad":17,"Pou":7,"Dup":7,"top":"Mélenchon","area_error":-0.083911},"geometry":{"type":"Polygon","coordinates":[[[2.4357979021041545,48.7526325725897],[2.435796005598081,48.75268803558082],[2.4439755464528745,48.74972945451694],[2.449450917274005,48.74453400034801],[2.449226546851025,48.744620339924566],[2.45041047512496,48.74259247801718],[2.449434419757172,48.74289114640965],[2.4497374233093554,48.7421902769945],[2.4357979021041545,48.7526325725897]]],"rewind":true}},{"type":"Feature","properties":{"depname":"Val-de-Marne","bvonum":"0003","comcode":94002,"cancode":9401,"bvocode":"94002_3","cirname":"9ème circonscription","exp":770,"depcode":94,"cannum":23,"canname":"Alfortville","comname":"Alfortville","ins":983,"Art":10,"Mel":257,"Rou":18,"Mac":242,"Las":18,"vot":790,"circode":9409,"Lep":65,"Pec":26,"Zem":50,"Hid":18,"Jad":50,"Pou":9,"Dup":7,"top":"Mélenchon","area_error":-0.017422},"geometry":{"type":"Polygon","coordinates":[[[2.4274764668078532,48.7625593925763],[2.426260318567966,48.76360159501155],[2.426126539171327,48.76375466191244],[2.4260325733914847,48.76384442532514],[2.4254042465991823,48.77722346591007],[2.429334518816597,48.77550845101423],[2.4274764668078532,48.7625593925763]]],"rewind":true}},{"type":"Feature","properties":{"depname":"Val-de-Marne","bvonum":"0004","comcode":94002,"cancode":9401,"bvocode":"94002_4","cirname":"9ème circonscription","exp":764,"depcode":94,"cannum":23,"canname":"Alfortville","comname":"Alfortville","ins":966,"Art":3,"Mel":253,"Rou":14,"Mac":224,"Las":8,"vot":780,"circode":9409,"Lep":61,"Pec":44,"Zem":60,"Hid":14,"Jad":68,"Pou":4,"Dup":11,"top":"Mélenchon","area_error":0.014822},"geometry":{"type":"Polygon","coordinates":[[[2.4181713253460977,48.79101436316208],[2.41906190566214,48.7913749906932],[2.425573118259808,48.79038835099588],[2.423770485922255,48.783805834883836],[2.4198257042723186,48.78520330895005],[2.4183522271631284,48.79035277887929],[2.4181713253460977,48.79101436316208]]],"rewind":true}},{"type":"Feature","properties":{"depname":"Val-de-Marne","bvonum":"0005","comcode":94002,"cancode":9401,"bvocode":"94002_5","cirname":"9ème circonscription","exp":643,"depcode":94,"cannum":23,"canname":"Alfortville","comname":"Alfortville","ins":841,"Art":4,"Mel":243,"Rou":23,"Mac":169,"Las":14,"vot":657,"circode":9409,"Lep":77,"Pec":19,"Zem":29,"Hid":10,"Jad":43,"Pou":5,"Dup":7,"top":"Mélenchon","area_error":-0.073134},"geometry":{"type":"Polygon","coordinates":[[[2.426560074708947,48.78169653757571],[2.4297509449264867,48.7898952841299],[2.4300729005511474,48.789223287050774],[2.430957850464771,48.787361425163944],[2.4315503480325593,48.785913256566836],[2.4323301924673633,48.78235512907976],[2.432592184630753,48.7811316705866],[2.4327407736717124,48.78067990845853],[2.426560074708947,48.78169653757571]]],"rewind":true}},{"type":"Feature","properties":{"depname":"Val-de-Marne","bvonum":"0006","comcode":94002,"cancode":9401,"bvocode":"94002_6","cirname":"9ème circonscription","exp":723,"depcode":94,"cannum":23,"canname":"Alfortville","comname":"Alfortville","ins":963,"Art":6,"Mel":275,"Rou":10,"Mac":154,"Las":7,"vot":743,"circode":9409,"Lep":118,"Pec":26,"Zem":67,"Hid":15,"Jad":31,"Pou":4,"Dup":10,"top":"Mélenchon","area_error":0.037124},"geometry":{"type":"Polygon","coordinates":[[[2.4218811970132372,48.7786077825651],[2.425232545005535,48.77876957767565],[2.4254042465991823,48.77722346591007],[2.4260325733914847,48.76384442532514],[2.4251924539350913,48.76466890332676],[2.423818638225762,48.76604683660892],[2.423811267541987,48.7660548167146],[2.4218811970132372,48.7786077825651]]],"rewind":true}},{"type":"Feature","properties":{"depname":"Val-de-Marne","bvonum":"0007","comcode":94002,"cancode":9401,"bvocode":"94002_7","cirname":"9ème circonscription","exp":613,"depcode":94,"cannum":23,"canname":"Alfortville","comname":"Alfortville","ins":795,"Art":1,"Mel":218,"Rou":18,"Mac":153,"Las":10,"vot":632,"circode":9409,"Lep":72,"Pec":24,"Zem":57,"Hid":14,"Jad":33,"Pou":5,"Dup":8,"top":"Mélenchon","area_error":-0.103812},"geometry":{"type":"Polygon","coordinates":[[[2.4195833637494246,48.78037305966406],[2.4218811970132372,48.7786077825651],[2.423811267541987,48.7660548167146],[2.4225622578024137,48.767651893247674],[2.4208074320277957,48.76958633789378],[2.420756788499095,48.76965928950436],[2.4195833637494246,48.78037305966406]]],"rewind":true}},{"type":"Feature","properties":{"depname":"Val-de-Marne","bvonum":"0008","comcode":94002,"cancode":9401,"bvocode":"94002_8","cirname":"9ème circonscription","exp":625,"depcode":94,"cannum":23,"canname":"Alfortville","comname":"Alfortville","ins":818,"Art":8,"Mel":218,"Rou":15,"Mac":135,"Las":9,"vot":631,"circode":9409,"Lep":99,"Pec":20,"Zem":48,"Hid":13,"Jad":45,"Pou":9,"Dup":6,"top":"Mélenchon","area_error":-0.000584},"geometry":{"type":"Polygon","coordinates":[[[2.418863541792716,48.78312731136685],[2.4198257042723186,48.78520330895005],[2.423770485922255,48.783805834883836],[2.42561167533611,48.78126410148058],[2.425232545005535,48.77876957767565],[2.4218811970132372,48.7786077825651],[2.4195833637494246,48.78037305966406],[2.418863541792716,48.78312731136685]]],"rewind":true}},{"type":"Feature","properties":{"depname":"Val-de-Marne","bvonum":"0009","comcode":94002,"cancode":9401,"bvocode":"94002_9","cirname":"9ème circonscription","exp":653,"depcode":94,"cannum":23,"canname":"Alfortville","comname":"Alfortville","ins":904,"Art":4,"Mel":232,"Rou":18,"Mac":123,"Las":10,"vot":670,"circode":9409,"Lep":129,"Pec":25,"Zem":59,"Hid":16,"Jad":20,"Pou":9,"Dup":8,"top":"Mélenchon","area_error":0.075152},"geometry":{"type":"Polygon","coordinates":[[[2.418863541792716,48.78312731136685],[2.4195833637494246,48.78037305966406],[2.420756788499095,48.76965928950436],[2.420405504788698,48.77025383510254],[2.418635047171187,48.77283067600304],[2.4165143190866223,48.77587890531706],[2.414856481106587,48.77832499671564],[2.4142932883182926,48.779122916838524],[2.418863541792716,48.78312731136685]]],"rewind":true}},{"type":"Feature","properties":{"depname":"Val-de-Marne","bvonum":"0001","comcode":94003,"cancode":9402,"bvocode":"94003_1","cirname":"11ème circonscription","exp":706,"depcode":94,"cannum":4,"canname":"Cachan","comname":"Arcueil","ins":1005,"Art":3,"Mel":299,"Rou":24,"Mac":186,"Las":7,"vot":722,"circode":9411,"Lep":53,"Pec":18,"Zem":38,"Hid":16,"Jad":50,"Pou":7,"Dup":5,"top":"Mélenchon","area_error":0.009573},"geometry":{"type":"Polygon","coordinates":[[[2.319077371403656,48.80029911393455],[2.323286657798553,48.80184613686495],[2.3280214541470383,48.80241221817493],[2.332850105991664,48.7984382278991],[2.32471242144866,48.79805817856712],[2.3213996173620535,48.798577856834136],[2.3189862865160946,48.80004358544426],[2.319077371403656,48.80029911393455]]],"rewind":true}},{"type":"Feature","properties":{"depname":"Val-de-Marne","bvonum":"0010","comcode":94003,"cancode":9402,"bvocode":"94003_10","cirname":"11ème circonscription","exp":727,"depcode":94,"cannum":4,"canname":"Cachan","comname":"Arcueil","ins":1063,"Art":6,"Mel":326,"Rou":36,"Mac":125,"Las":13,"vot":741,"circode":9411,"Lep":93,"Pec":13,"Zem":36,"Hid":14,"Jad":45,"Pou":8,"Dup":12,"top":"Mélenchon","area_error":-0.023715},"geometry":{"type":"Polygon","coordinates":[[[2.33525103391123,48.79580381459306],[2.334941460477877,48.79324222834265],[2.330054171571145,48.79280482990085],[2.32471242144866,48.79805817856712],[2.332850105991664,48.7984382278991],[2.33525103391123,48.79580381459306]]],"rewind":true}},{"type":"Feature","properties":{"depname":"Val-de-Marne","bvonum":"0011","comcode":94003,"cancode":9402,"bvocode":"94003_11","cirname":"11ème circonscription","exp":626,"depcode":94,"cannum":4,"canname":"Cachan","comname":"Arcueil","ins":882,"Art":1,"Mel":275,"Rou":39,"Mac":81,"Las":10,"vot":644,"circode":9411,"Lep":125,"Pec":7,"Zem":38,"Hid":3,"Jad":23,"Pou":6,"Dup":18,"top":"Mélenchon","area_error":0.00821},"geometry":{"type":"Polygon","coordinates":[[[2.330054171571145,48.79280482990085],[2.334941460477877,48.79324222834265],[2.3415270268438424,48.78405825629105],[2.341185467527015,48.78451547923112],[2.341066442021892,48.78467214715847],[2.3409443371694625,48.784826986726564],[2.34043243667828,48.7854270205759],[2.338818689468564,48.78727642261599],[2.3384376532843567,48.78768197023053],[2.3383657397735824,48.78761977779224],[2.33817774237046,48.7868752241656],[2.338124571947736,48.786612849386586],[2.338093648668947,48.78645501139083],[2.338091733248391,48.786445493433654],[2.3380081666866888,48.786228887609475],[2.3379055974176985,48.78631996368777],[2.337456590433928,48.7867156834475],[2.3373000547313274,48.78685485054341],[2.3347704202696593,48.78875393914097],[2.334254467554235,48.78904050668293],[2.3332395968850235,48.78945656352739],[2.332391082976956,48.78973868344369],[2.330082752907079,48.7901115627725],[2.3294907240438065,48.79016536274657],[2.328052105314813,48.79039274658677],[2.3274682779652816,48.79081711703102],[2.330054171571145,48.79280482990085]]],"rewind":true}},{"type":"Feature","properties":{"depname":"Val-de-Marne","bvonum":"0012","comcode":94003,"cancode":9402,"bvocode":"94003_12","cirname":"11ème circonscription","exp":760,"depcode":94,"cannum":4,"canname":"Cachan","comname":"Arcueil","ins":1165,"Art":7,"Mel":311,"Rou":29,"Mac":182,"Las":6,"vot":771,"circode":9411,"Lep":85,"Pec":21,"Zem":62,"Hid":9,"Jad":33,"Pou":8,"Dup":7,"top":"Mélenchon","area_error":-0.00823},"geometry":{"type":"Polygon","coordinates":[[[2.334941460477877,48.79324222834265],[2.33525103391123,48.79580381459306],[2.338146025651057,48.7959400589914],[2.3382529213566823,48.79582223075934],[2.3389407900245733,48.7951596210085],[2.338775467754494,48.794171493173586],[2.3387684182817066,48.79343926957792],[2.33880633575651,48.793046118340065],[2.338995859136605,48.79198448132077],[2.339266462498173,48.791701680686145],[2.3417323124670975,48.789038008127456],[2.341686200594983,48.78880400932586],[2.3430027461464635,48.78742109192672],[2.343007651253326,48.78727412894],[2.3433030134256274,48.78696161012694],[2.34325194126404,48.78659309426102],[2.34292894319312,48.78480739047727],[2.3440218975373526,48.7833422379279],[2.3443764840579755,48.7828729669176],[2.3442282384046873,48.78277871677425],[2.3444540214829974,48.78236926157127],[2.3442965472966786,48.782199938449914],[2.3441891182172663,48.7821101151235],[2.343524631079433,48.782378010767765],[2.3431061862887725,48.7825648080571],[2.3432545275636576,48.78229543740797],[2.3438737223481843,48.78113053806921],[2.343424312057855,48.781320315267415],[2.342640374242622,48.7825423653898],[2.3419550867204975,48.783496502124024],[2.3415270268438424,48.78405825629105],[2.334941460477877,48.79324222834265]]],"rewind":true}},{"type":"Feature","properties":{"depname":"Val-de-Marne","bvonum":"0002","comcode":94003,"cancode":9402,"bvocode":"94003_2","cirname":"11ème circonscription","exp":752,"depcode":94,"cannum":4,"canname":"Cachan","comname":"Arcueil","ins":1006,"Art":1,"Mel":285,"Rou":19,"Mac":214,"Las":13,"vot":770,"circode":9411,"Lep":65,"Pec":24,"Zem":28,"Hid":18,"Jad":64,"Pou":5,"Dup":16,"top":"Mélenchon","area_error":0.019708},"geometry":{"type":"Polygon","coordinates":[[[2.33525103391123,48.79580381459306],[2.332850105991664,48.7984382278991],[2.3280214541470383,48.80241221817493],[2.3300207831337274,48.803920542394174],[2.3326322337500276,48.80488009642853],[2.333472177181523,48.80404137142595],[2.33451411362517,48.803198881718615],[2.334876579383244,48.80299161511025],[2.33484997870496,48.80246702820977],[2.3347872553046427,48.80136638558627],[2.3348384022348676,48.8013335399134],[2.3361384705806687,48.80081656835113],[2.3361766398100263,48.798021230264354],[2.338146025651057,48.7959400589914],[2.33525103391123,48.79580381459306]]],"rewind":true}},{"type":"Feature","properties":{"depname":"Val-de-Marne","bvonum":"0003","comcode":94003,"cancode":9402,"bvocode":"94003_3","cirname":"11ème circonscription","exp":676,"depcode":94,"cannum":4,"canname":"Cachan","comname":"Arcueil","ins":940,"Art":5,"Mel":321,"Rou":26,"Mac":139,"Las":10,"vot":687,"circode":9411,"Lep":76,"Pec":15,"Zem":39,"Hid":9,"Jad":19,"Pou":8,"Dup":9,"top":"Mélenchon","area_error":0.013934},"geometry":{"type":"Polygon","coordinates":[[[2.327105658425444,48.8086067732456],[2.3184509317056783,48.80796348309526],[2.31639923926104,48.80921849473373],[2.3179837504604675,48.81237337392478],[2.319124976669111,48.8124383819426],[2.3215721887584193,48.812276564124964],[2.322593587371357,48.812174460238474],[2.3227057394933124,48.8121631602663],[2.3228201737487693,48.81243029140688],[2.3238773592009476,48.81223939085145],[2.3237062362344307,48.81173599481572],[2.3261760678987815,48.8111356104446],[2.327105658425444,48.8086067732456]]],"rewind":true}},{"type":"Feature","properties":{"depname":"Val-de-Marne","bvonum":"0004","comcode":94003,"cancode":9402,"bvocode":"94003_4","cirname":"11ème circonscription","exp":665,"depcode":94,"cannum":4,"canname":"Cachan","comname":"Arcueil","ins":937,"Art":3,"Mel":329,"Rou":29,"Mac":126,"Las":9,"vot":685,"circode":9411,"Lep":79,"Pec":15,"Zem":28,"Hid":10,"Jad":23,"Pou":7,"Dup":7,"top":"Mélenchon","area_error":0.009047},"geometry":{"type":"Polygon","coordinates":[[[2.3300207831337274,48.803920542394174],[2.327105658425444,48.8086067732456],[2.3261760678987815,48.8111356104446],[2.326249702660349,48.8111114427386],[2.32632469420458,48.8114998270827],[2.326445065939194,48.8116721112875],[2.3265265361344327,48.81249264978286],[2.3272246097852864,48.812243797733736],[2.328524774893532,48.81212904817376],[2.32907687160308,48.81208695064423],[2.329709317764132,48.81150462336068],[2.3298269799160725,48.8121397857272],[2.3310540502709407,48.81136043890569],[2.3309526959425053,48.81117468849413],[2.331721744143354,48.81051386789812],[2.332084996228472,48.81019056254003],[2.332542705136588,48.80976715776236],[2.3329928432629066,48.8093209727888],[2.332522377116947,48.80735048701225],[2.332509766625189,48.80729466799973],[2.3321609758979043,48.8057442930069],[2.3322136305681167,48.80550781558646],[2.3326322337500276,48.80488009642853],[2.3300207831337274,48.803920542394174]]],"rewind":true}},{"type":"Feature","properties":{"depname":"Val-de-Marne","bvonum":"0005","comcode":94003,"cancode":9402,"bvocode":"94003_5","cirname":"11ème circonscription","exp":1045,"depcode":94,"cannum":4,"canname":"Cachan","comname":"Arcueil","ins":1377,"Art":2,"Mel":402,"Rou":30,"Mac":324,"Las":9,"vot":1071,"circode":9411,"Lep":54,"Pec":44,"Zem":49,"Hid":18,"Jad":90,"Pou":6,"Dup":17,"top":"Mélenchon","area_error":-0.037642},"geometry":{"type":"Polygon","coordinates":[[[2.3184509317056783,48.80796348309526],[2.327105658425444,48.8086067732456],[2.3300207831337274,48.803920542394174],[2.3280214541470383,48.80241221817493],[2.323286657798553,48.80184613686495],[2.3184509317056783,48.80796348309526]]],"rewind":true}},{"type":"Feature","properties":{"depname":"Val-de-Marne","bvonum":"0006","comcode":94003,"cancode":9402,"bvocode":"94003_6","cirname":"11ème circonscription","exp":744,"depcode":94,"cannum":4,"canname":"Cachan","comname":"Arcueil","ins":1070,"Art":4,"Mel":294,"Rou":44,"Mac":204,"Las":10,"vot":769,"circode":9411,"Lep":68,"Pec":24,"Zem":39,"Hid":6,"Jad":34,"Pou":7,"Dup":10,"top":"Mélenchon","area_error":0.002648},"geometry":{"type":"Polygon","coordinates":[[[2.3140892346303255,48.80476857789373],[2.31639923926104,48.80921849473373],[2.3184509317056783,48.80796348309526],[2.323286657798553,48.80184613686495],[2.319077371403656,48.80029911393455],[2.3140892346303255,48.80476857789373]]],"rewind":true}},{"type":"Feature","properties":{"depname":"Val-de-Marne","bvonum":"0007","comcode":94003,"cancode":9402,"bvocode":"94003_7","cirname":"11ème circonscription","exp":767,"depcode":94,"cannum":4,"canname":"Cachan","comname":"Arcueil","ins":1042,"Art":8,"Mel":241,"Rou":19,"Mac":229,"Las":7,"vot":786,"circode":9411,"Lep":69,"Pec":31,"Zem":80,"Hid":5,"Jad":62,"Pou":3,"Dup":13,"top":"Mélenchon","area_error":0.019054},"geometry":{"type":"Polygon","coordinates":[[[2.319077371403656,48.80029911393455],[2.3189862865160946,48.80004358544426],[2.314681168926521,48.79872569663823],[2.313559969252787,48.80002562046193],[2.3087549556067373,48.800598794646675],[2.30931189631189,48.8052125350907],[2.3140892346303255,48.80476857789373],[2.319077371403656,48.80029911393455]]],"rewind":true}},{"type":"Feature","properties":{"depname":"Val-de-Marne","bvonum":"0008","comcode":94003,"cancode":9402,"bvocode":"94003_8","cirname":"11ème circonscription","exp":869,"depcode":94,"cannum":4,"canname":"Cachan","comname":"Arcueil","ins":1148,"Art":3,"Mel":345,"Rou":24,"Mac":243,"Las":7,"vot":886,"circode":9411,"Lep":76,"Pec":28,"Zem":41,"Hid":21,"Jad":66,"Pou":7,"Dup":8,"top":"Mélenchon","area_error":-0.003309},"geometry":{"type":"Polygon","coordinates":[[[2.3189862865160946,48.80004358544426],[2.3213996173620535,48.798577856834136],[2.32216074183424,48.792182668253915],[2.3219193617249956,48.79224430211848],[2.321239312219596,48.79239750015196],[2.319327337278608,48.79270948538202],[2.3183606181514143,48.793478374223426],[2.3181540092223187,48.79358783809309],[2.317032053135204,48.793921942615185],[2.316654011942611,48.794064730569076],[2.315929273380606,48.79428505289717],[2.31545043618854,48.79442023288968],[2.314428602003638,48.7948785946042],[2.314103915091011,48.795028095615265],[2.314681168926521,48.79872569663823],[2.3189862865160946,48.80004358544426]]],"rewind":true}},{"type":"Feature","properties":{"depname":"Val-de-Marne","bvonum":"0009","comcode":94003,"cancode":9402,"bvocode":"94003_9","cirname":"11ème circonscription","exp":697,"depcode":94,"cannum":4,"canname":"Cachan","comname":"Arcueil","ins":1047,"Art":4,"Mel":332,"Rou":30,"Mac":118,"Las":15,"vot":709,"circode":9411,"Lep":83,"Pec":16,"Zem":34,"Hid":5,"Jad":40,"Pou":12,"Dup":8,"top":"Mélenchon","area_error":-0.010781},"geometry":{"type":"Polygon","coordinates":[[[2.3213996173620535,48.798577856834136],[2.32471242144866,48.79805817856712],[2.330054171571145,48.79280482990085],[2.3274682779652816,48.79081711703102],[2.327041064524501,48.79109884337593],[2.3268831259376515,48.791152321497066],[2.326326729474655,48.79122631426037],[2.3262681983805282,48.7914396449673],[2.324144684438441,48.791942918761684],[2.32412492035701,48.7917286284875],[2.323722354660883,48.7918674686182],[2.32309506434252,48.79200980469427],[2.32303099679888,48.7920193556013],[2.3224297851494846,48.7921100715997],[2.32216074183424,48.792182668253915],[2.3213996173620535,48.798577856834136]]],"rewind":true}},{"type":"Feature","properties":{"depname":"Val-de-Marne","bvonum":"0001","comcode":94004,"cancode":9416,"bvocode":"94004_1","cirname":"3ème circonscription","exp":871,"depcode":94,"cannum":9,"canname":"Plateau briard","comname":"Boissy-Saint-Léger","ins":1183,"Art":4,"Mel":270,"Rou":11,"Mac":197,"Las":24,"vot":893,"circode":9403,"Lep":155,"Pec":47,"Zem":64,"Hid":17,"Jad":41,"Pou":7,"Dup":34,"top":"Mélenchon","area_error":-0.003838},"geometry":{"type":"Polygon","coordinates":[[[2.55503303992479,48.73344206724817],[2.56026162151431,48.73162125095425],[2.560166492519234,48.731463166275276],[2.56000062579559,48.73122801516731],[2.5599124570954435,48.731161197114],[2.5591348559907163,48.730690546657236],[2.5588274054197155,48.730518515084334],[2.5575722392458453,48.72991753884738],[2.556557458004734,48.72955479888695],[2.554576644381777,48.7291081866375],[2.555176840441098,48.72857571286311],[2.5554721885031535,48.728405669278025],[2.5553251647184254,48.72840130986948],[2.554547527146577,48.728406415624264],[2.5521440851233423,48.72824493718614],[2.551323362921482,48.7281150597695],[2.551089823934519,48.728264100139114],[2.5501395991135376,48.72879300007285],[2.5497916370798483,48.729028365277486],[2.548692968005152,48.7294209461278],[2.5484763038500553,48.72947005437957],[2.5480832810198812,48.72957581531337],[2.5478383696616933,48.72970208132092],[2.5477661625927985,48.72986008618738],[2.547680444148022,48.7300326556472],[2.5475274935680665,48.73018486901403],[2.547073726292428,48.730558364356845],[2.546626565638864,48.730819345990525],[2.5461793035294424,48.73105258526014],[2.54568873848946,48.7312438714155],[2.545191780311691,48.73142742746271],[2.55503303992479,48.73344206724817]]],"rewind":true}},{"type":"Feature","properties":{"depname":"Val-de-Marne","bvonum":"0002","comcode":94004,"cancode":9416,"bvocode":"94004_2","cirname":"3ème circonscription","exp":838,"depcode":94,"cannum":9,"canname":"Plateau briard","comname":"Boissy-Saint-Léger","ins":1109,"Art":4,"Mel":272,"Rou":25,"Mac":217,"Las":20,"vot":852,"circode":9403,"Lep":158,"Pec":30,"Zem":36,"Hid":14,"Jad":40,"Pou":5,"Dup":17,"top":"Mélenchon","area_error":-0.003226},"geometry":{"type":"Polygon","coordinates":[[[2.540358150805342,48.73616209859824],[2.5415649220993264,48.73692852616286],[2.5550638453170023,48.733519606129384],[2.55503303992479,48.73344206724817],[2.545191780311691,48.73142742746271],[2.5433632955388092,48.7320077403848],[2.5422446407810284,48.73250322204466],[2.541517736558743,48.73279103930238],[2.540358150805342,48.73616209859824]]],"rewind":true}},{"type":"Feature","properties":{"depname":"Val-de-Marne","bvonum":"0003","comcode":94004,"cancode":9416,"bvocode":"94004_3","cirname":"3ème circonscription","exp":696,"depcode":94,"cannum":9,"canname":"Plateau briard","comname":"Boissy-Saint-Léger","ins":937,"Art":0,"Mel":171,"Rou":19,"Mac":209,"Las":11,"vot":715,"circode":9403,"Lep":124,"Pec":44,"Zem":57,"Hid":8,"Jad":23,"Pou":4,"Dup":26,"top":"Macron","area_error":-0.005493},"geometry":{"type":"Polygon","coordinates":[[[2.5550638453170023,48.733519606129384],[2.5415649220993264,48.73692852616286],[2.5415235794955313,48.737332532583416],[2.54249177413458,48.7390842577509],[2.54336904341709,48.73903037108254],[2.54399893445485,48.73907129761077],[2.5447018923568874,48.73879497720215],[2.545142518545384,48.7386354221584],[2.545804685513544,48.73838510537879],[2.546686614194875,48.73806259745776],[2.5473852037956455,48.737807336753164],[2.548433614414033,48.73745825384693],[2.549452375906143,48.737130028079825],[2.5518541034850353,48.736575215366884],[2.552221590283003,48.73651636070202],[2.552508094458785,48.7365125155739],[2.556438814632837,48.736343159252066],[2.557192042834726,48.73634283418432],[2.5550638453170023,48.733519606129384]]],"rewind":true}},{"type":"Feature","properties":{"depname":"Val-de-Marne","bvonum":"0004","comcode":94004,"cancode":9416,"bvocode":"94004_4","cirname":"3ème circonscription","exp":648,"depcode":94,"cannum":9,"canname":"Plateau briard","comname":"Boissy-Saint-Léger","ins":823,"Art":0,"Mel":157,"Rou":19,"Mac":201,"Las":19,"vot":664,"circode":9403,"Lep":128,"Pec":31,"Zem":42,"Hid":8,"Jad":25,"Pou":3,"Dup":15,"top":"Macron","area_error":0.024425},"geometry":{"type":"Polygon","coordinates":[[[2.55503303992479,48.73344206724817],[2.5550638453170023,48.733519606129384],[2.557192042834726,48.73634283418432],[2.5576541780303237,48.736344789364914],[2.5579482475350552,48.73635278121158],[2.5586815292962157,48.73643295278383],[2.5593716233085466,48.73714100066385],[2.559916211523798,48.73731594525266],[2.5604759785106967,48.73752799897095],[2.5611292035451356,48.73792440114544],[2.561910387840232,48.73836829617332],[2.56246971116891,48.7386116888554],[2.563939258218641,48.739204368793175],[2.5645183196994266,48.73945042455776],[2.5645520917844022,48.73946264300908],[2.565131621483539,48.739671393947155],[2.566826942427757,48.740231483269625],[2.5670797360645934,48.74028836061652],[2.567298318510055,48.74034650039167],[2.5674546637985944,48.74039208985686],[2.567702212477098,48.74046381795323],[2.568208210061682,48.74061659525567],[2.5680295001251245,48.740265542407414],[2.5671188416344863,48.739997201484435],[2.5667443943668133,48.73988861592385],[2.566082940865825,48.73937652167805],[2.5657079910928187,48.73908810411513],[2.565322915412928,48.738822108876334],[2.5649023958656114,48.73853100012464],[2.563410186520951,48.7380888832513],[2.562043120082953,48.737471725507824],[2.56065574152019,48.73546080831427],[2.564189372680268,48.7364345055009],[2.564036213565543,48.73628574884009],[2.563535126067143,48.73576168795774],[2.5632050814897585,48.73535665837819],[2.561925167372161,48.73409390774784],[2.5615856214583648,48.733741152475744],[2.561147494784535,48.73317865124028],[2.560920719991134,48.73291421529754],[2.560609744972006,48.7324622046367],[2.5603096172666944,48.73171286841173],[2.56026162151431,48.73162125095425],[2.55503303992479,48.73344206724817]]],"rewind":true}},{"type":"Feature","properties":{"depname":"Val-de-Marne","bvonum":"0005","comcode":94004,"cancode":9416,"bvocode":"94004_5","cirname":"3ème circonscription","exp":736,"depcode":94,"cannum":9,"canname":"Plateau briard","comname":"Boissy-Saint-Léger","ins":1056,"Art":3,"Mel":275,"Rou":27,"Mac":173,"Las":13,"vot":752,"circode":9403,"Lep":125,"Pec":27,"Zem":33,"Hid":17,"Jad":25,"Pou":3,"Dup":15,"top":"Mélenchon","area_error":-0.018284},"geometry":{"type":"Polygon","coordinates":[[[2.540358150805342,48.73616209859824],[2.541517736558743,48.73279103930238],[2.540760191218892,48.733064615566924],[2.5406137185951163,48.7331332556757],[2.5395534269025046,48.732788808163214],[2.539234844360996,48.73270488485415],[2.539009373738889,48.73266704297716],[2.538283269135039,48.732568127972925],[2.53778681795564,48.7325185105385],[2.5362261177514047,48.73242330263947],[2.5349267044281314,48.732444450150965],[2.53488022809545,48.732453420661884],[2.534101746734465,48.73265629991797],[2.5327089680593358,48.7330660722736],[2.531731430213987,48.73353650418605],[2.530554490070806,48.733411380985075],[2.530331359232288,48.7336179696843],[2.529994961092472,48.73388288464298],[2.52979070447853,48.734072689927864],[2.5297352866111824,48.734139062007635],[2.52966823895519,48.7342249181828],[2.5297977650333148,48.73422711957646],[2.5295286131678014,48.7344048186509],[2.528675949665914,48.73491948375235],[2.5291701824626873,48.734956506714866],[2.528454733920594,48.73549829073418],[2.527643279851908,48.736196414683626],[2.527597446041753,48.73621301068518],[2.540358150805342,48.73616209859824]]],"rewind":true}},{"type":"Feature","properties":{"depname":"Val-de-Marne","bvonum":"0006","comcode":94004,"cancode":9416,"bvocode":"94004_6","cirname":"3ème circonscription","exp":658,"depcode":94,"cannum":9,"canname":"Plateau briard","comname":"Boissy-Saint-Léger","ins":1053,"Art":5,"Mel":388,"Rou":12,"Mac":128,"Las":6,"vot":674,"circode":9403,"Lep":69,"Pec":15,"Zem":17,"Hid":3,"Jad":11,"Pou":2,"Dup":2,"top":"Mélenchon","area_error":-0.024427},"geometry":{"type":"Polygon","coordinates":[[[2.5259788602706865,48.73957530722238],[2.5415235794955313,48.737332532583416],[2.5415649220993264,48.73692852616286],[2.540358150805342,48.73616209859824],[2.527597446041753,48.73621301068518],[2.5273407194888247,48.7363013881852],[2.5242995537327273,48.73763657671774],[2.524048274381522,48.73756236045382],[2.5236109508995392,48.7377136838431],[2.523279261514319,48.73782763360992],[2.5228713584765257,48.73798749256415],[2.5226419438026415,48.73809210380936],[2.5259788602706865,48.73957530722238]]],"rewind":true}},{"type":"Feature","properties":{"depname":"Val-de-Marne","bvonum":"0007","comcode":94004,"cancode":9416,"bvocode":"94004_7","cirname":"3ème circonscription","exp":560,"depcode":94,"cannum":9,"canname":"Plateau briard","comname":"Boissy-Saint-Léger","ins":843,"Art":1,"Mel":214,"Rou":26,"Mac":152,"Las":7,"vot":580,"circode":9403,"Lep":66,"Pec":22,"Zem":33,"Hid":12,"Jad":11,"Pou":1,"Dup":15,"top":"Mélenchon","area_error":0.06634},"geometry":{"type":"Polygon","coordinates":[[[2.5415235794955313,48.737332532583416],[2.5259788602706865,48.73957530722238],[2.525953352990142,48.741898921356885],[2.542286857347536,48.739110176537935],[2.54249177413458,48.7390842577509],[2.5415235794955313,48.737332532583416]]],"rewind":true}},{"type":"Feature","properties":{"depname":"Val-de-Marne","bvonum":"0008","comcode":94004,"cancode":9416,"bvocode":"94004_8","cirname":"3ème circonscription","exp":550,"depcode":94,"cannum":9,"canname":"Plateau briard","comname":"Boissy-Saint-Léger","ins":912,"Art":2,"Mel":294,"Rou":8,"Mac":114,"Las":6,"vot":565,"circode":9403,"Lep":58,"Pec":17,"Zem":19,"Hid":6,"Jad":11,"Pou":3,"Dup":12,"top":"Mélenchon","area_error":-0.055387},"geometry":{"type":"Polygon","coordinates":[[[2.525953352990142,48.741898921356885],[2.5259788602706865,48.73957530722238],[2.5226419438026415,48.73809210380936],[2.522446852435853,48.73817982502277],[2.521353330452248,48.73871582956347],[2.5204477172552986,48.73924497878201],[2.520103669679129,48.73948070818633],[2.517833684342142,48.7413591952624],[2.5167473514400465,48.7422825950986],[2.51639325838722,48.7426126318366],[2.51582338103622,48.7431965808287],[2.514874448281126,48.74429107157343],[2.525953352990142,48.741898921356885]]],"rewind":true}},{"type":"Feature","properties":{"depname":"Val-de-Marne","bvonum":"0009","comcode":94004,"cancode":9416,"bvocode":"94004_9","cirname":"3ème circonscription","exp":642,"depcode":94,"cannum":9,"canname":"Plateau briard","comname":"Boissy-Saint-Léger","ins":953,"Art":4,"Mel":307,"Rou":20,"Mac":128,"Las":6,"vot":654,"circode":9403,"Lep":87,"Pec":20,"Zem":28,"Hid":8,"Jad":15,"Pou":6,"Dup":13,"top":"Mélenchon","area_error":0.02888},"geometry":{"type":"Polygon","coordinates":[[[2.525953352990142,48.741898921356885],[2.514874448281126,48.74429107157343],[2.514608010721572,48.744495330260975],[2.5160048004405686,48.744767859498566],[2.51642626683992,48.74482443481935],[2.5174089492738307,48.7449499356252],[2.52043959523834,48.7450391463063],[2.5212117346614944,48.74505592669909],[2.521837087045331,48.74504782441383],[2.525599153377505,48.744719959126684],[2.5269668137351924,48.74415381167695],[2.527888535964998,48.7437470691586],[2.5288004525614722,48.7432949174334],[2.532295097010756,48.74178508960627],[2.5329560936941315,48.741761913784956],[2.5339163635258632,48.741411403872426],[2.534650164455974,48.74133263028784],[2.5368313144152523,48.7406346141981],[2.538328353359047,48.7401721761812],[2.5398948092399087,48.7397227136997],[2.5418651413378544,48.739171397517715],[2.542286857347536,48.739110176537935],[2.525953352990142,48.741898921356885]]],"rewind":true}},{"type":"Feature","properties":{"depname":"Val-de-Marne","bvonum":"0001","comcode":94011,"cancode":9418,"bvocode":"94011_1","cirname":"1ère circonscription","exp":677,"depcode":94,"cannum":11,"canname":"Saint-Maur-des-Fossés-2","comname":"Bonneuil-sur-Marne","ins":1016,"Art":5,"Mel":173,"Rou":29,"Mac":200,"Las":12,"vot":691,"circode":9401,"Lep":71,"Pec":34,"Zem":111,"Hid":5,"Jad":22,"Pou":4,"Dup":11,"top":"Macron","area_error":-0.042511},"geometry":{"type":"Polygon","coordinates":[[[2.503427804231291,48.7537315788566],[2.500436342212369,48.751604156083616],[2.4942748950776723,48.7475950563004],[2.4941411501671635,48.74774876586834],[2.4937999060461973,48.748123558824474],[2.49358699699759,48.74833189531278],[2.49289925649062,48.74785376704355],[2.49075761452123,48.7493133591644],[2.4913128160496942,48.749480879673584],[2.49100857509983,48.749714788375954],[2.4913811572486253,48.74981834696444],[2.490145926260632,48.75096943795392],[2.490903029112546,48.75108147526596],[2.491807462111302,48.7514256507458],[2.49293254732982,48.75208628206302],[2.4949225500067507,48.75291841842819],[2.503427804231291,48.7537315788566]]],"rewind":true}},{"type":"Feature","properties":{"depname":"Val-de-Marne","bvonum":"0010","comcode":94011,"cancode":9418,"bvocode":"94011_10","cirname":"1ère circonscription","exp":758,"depcode":94,"cannum":11,"canname":"Saint-Maur-des-Fossés-2","comname":"Bonneuil-sur-Marne","ins":1092,"Art":4,"Mel":396,"Rou":48,"Mac":104,"Las":8,"vot":783,"circode":9401,"Lep":112,"Pec":15,"Zem":46,"Hid":6,"Jad":8,"Pou":6,"Dup":5,"top":"Mélenchon","area_error":0.001774},"geometry":{"type":"Polygon","coordinates":[[[2.5060207214050076,48.74413185408586],[2.511973605617666,48.746744783572225],[2.5199528233748176,48.74647617335578],[2.519788936494877,48.74613579980637],[2.525599153377505,48.744719959126684],[2.521837087045331,48.74504782441383],[2.5212117346614944,48.74505592669909],[2.52043959523834,48.7450391463063],[2.5174089492738307,48.7449499356252],[2.51642626683992,48.74482443481935],[2.5160048004405686,48.744767859498566],[2.514608010721572,48.744495330260975],[2.5134869793523,48.744309289708],[2.5124511097849562,48.74401462679467],[2.511497072620379,48.7437688186104],[2.5111636134306847,48.74365961104415],[2.509471821245849,48.74303131317538],[2.5086831866915564,48.74274228058846],[2.50729255891871,48.74169923679952],[2.506188864561759,48.74105671295714],[2.505645133884597,48.74077897452583],[2.5048827172989947,48.74030838790063],[2.504479014922492,48.740007383842745],[2.5037543603859516,48.73964891228714],[2.503426653942393,48.7397722596568],[2.502709105953547,48.73996399636666],[2.5060207214050076,48.74413185408586]]],"rewind":true}},{"type":"Feature","properties":{"depname":"Val-de-Marne","bvonum":"0002","comcode":94011,"cancode":9418,"bvocode":"94011_2","cirname":"1ère circonscription","exp":600,"depcode":94,"cannum":11,"canname":"Saint-Maur-des-Fossés-2","comname":"Bonneuil-sur-Marne","ins":942,"Art":5,"Mel":261,"Rou":76,"Mac":82,"Las":5,"vot":617,"circode":9401,"Lep":110,"Pec":5,"Zem":23,"Hid":4,"Jad":9,"Pou":7,"Dup":13,"top":"Mélenchon","area_error":-0.027274},"geometry":{"type":"Polygon","coordinates":[[[2.511973605617666,48.746744783572225],[2.511210869881424,48.7473153025637],[2.51738313730815,48.7499895041611],[2.5262570503976387,48.74845306898898],[2.5261558151851,48.7481099404534],[2.525922606976141,48.7476199860098],[2.526286999079695,48.74731799286749],[2.5262874156884454,48.74710504959643],[2.526218461845289,48.7469152631344],[2.5254342629473228,48.74639028655598],[2.5231461535347433,48.7470192745197],[2.5199762682018454,48.74656094509007],[2.5199528233748176,48.74647617335578],[2.511973605617666,48.746744783572225]]],"rewind":true}},{"type":"Feature","properties":{"depname":"Val-de-Marne","bvonum":"0003","comcode":94011,"cancode":9418,"bvocode":"94011_3","cirname":"1ère circonscription","exp":534,"depcode":94,"cannum":11,"canname":"Saint-Maur-des-Fossés-2","comname":"Bonneuil-sur-Marne","ins":721,"Art":2,"Mel":148,"Rou":13,"Mac":152,"Las":7,"vot":540,"circode":9401,"Lep":52,"Pec":30,"Zem":104,"Hid":4,"Jad":12,"Pou":6,"Dup":4,"top":"Macron","area_error":0.189492},"geometry":{"type":"Polygon","coordinates":[[[2.511521240889126,48.75231795469996],[2.503427804231291,48.7537315788566],[2.4949225500067507,48.75291841842819],[2.495347043151336,48.753092937766],[2.496809564734683,48.75357575279106],[2.496686360461976,48.75364929244993],[2.49585826473413,48.753949449053245],[2.493954447151356,48.754674864779275],[2.4967751260237154,48.75453391140442],[2.4993094916311813,48.75470747330751],[2.497660958348167,48.75582357099527],[2.4976246099405737,48.7558993738633],[2.4971954509945467,48.75630100724151],[2.497017620127966,48.75645903085612],[2.4968105304098476,48.75667323338385],[2.4957283500383873,48.75772674162047],[2.4967738579786385,48.757139137556365],[2.4981503880938423,48.756123183608],[2.4985303356322865,48.75597660711168],[2.50012094469028,48.75573075096036],[2.5000136983389476,48.755798758797624],[2.501041688153121,48.7557155915517],[2.5017215140433815,48.75528357921591],[2.5032654757443575,48.755109408329],[2.5029774620664575,48.75531875125463],[2.502922847409769,48.75539203770367],[2.50264917637296,48.7556055767487],[2.502200272518289,48.75589179278292],[2.5021246702446276,48.75598316592197],[2.5014339731507325,48.75634353941208],[2.50091611999851,48.75664854520324],[2.5007418118929525,48.7569288427983],[2.5000817041837173,48.75739098867592],[2.5001603635653966,48.757401188074354],[2.500522392166815,48.757312289353834],[2.50048870559192,48.75745974674295],[2.500511620922295,48.7574854395819],[2.500645157835293,48.7574489437139],[2.500305674109266,48.75777987983203],[2.500227793355956,48.75800772641295],[2.4993509840474673,48.758863630411916],[2.4983031784071255,48.75981613694636],[2.4970700153099328,48.7607992905707],[2.4977681046590687,48.76030425606085],[2.4994130729840354,48.75910696963158],[2.5011308774413,48.7579346971217],[2.504898063494163,48.75561055339639],[2.50659463071839,48.7549830435945],[2.507219759273728,48.754857908154],[2.511521240889126,48.75231795469996]]],"rewind":true}},{"type":"Feature","properties":{"depname":"Val-de-Marne","bvonum":"0004","comcode":94011,"cancode":9418,"bvocode":"94011_4","cirname":"1ère circonscription","exp":820,"depcode":94,"cannum":11,"canname":"Saint-Maur-des-Fossés-2","comname":"Bonneuil-sur-Marne","ins":1170,"Art":6,"Mel":273,"Rou":44,"Mac":240,"Las":8,"vot":839,"circode":9401,"Lep":103,"Pec":27,"Zem":60,"Hid":6,"Jad":40,"Pou":2,"Dup":11,"top":"Mélenchon","area_error":0.041814},"geometry":{"type":"Polygon","coordinates":[[[2.51738313730815,48.7499895041611],[2.513210760534126,48.75167063815844],[2.511521240889126,48.75231795469996],[2.507219759273728,48.754857908154],[2.510888860784874,48.753702461717616],[2.514068323281218,48.75270061310009],[2.5169563587688026,48.7517370304287],[2.5183454339661075,48.75135421809327],[2.5190883267708917,48.751209382217745],[2.5213503535205763,48.75095786634456],[2.5228816383793156,48.75105986363638],[2.52348600399501,48.751248549003975],[2.5238470408094518,48.7514125930064],[2.525166261264916,48.75209623906427],[2.525684069356039,48.75240597007212],[2.526091645150226,48.752551230669326],[2.5290409560129286,48.75484232201164],[2.5310559261174164,48.756824271162714],[2.5319344761712617,48.757740732072214],[2.5327534735132016,48.75882170611244],[2.5328004982100216,48.7580177487553],[2.53332254598654,48.75852796202016],[2.533973706179502,48.758804577694924],[2.53363329704657,48.758289951791056],[2.53261678730822,48.7573447327092],[2.5324105411953144,48.75704610649351],[2.532041046740001,48.75658725808995],[2.5313985386945976,48.756002629356885],[2.53088541169455,48.75553021553172],[2.5300417914829225,48.754497185834246],[2.5284234396739524,48.7516515550467],[2.528298485747804,48.75126362567582],[2.5281402089779452,48.75093925254663],[2.5280847419710986,48.75077530823885],[2.527261856970915,48.74886955761266],[2.526772917298437,48.74877891616796],[2.52626610044382,48.74853165839996],[2.5262570503976387,48.74845306898898],[2.51738313730815,48.7499895041611]]],"rewind":true}},{"type":"Feature","properties":{"depname":"Val-de-Marne","bvonum":"0005","comcode":94011,"cancode":9418,"bvocode":"94011_5","cirname":"1ère circonscription","exp":657,"depcode":94,"cannum":11,"canname":"Saint-Maur-des-Fossés-2","comname":"Bonneuil-sur-Marne","ins":966,"Art":6,"Mel":324,"Rou":52,"Mac":122,"Las":9,"vot":664,"circode":9401,"Lep":77,"Pec":22,"Zem":23,"Hid":6,"Jad":7,"Pou":5,"Dup":4,"top":"Mélenchon","area_error":-0.009451},"geometry":{"type":"Polygon","coordinates":[[[2.503578360923955,48.75023250048992],[2.504715984676614,48.7485841466552],[2.4971954298225323,48.744783590800175],[2.496098787054831,48.74571288682885],[2.494604854977244,48.74726969381811],[2.4942748950776723,48.7475950563004],[2.500436342212369,48.751604156083616],[2.503578360923955,48.75023250048992]]],"rewind":true}},{"type":"Feature","properties":{"depname":"Val-de-Marne","bvonum":"0006","comcode":94011,"cancode":9418,"bvocode":"94011_6","cirname":"1ère circonscription","exp":611,"depcode":94,"cannum":11,"canname":"Saint-Maur-des-Fossés-2","comname":"Bonneuil-sur-Marne","ins":956,"Art":2,"Mel":360,"Rou":33,"Mac":77,"Las":7,"vot":631,"circode":9401,"Lep":82,"Pec":9,"Zem":16,"Hid":4,"Jad":10,"Pou":2,"Dup":9,"top":"Mélenchon","area_error":-0.02824},"geometry":{"type":"Polygon","coordinates":[[[2.503578360923955,48.75023250048992],[2.513210760534126,48.75167063815844],[2.51738313730815,48.7499895041611],[2.511210869881424,48.7473153025637],[2.504715984676614,48.7485841466552],[2.503578360923955,48.75023250048992]]],"rewind":true}},{"type":"Feature","properties":{"depname":"Val-de-Marne","bvonum":"0007","comcode":94011,"cancode":9418,"bvocode":"94011_7","cirname":"1ère circonscription","exp":418,"depcode":94,"cannum":11,"canname":"Saint-Maur-des-Fossés-2","comname":"Bonneuil-sur-Marne","ins":635,"Art":0,"Mel":204,"Rou":24,"Mac":69,"Las":3,"vot":431,"circode":9401,"Lep":73,"Pec":13,"Zem":15,"Hid":4,"Jad":7,"Pou":2,"Dup":4,"top":"Mélenchon","area_error":-0.004202},"geometry":{"type":"Polygon","coordinates":[[[2.511521240889126,48.75231795469996],[2.513210760534126,48.75167063815844],[2.503578360923955,48.75023250048992],[2.500436342212369,48.751604156083616],[2.503427804231291,48.7537315788566],[2.511521240889126,48.75231795469996]]],"rewind":true}},{"type":"Feature","properties":{"depname":"Val-de-Marne","bvonum":"0008","comcode":94011,"cancode":9418,"bvocode":"94011_8","cirname":"1ère circonscription","exp":566,"depcode":94,"cannum":11,"canname":"Saint-Maur-des-Fossés-2","comname":"Bonneuil-sur-Marne","ins":865,"Art":1,"Mel":259,"Rou":27,"Mac":128,"Las":4,"vot":589,"circode":9401,"Lep":77,"Pec":17,"Zem":27,"Hid":5,"Jad":15,"Pou":2,"Dup":4,"top":"Mélenchon","area_error":0.001309},"geometry":{"type":"Polygon","coordinates":[[[2.5060207214050076,48.74413185408586],[2.502709105953547,48.73996399636666],[2.5024605784212426,48.740023007013974],[2.50191553469406,48.74017508751139],[2.50056161093481,48.7406456683898],[2.4977052042732866,48.739817770897375],[2.4936396379203076,48.7404853044419],[2.4964261293744974,48.74219061727733],[2.4957689272765817,48.74263418839346],[2.496325323690331,48.74312007339966],[2.497951977192974,48.743772774828365],[2.5060207214050076,48.74413185408586]]],"rewind":true}},{"type":"Feature","properties":{"depname":"Val-de-Marne","bvonum":"0009","comcode":94011,"cancode":9418,"bvocode":"94011_9","cirname":"1ère circonscription","exp":721,"depcode":94,"cannum":11,"canname":"Saint-Maur-des-Fossés-2","comname":"Bonneuil-sur-Marne","ins":1051,"Art":5,"Mel":365,"Rou":57,"Mac":131,"Las":6,"vot":742,"circode":9401,"Lep":79,"Pec":18,"Zem":26,"Hid":9,"Jad":13,"Pou":3,"Dup":9,"top":"Mélenchon","area_error":0.000648},"geometry":{"type":"Polygon","coordinates":[[[2.504715984676614,48.7485841466552],[2.511210869881424,48.7473153025637],[2.511973605617666,48.746744783572225],[2.5060207214050076,48.74413185408586],[2.497951977192974,48.743772774828365],[2.4982505596668614,48.7439326715015],[2.497876233301886,48.7442330011319],[2.4971954298225323,48.744783590800175],[2.504715984676614,48.7485841466552]]],"rewind":true}},{"type":"Feature","properties":{"depname":"Val-de-Marne","bvonum":"0001","comcode":94015,"cancode":9422,"bvocode":"94015_1","cirname":"5ème circonscription","exp":803,"depcode":94,"cannum":21,"canname":"Villiers-sur-Marne","comname":"Bry-sur-Marne","ins":1038,"Art":3,"Mel":171,"Rou":15,"Mac":274,"Las":8,"vot":826,"circode":9405,"Lep":116,"Pec":49,"Zem":95,"Hid":14,"Jad":44,"Pou":3,"Dup":11,"top":"Macron","area_error":-0.006272},"geometry":{"type":"Polygon","coordinates":[[[2.5363074601613924,48.82362417216922],[2.5387615138792214,48.8227369453782],[2.5425575659692536,48.81901839733363],[2.5415061478007646,48.81104910163253],[2.537952533516073,48.81557327752234],[2.53816487770896,48.81688378238505],[2.5381086903231522,48.817728303047254],[2.5380313901444636,48.81825802379799],[2.53725333801752,48.82070659012266],[2.5366457642804146,48.822015347713354],[2.536319653856653,48.82254993952383],[2.535633047632656,48.82349439512172],[2.5363074601613924,48.82362417216922]]],"rewind":true}},{"type":"Feature","properties":{"depname":"Val-de-Marne","bvonum":"0010","comcode":94015,"cancode":9422,"bvocode":"94015_10","cirname":"5ème circonscription","exp":942,"depcode":94,"cannum":21,"canname":"Villiers-sur-Marne","comname":"Bry-sur-Marne","ins":1259,"Art":0,"Mel":299,"Rou":15,"Mac":272,"Las":14,"vot":970,"circode":9405,"Lep":153,"Pec":56,"Zem":73,"Hid":11,"Jad":27,"Pou":5,"Dup":17,"top":"Mélenchon","area_error":0.01014},"geometry":{"type":"Polygon","coordinates":[[[2.5415061478007646,48.81104910163253],[2.5425575659692536,48.81901839733363],[2.543386194946324,48.8201408724419],[2.548418323077859,48.821069558766624],[2.546772075124652,48.81820332729773],[2.54643695534129,48.816437084522036],[2.5466681824843045,48.81650368832776],[2.546057449818695,48.81233887661946],[2.54506600424577,48.81111079986241],[2.5445706364654024,48.81053558286843],[2.5438584298955664,48.8099583025074],[2.543503195325329,48.80754030791623],[2.5429108743602216,48.80821474771012],[2.542862409491575,48.808300368755276],[2.5422299213978885,48.8088825485074],[2.5417823096784615,48.809275899104435],[2.5415061478007646,48.81104910163253]]],"rewind":true}},{"type":"Feature","properties":{"depname":"Val-de-Marne","bvonum":"0003","comcode":94015,"cancode":9422,"bvocode":"94015_3","cirname":"5ème circonscription","exp":953,"depcode":94,"cannum":21,"canname":"Villiers-sur-Marne","comname":"Bry-sur-Marne","ins":1197,"Art":1,"Mel":103,"Rou":6,"Mac":450,"Las":6,"vot":969,"circode":9405,"Lep":90,"Pec":97,"Zem":117,"Hid":9,"Jad":60,"Pou":4,"Dup":10,"top":"Macron","area_error":0.022924},"geometry":{"type":"Polygon","coordinates":[[[2.5379863872403967,48.83418861298318],[2.5382204503546975,48.83354234964021],[2.5363074601613924,48.82362417216922],[2.535633047632656,48.82349439512172],[2.5341841351728323,48.82544884230316],[2.5336624231683564,48.82623637778535],[2.5335127354221663,48.826578466291984],[2.533286435614025,48.82749030228967],[2.53297169026817,48.8294320871146],[2.5328812656690327,48.83075323507023],[2.5328042694931825,48.831631625967255],[2.5327419818268693,48.83201173666649],[2.5325745518224108,48.83402009643862],[2.532513691337501,48.83486564029054],[2.532503298058289,48.835754663162],[2.5379863872403967,48.83418861298318]]],"rewind":true}},{"type":"Feature","properties":{"depname":"Val-de-Marne","bvonum":"0004","comcode":94015,"cancode":9422,"bvocode":"94015_4","cirname":"5ème circonscription","exp":941,"depcode":94,"cannum":21,"canname":"Villiers-sur-Marne","comname":"Bry-sur-Marne","ins":1173,"Art":2,"Mel":117,"Rou":10,"Mac":421,"Las":12,"vot":961,"circode":9405,"Lep":103,"Pec":91,"Zem":112,"Hid":12,"Jad":49,"Pou":1,"Dup":11,"top":"Macron","area_error":-0.00303},"geometry":{"type":"Polygon","coordinates":[[[2.5379863872403967,48.83418861298318],[2.532503298058289,48.835754663162],[2.532491640031952,48.83627837290267],[2.532546110559076,48.837648751357634],[2.532584697417799,48.8383640197402],[2.532675164369749,48.839030537002735],[2.532862236829549,48.83991724749788],[2.5328985089892515,48.840497610289916],[2.533002233222838,48.841059686256514],[2.5332149589319326,48.841405773067734],[2.53352914222329,48.84172275473454],[2.533621811945758,48.8421615737584],[2.534196100807363,48.8429870338841],[2.5356056457136025,48.84407291562732],[2.5383772425813715,48.838778880450946],[2.5401668349544457,48.83923918464352],[2.5379863872403967,48.83418861298318]]],"rewind":true}},{"type":"Feature","properties":{"depname":"Val-de-Marne","bvonum":"0005","comcode":94015,"cancode":9422,"bvocode":"94015_5","cirname":"5ème circonscription","exp":799,"depcode":94,"cannum":21,"canname":"Villiers-sur-Marne","comname":"Bry-sur-Marne","ins":999,"Art":0,"Mel":163,"Rou":14,"Mac":312,"Las":21,"vot":823,"circode":9405,"Lep":93,"Pec":48,"Zem":68,"Hid":10,"Jad":53,"Pou":6,"Dup":11,"top":"Macron","area_error":0.010829},"geometry":{"type":"Polygon","coordinates":[[[2.543287004077174,48.83104194875187],[2.5427874130453345,48.83100670361],[2.5382204503546975,48.83354234964021],[2.5379863872403967,48.83418861298318],[2.5401668349544457,48.83923918464352],[2.5424479679080334,48.83988186591517],[2.545001585177959,48.8338320836286],[2.543287004077174,48.83104194875187]]],"rewind":true}},{"type":"Feature","properties":{"depname":"Val-de-Marne","bvonum":"0006","comcode":94015,"cancode":9422,"bvocode":"94015_6","cirname":"5ème circonscription","exp":838,"depcode":94,"cannum":21,"canname":"Villiers-sur-Marne","comname":"Bry-sur-Marne","ins":1020,"Art":4,"Mel":160,"Rou":13,"Mac":307,"Las":13,"vot":851,"circode":9405,"Lep":83,"Pec":64,"Zem":83,"Hid":13,"Jad":76,"Pou":5,"Dup":17,"top":"Macron","area_error":-0.035247},"geometry":{"type":"Polygon","coordinates":[[[2.5382204503546975,48.83354234964021],[2.5427874130453345,48.83100670361],[2.5387615138792214,48.8227369453782],[2.5363074601613924,48.82362417216922],[2.5382204503546975,48.83354234964021]]],"rewind":true}},{"type":"Feature","properties":{"depname":"Val-de-Marne","bvonum":"0007","comcode":94015,"cancode":9422,"bvocode":"94015_7","cirname":"5ème circonscription","exp":745,"depcode":94,"cannum":21,"canname":"Villiers-sur-Marne","comname":"Bry-sur-Marne","ins":952,"Art":0,"Mel":160,"Rou":10,"Mac":279,"Las":12,"vot":755,"circode":9405,"Lep":89,"Pec":62,"Zem":67,"Hid":12,"Jad":39,"Pou":3,"Dup":12,"top":"Macron","area_error":0.006164},"geometry":{"type":"Polygon","coordinates":[[[2.5427874130453345,48.83100670361],[2.543287004077174,48.83104194875187],[2.5442747752698245,48.828901440179855],[2.543386194946324,48.8201408724419],[2.5425575659692536,48.81901839733363],[2.5387615138792214,48.8227369453782],[2.5427874130453345,48.83100670361]]],"rewind":true}},{"type":"Feature","properties":{"depname":"Val-de-Marne","bvonum":"0008","comcode":94015,"cancode":9422,"bvocode":"94015_8","cirname":"5ème circonscription","exp":1019,"depcode":94,"cannum":21,"canname":"Villiers-sur-Marne","comname":"Bry-sur-Marne","ins":1361,"Art":4,"Mel":238,"Rou":22,"Mac":373,"Las":23,"vot":1055,"circode":9405,"Lep":132,"Pec":55,"Zem":87,"Hid":12,"Jad":56,"Pou":3,"Dup":14,"top":"Macron","area_error":-0.003023},"geometry":{"type":"Polygon","coordinates":[[[2.5442747752698245,48.828901440179855],[2.543287004077174,48.83104194875187],[2.545001585177959,48.8338320836286],[2.550573662123008,48.834931754511274],[2.553972416684045,48.827238535310926],[2.5442747752698245,48.828901440179855]]],"rewind":true}},{"type":"Feature","properties":{"depname":"Val-de-Marne","bvonum":"0009","comcode":94015,"cancode":9422,"bvocode":"94015_9","cirname":"5ème circonscription","exp":954,"depcode":94,"cannum":21,"canname":"Villiers-sur-Marne","comname":"Bry-sur-Marne","ins":1251,"Art":2,"Mel":207,"Rou":7,"Mac":375,"Las":23,"vot":977,"circode":9405,"Lep":102,"Pec":70,"Zem":79,"Hid":9,"Jad":63,"Pou":6,"Dup":11,"top":"Macron","area_error":-0.013024},"geometry":{"type":"Polygon","coordinates":[[[2.543386194946324,48.8201408724419],[2.5442747752698245,48.828901440179855],[2.553972416684045,48.827238535310926],[2.5514770131085633,48.82692106947428],[2.5504991325231616,48.82658572102352],[2.550579860389347,48.8263743077112],[2.55091155337642,48.825673928739825],[2.551037634110518,48.82544998175377],[2.547749974343896,48.82267387039971],[2.548140100368239,48.82209785687425],[2.5484008022247613,48.82177334337727],[2.548813607361207,48.821564326160086],[2.548418323077859,48.821069558766624],[2.543386194946324,48.8201408724419]]],"rewind":true}},{"type":"Feature","properties":{"depname":"Val-de-Marne","bvonum":"0001","comcode":94016,"cancode":9402,"bvocode":"94016_1","cirname":"11ème circonscription","exp":817,"depcode":94,"cannum":4,"canname":"Cachan","comname":"Cachan","ins":1056,"Art":2,"Mel":304,"Rou":17,"Mac":228,"Las":9,"vot":837,"circode":9411,"Lep":65,"Pec":37,"Zem":38,"Hid":29,"Jad":74,"Pou":6,"Dup":8,"top":"Mélenchon","area_error":0.018505},"geometry":{"type":"Polygon","coordinates":[[[2.321710093726411,48.787316673768245],[2.321582317817657,48.788973317885386],[2.324928976990051,48.791736368575435],[2.3262681983805282,48.7914396449673],[2.326326729474655,48.79122631426037],[2.3268831259376515,48.791152321497066],[2.327041064524501,48.79109884337593],[2.328052105314813,48.79039274658677],[2.3294907240438065,48.79016536274657],[2.329954703250657,48.790123330445745],[2.331385782126753,48.78536144966364],[2.324832734086339,48.7861555384689],[2.321710093726411,48.787316673768245]]],"rewind":true}},{"type":"Feature","properties":{"depname":"Val-de-Marne","bvonum":"0010","comcode":94016,"cancode":9402,"bvocode":"94016_10","cirname":"11ème circonscription","exp":698,"depcode":94,"cannum":4,"canname":"Cachan","comname":"Cachan","ins":886,"Art":5,"Mel":252,"Rou":17,"Mac":211,"Las":15,"vot":708,"circode":9411,"Lep":47,"Pec":18,"Zem":27,"Hid":20,"Jad":70,"Pou":4,"Dup":12,"top":"Mélenchon","area_error":0.019101},"geometry":{"type":"Polygon","coordinates":[[[2.321582317817657,48.788973317885386],[2.3132772060843756,48.7911978549553],[2.314103915091011,48.795028095615265],[2.314428602003638,48.7948785946042],[2.31545043618854,48.79442023288968],[2.315929273380606,48.79428505289717],[2.316654011942611,48.794064730569076],[2.317032053135204,48.793921942615185],[2.3181540092223187,48.79358783809309],[2.3183606181514143,48.793478374223426],[2.319327337278608,48.79270948538202],[2.321239312219596,48.79239750015196],[2.3219193617249956,48.79224430211848],[2.3223119256776736,48.792143231713766],[2.322559335745056,48.79208777690336],[2.3228776306648515,48.79204192033909],[2.323087525083673,48.79201093244435],[2.32332696514187,48.7919755134458],[2.323699593944538,48.791875335302436],[2.32412492035701,48.7917286284875],[2.324144684438441,48.791942918761684],[2.324928976990051,48.791736368575435],[2.321582317817657,48.788973317885386]]],"rewind":true}},{"type":"Feature","properties":{"depname":"Val-de-Marne","bvonum":"0011","comcode":94016,"cancode":9402,"bvocode":"94016_11","cirname":"11ème circonscription","exp":835,"depcode":94,"cannum":4,"canname":"Cachan","comname":"Cachan","ins":1054,"Art":2,"Mel":309,"Rou":15,"Mac":263,"Las":18,"vot":848,"circode":9411,"Lep":51,"Pec":33,"Zem":41,"Hid":20,"Jad":79,"Pou":1,"Dup":3,"top":"Mélenchon","area_error":-0.029838},"geometry":{"type":"Polygon","coordinates":[[[2.321582317817657,48.788973317885386],[2.321710093726411,48.787316673768245],[2.3182270193274155,48.78520245699764],[2.312338711962969,48.785852121865915],[2.3132772060843756,48.7911978549553],[2.321582317817657,48.788973317885386]]],"rewind":true}},{"type":"Feature","properties":{"depname":"Val-de-Marne","bvonum":"0012","comcode":94016,"cancode":9402,"bvocode":"94016_12","cirname":"11ème circonscription","exp":662,"depcode":94,"cannum":4,"canname":"Cachan","comname":"Cachan","ins":905,"Art":3,"Mel":264,"Rou":19,"Mac":175,"Las":11,"vot":672,"circode":9411,"Lep":52,"Pec":25,"Zem":28,"Hid":16,"Jad":56,"Pou":2,"Dup":11,"top":"Mélenchon","area_error":0.011657},"geometry":{"type":"Polygon","coordinates":[[[2.321710093726411,48.787316673768245],[2.324832734086339,48.7861555384689],[2.324960718953913,48.78314168330456],[2.3203243652904137,48.7794179460861],[2.319555502319566,48.779843478977924],[2.3182270193274155,48.78520245699764],[2.321710093726411,48.787316673768245]]],"rewind":true}},{"type":"Feature","properties":{"depname":"Val-de-Marne","bvonum":"0013","comcode":94016,"cancode":9402,"bvocode":"94016_13","cirname":"11ème circonscription","exp":778,"depcode":94,"cannum":4,"canname":"Cachan","comname":"Cachan","ins":1060,"Art":5,"Mel":243,"Rou":16,"Mac":243,"Las":12,"vot":788,"circode":9411,"Lep":75,"Pec":37,"Zem":52,"Hid":14,"Jad":52,"Pou":6,"Dup":23,"top":"Mélenchon","area_error":-0.169941},"geometry":{"type":"Polygon","coordinates":[[[2.3296459111362893,48.77330108503253],[2.341755219565578,48.76600583686154],[2.3416773844177,48.76576703862487],[2.3408228830440847,48.76419913363932],[2.3396137445757863,48.76482124214636],[2.3395991873351636,48.764649831240064],[2.336600105726727,48.76611759862404],[2.3352163520169227,48.76689832416828],[2.3358133405952413,48.76809644009136],[2.3347888998453166,48.768449665517544],[2.334865028732282,48.76857532993197],[2.333891342207793,48.768902875368845],[2.3339229635372716,48.76920621374115],[2.3300489517977727,48.76967704733706],[2.3296178181977814,48.769816214355984],[2.3290471694944,48.770054693081335],[2.328188787516314,48.7704754499121],[2.327674071618091,48.770617494657465],[2.3274930046459867,48.77063764975102],[2.3296459111362893,48.77330108503253]]],"rewind":true}},{"type":"Feature","properties":{"depname":"Val-de-Marne","bvonum":"0014","comcode":94016,"cancode":9402,"bvocode":"94016_14","cirname":"11ème circonscription","exp":722,"depcode":94,"cannum":4,"canname":"Cachan","comname":"Cachan","ins":970,"Art":6,"Mel":266,"Rou":12,"Mac":187,"Las":10,"vot":738,"circode":9411,"Lep":62,"Pec":31,"Zem":37,"Hid":11,"Jad":76,"Pou":10,"Dup":14,"top":"Mélenchon","area_error":0.011197},"geometry":{"type":"Polygon","coordinates":[[[2.3399537415761174,48.778877120001816],[2.336767493508908,48.78226460173706],[2.339774371687997,48.78620412297625],[2.34043243667828,48.7854270205759],[2.3409443371694625,48.784826986726564],[2.341137826262761,48.7845785409127],[2.3419550867204975,48.783496502124024],[2.3425999211081883,48.7822613996197],[2.343107064432067,48.7811458242122],[2.343317461992632,48.780564935035464],[2.34362676695164,48.779554701586925],[2.3437680324160866,48.77898098996193],[2.343881212859743,48.7784062059827],[2.34394220294543,48.777883911030465],[2.3439665749980843,48.77741798405498],[2.3438795998003936,48.776378017285545],[2.343841661493545,48.775517395764126],[2.343837639471065,48.77475206824906],[2.3399537415761174,48.778877120001816]]],"rewind":true}},{"type":"Feature","properties":{"depname":"Val-de-Marne","bvonum":"0015","comcode":94016,"cancode":9402,"bvocode":"94016_15","cirname":"11ème circonscription","exp":996,"depcode":94,"cannum":4,"canname":"Cachan","comname":"Cachan","ins":1266,"Art":1,"Mel":409,"Rou":20,"Mac":313,"Las":5,"vot":1015,"circode":9411,"Lep":60,"Pec":32,"Zem":42,"Hid":18,"Jad":80,"Pou":8,"Dup":8,"top":"Mélenchon","area_error":-0.025313},"geometry":{"type":"Polygon","coordinates":[[[2.3203243652904137,48.7794179460861],[2.324960718953913,48.78314168330456],[2.3285576227107163,48.77999168894895],[2.331016011745525,48.774950031125],[2.3292822142839946,48.7749545520416],[2.3236078362571773,48.7761975142497],[2.3203243652904137,48.7794179460861]]],"rewind":true}},{"type":"Feature","properties":{"depname":"Val-de-Marne","bvonum":"0016","comcode":94016,"cancode":9402,"bvocode":"94016_16","cirname":"11ème circonscription","exp":728,"depcode":94,"cannum":4,"canname":"Cachan","comname":"Cachan","ins":933,"Art":2,"Mel":268,"Rou":26,"Mac":222,"Las":16,"vot":744,"circode":9411,"Lep":65,"Pec":23,"Zem":23,"Hid":13,"Jad":52,"Pou":7,"Dup":11,"top":"Mélenchon","area_error":0.033092},"geometry":{"type":"Polygon","coordinates":[[[2.334137903093116,48.78336781390772],[2.3355262308047164,48.78258415627605],[2.33358483630545,48.774436078106845],[2.331016011745525,48.774950031125],[2.3285576227107163,48.77999168894895],[2.334137903093116,48.78336781390772]]],"rewind":true}},{"type":"Feature","properties":{"depname":"Val-de-Marne","bvonum":"0017","comcode":94016,"cancode":9402,"bvocode":"94016_17","cirname":"11ème circonscription","exp":732,"depcode":94,"cannum":4,"canname":"Cachan","comname":"Cachan","ins":937,"Art":4,"Mel":272,"Rou":13,"Mac":225,"Las":6,"vot":744,"circode":9411,"Lep":42,"Pec":38,"Zem":44,"Hid":24,"Jad":42,"Pou":8,"Dup":14,"top":"Mélenchon","area_error":-0.031022},"geometry":{"type":"Polygon","coordinates":[[[2.324832734086339,48.7861555384689],[2.331385782126753,48.78536144966364],[2.334137903093116,48.78336781390772],[2.3285576227107163,48.77999168894895],[2.324960718953913,48.78314168330456],[2.324832734086339,48.7861555384689]]],"rewind":true}},{"type":"Feature","properties":{"depname":"Val-de-Marne","bvonum":"0002","comcode":94016,"cancode":9402,"bvocode":"94016_2","cirname":"11ème circonscription","exp":869,"depcode":94,"cannum":4,"canname":"Cachan","comname":"Cachan","ins":1082,"Art":5,"Mel":337,"Rou":15,"Mac":247,"Las":9,"vot":886,"circode":9411,"Lep":55,"Pec":31,"Zem":46,"Hid":33,"Jad":71,"Pou":6,"Dup":14,"top":"Mélenchon","area_error":-0.015917},"geometry":{"type":"Polygon","coordinates":[[[2.336767493508908,48.78226460173706],[2.3355262308047164,48.78258415627605],[2.334137903093116,48.78336781390772],[2.331385782126753,48.78536144966364],[2.329954703250657,48.790123330445745],[2.330082752907079,48.7901115627725],[2.332391082976956,48.78973868344369],[2.3332395968850235,48.78945656352739],[2.334254467554235,48.78904050668293],[2.3347704202696593,48.78875393914097],[2.3373000547313274,48.78685485054341],[2.337456590433928,48.7867156834475],[2.3379055974176985,48.78631996368777],[2.3380081666866888,48.786228887609475],[2.338091733248391,48.786445493433654],[2.338093648668947,48.78645501139083],[2.338124571947736,48.786612849386586],[2.33817774237046,48.7868752241656],[2.3383657397735824,48.78761977779224],[2.3384376532843567,48.78768197023053],[2.338818689468564,48.78727642261599],[2.339774371687997,48.78620412297625],[2.336767493508908,48.78226460173706]]],"rewind":true}},{"type":"Feature","properties":{"depname":"Val-de-Marne","bvonum":"0003","comcode":94016,"cancode":9402,"bvocode":"94016_3","cirname":"11ème circonscription","exp":644,"depcode":94,"cannum":4,"canname":"Cachan","comname":"Cachan","ins":935,"Art":4,"Mel":276,"Rou":18,"Mac":168,"Las":9,"vot":659,"circode":9411,"Lep":78,"Pec":19,"Zem":23,"Hid":15,"Jad":21,"Pou":6,"Dup":7,"top":"Mélenchon","area_error":0.060315},"geometry":{"type":"Polygon","coordinates":[[[2.3236078362571773,48.7761975142497],[2.3292822142839946,48.7749545520416],[2.3296459111362893,48.77330108503253],[2.3274930046459867,48.77063764975102],[2.3273104171422228,48.77064784994773],[2.3263862055234448,48.771045357366845],[2.325812787980887,48.77117945910608],[2.3256440770035445,48.7710751124971],[2.3244163189028377,48.7711500538734],[2.3242699685460417,48.76923427398757],[2.324369540780026,48.7684515119555],[2.323198763989058,48.7685937988294],[2.32321184573963,48.76776022648886],[2.3222628025327974,48.76862938397269],[2.322154119484921,48.76867722660875],[2.321002671077321,48.7689245280183],[2.3236078362571773,48.7761975142497]]],"rewind":true}},{"type":"Feature","properties":{"depname":"Val-de-Marne","bvonum":"0004","comcode":94016,"cancode":9402,"bvocode":"94016_4","cirname":"11ème circonscription","exp":662,"depcode":94,"cannum":4,"canname":"Cachan","comname":"Cachan","ins":955,"Art":7,"Mel":324,"Rou":12,"Mac":148,"Las":10,"vot":673,"circode":9411,"Lep":91,"Pec":13,"Zem":26,"Hid":3,"Jad":21,"Pou":1,"Dup":6,"top":"Mélenchon","area_error":0.120041},"geometry":{"type":"Polygon","coordinates":[[[2.331016011745525,48.774950031125],[2.33358483630545,48.774436078106845],[2.33851508954618,48.7715471306816],[2.3430331355614076,48.7668918801177],[2.343019514338602,48.7658711784627],[2.3430167636115584,48.765529732445856],[2.3429910506724636,48.76536362865522],[2.3428805490764377,48.7651415109628],[2.342837683061889,48.764919723674346],[2.342227368233038,48.7656951657331],[2.3418313076672175,48.76626808034998],[2.341755219565578,48.76600583686154],[2.3296459111362893,48.77330108503253],[2.3292822142839946,48.7749545520416],[2.331016011745525,48.774950031125]]],"rewind":true}},{"type":"Feature","properties":{"depname":"Val-de-Marne","bvonum":"0005","comcode":94016,"cancode":9402,"bvocode":"94016_5","cirname":"11ème circonscription","exp":743,"depcode":94,"cannum":4,"canname":"Cachan","comname":"Cachan","ins":970,"Art":5,"Mel":253,"Rou":25,"Mac":194,"Las":14,"vot":760,"circode":9411,"Lep":79,"Pec":39,"Zem":40,"Hid":22,"Jad":55,"Pou":4,"Dup":13,"top":"Mélenchon","area_error":-0.007969},"geometry":{"type":"Polygon","coordinates":[[[2.33851508954618,48.7715471306816],[2.3399537415761174,48.778877120001816],[2.343837639471065,48.77475206824906],[2.343844032138388,48.773821119067044],[2.3438613776242008,48.77331485317915],[2.343904318171222,48.772861224900765],[2.34337824288861,48.77391732288292],[2.343357176648752,48.771415991992384],[2.3433838399091345,48.770182679086275],[2.3433787320160677,48.769989217066055],[2.3430917766250343,48.76867986602576],[2.34305056313005,48.768423613134026],[2.343039242656848,48.767373728724465],[2.3430331355614076,48.7668918801177],[2.33851508954618,48.7715471306816]]],"rewind":true}},{"type":"Feature","properties":{"depname":"Val-de-Marne","bvonum":"0006","comcode":94016,"cancode":9402,"bvocode":"94016_6","cirname":"11ème circonscription","exp":985,"depcode":94,"cannum":4,"canname":"Cachan","comname":"Cachan","ins":1194,"Art":1,"Mel":359,"Rou":20,"Mac":300,"Las":19,"vot":1001,"circode":9411,"Lep":74,"Pec":37,"Zem":44,"Hid":25,"Jad":83,"Pou":8,"Dup":15,"top":"Mélenchon","area_error":-0.033962},"geometry":{"type":"Polygon","coordinates":[[[2.3355262308047164,48.78258415627605],[2.336767493508908,48.78226460173706],[2.3399537415761174,48.778877120001816],[2.33851508954618,48.7715471306816],[2.33358483630545,48.774436078106845],[2.3355262308047164,48.78258415627605]]],"rewind":true}},{"type":"Feature","properties":{"depname":"Val-de-Marne","bvonum":"0007","comcode":94016,"cancode":9402,"bvocode":"94016_7","cirname":"11ème circonscription","exp":614,"depcode":94,"cannum":4,"canname":"Cachan","comname":"Cachan","ins":898,"Art":0,"Mel":311,"Rou":9,"Mac":119,"Las":6,"vot":627,"circode":9411,"Lep":75,"Pec":27,"Zem":23,"Hid":7,"Jad":28,"Pou":3,"Dup":6,"top":"Mélenchon","area_error":-0.03132},"geometry":{"type":"Polygon","coordinates":[[[2.31892719798466,48.7797788133344],[2.3166900389627085,48.774404468264166],[2.3109806047114683,48.77699056551943],[2.311370800453768,48.780771257489974],[2.31892719798466,48.7797788133344]]],"rewind":true}},{"type":"Feature","properties":{"depname":"Val-de-Marne","bvonum":"0008","comcode":94016,"cancode":9402,"bvocode":"94016_8","cirname":"11ème circonscription","exp":616,"depcode":94,"cannum":4,"canname":"Cachan","comname":"Cachan","ins":965,"Art":6,"Mel":327,"Rou":7,"Mac":122,"Las":7,"vot":628,"circode":9411,"Lep":66,"Pec":20,"Zem":26,"Hid":7,"Jad":12,"Pou":4,"Dup":12,"top":"Mélenchon","area_error":-0.019676},"geometry":{"type":"Polygon","coordinates":[[[2.31892719798466,48.7797788133344],[2.319555502319566,48.779843478977924],[2.3203243652904137,48.7794179460861],[2.3236078362571773,48.7761975142497],[2.321002671077321,48.7689245280183],[2.319386583300013,48.77359562096987],[2.3166900389627085,48.774404468264166],[2.31892719798466,48.7797788133344]]],"rewind":true}},{"type":"Feature","properties":{"depname":"Val-de-Marne","bvonum":"0009","comcode":94016,"cancode":9402,"bvocode":"94016_9","cirname":"11ème circonscription","exp":761,"depcode":94,"cannum":4,"canname":"Cachan","comname":"Cachan","ins":960,"Art":7,"Mel":214,"Rou":15,"Mac":248,"Las":13,"vot":774,"circode":9411,"Lep":46,"Pec":54,"Zem":46,"Hid":20,"Jad":84,"Pou":5,"Dup":9,"top":"Macron","area_error":0.028857},"geometry":{"type":"Polygon","coordinates":[[[2.3182270193274155,48.78520245699764],[2.319555502319566,48.779843478977924],[2.31892719798466,48.7797788133344],[2.311370800453768,48.780771257489974],[2.312338711962969,48.785852121865915],[2.3182270193274155,48.78520245699764]]],"rewind":true}},{"type":"Feature","properties":{"depname":"Val-de-Marne","bvonum":"0001","comcode":94017,"cancode":9403,"bvocode":"94017_1","cirname":"1ère circonscription","exp":622,"depcode":94,"cannum":13,"canname":"Champigny-sur-Marne-1","comname":"Champigny-sur-Marne","ins":911,"Art":5,"Mel":231,"Rou":29,"Mac":144,"Las":7,"vot":637,"circode":9401,"Lep":70,"Pec":43,"Zem":38,"Hid":9,"Jad":30,"Pou":7,"Dup":9,"top":"Mélenchon","area_error":0.00103},"geometry":{"type":"Polygon","coordinates":[[[2.528062837994134,48.7940319378691],[2.533597525594494,48.79198217511914],[2.5342978862242216,48.7903067879735],[2.5329432073521514,48.7863521968363],[2.5325903155644633,48.78648412370556],[2.5323710734288976,48.786599707046854],[2.5320781846396425,48.78674567478624],[2.530925370741321,48.7873891207303],[2.530131789152431,48.78771430002888],[2.528541905015219,48.7881828933791],[2.5272937772998314,48.78866091674253],[2.528062837994134,48.7940319378691]]],"rewind":true}},{"type":"Feature","properties":{"depname":"Val-de-Marne","bvonum":"0010","comcode":94017,"cancode":9403,"bvocode":"94017_10","cirname":"1ère circonscription","exp":698,"depcode":94,"cannum":13,"canname":"Champigny-sur-Marne-1","comname":"Champigny-sur-Marne","ins":937,"Art":1,"Mel":184,"Rou":25,"Mac":220,"Las":19,"vot":711,"circode":9401,"Lep":84,"Pec":35,"Zem":40,"Hid":10,"Jad":62,"Pou":3,"Dup":15,"top":"Macron","area_error":0.012254},"geometry":{"type":"Polygon","coordinates":[[[2.504889880432832,48.80601811040111],[2.506722419228747,48.80370217690015],[2.5067219529436535,48.79792869392257],[2.5001894108137153,48.79650446120262],[2.5004359685322375,48.79681845287],[2.500740025210273,48.79727636156468],[2.501341196543106,48.798136885554946],[2.501583868785347,48.79848624637231],[2.501753662502527,48.798861779240525],[2.5018546689061028,48.7992314688916],[2.502333637091864,48.80116184251478],[2.5031480992959216,48.80398495540355],[2.503485572356876,48.805085464197354],[2.5028042649576436,48.8052276770093],[2.5029141144250993,48.80529006828594],[2.50302456138687,48.80555091150423],[2.503121714630378,48.805806556659675],[2.503130768543712,48.80583185780877],[2.504889880432832,48.80601811040111]]],"rewind":true}},{"type":"Feature","properties":{"depname":"Val-de-Marne","bvonum":"0011","comcode":94017,"cancode":9403,"bvocode":"94017_11","cirname":"5ème circonscription","exp":732,"depcode":94,"cannum":13,"canname":"Champigny-sur-Marne-1","comname":"Champigny-sur-Marne","ins":1025,"Art":0,"Mel":257,"Rou":23,"Mac":193,"Las":10,"vot":752,"circode":9405,"Lep":87,"Pec":47,"Zem":52,"Hid":6,"Jad":34,"Pou":5,"Dup":18,"top":"Mélenchon","area_error":-0.022494},"geometry":{"type":"Polygon","coordinates":[[[2.5273835513846654,48.794875096436],[2.526911588020152,48.7982536788772],[2.52937502528286,48.79864011178085],[2.536478431664857,48.795591772344],[2.533597525594494,48.79198217511914],[2.528062837994134,48.7940319378691],[2.5273835513846654,48.794875096436]]],"rewind":true}},{"type":"Feature","properties":{"depname":"Val-de-Marne","bvonum":"0012","comcode":94017,"cancode":9403,"bvocode":"94017_12","cirname":"5ème circonscription","exp":640,"depcode":94,"cannum":13,"canname":"Champigny-sur-Marne-1","comname":"Champigny-sur-Marne","ins":973,"Art":3,"Mel":290,"Rou":21,"Mac":142,"Las":4,"vot":646,"circode":9405,"Lep":84,"Pec":23,"Zem":30,"Hid":5,"Jad":26,"Pou":6,"Dup":6,"top":"Mélenchon","area_error":-0.01335},"geometry":{"type":"Polygon","coordinates":[[[2.5483177058341293,48.79158413548948],[2.549216235654675,48.7919457052989],[2.549226009551669,48.7919134956024],[2.5494409494853367,48.77890217212504],[2.5441964540693482,48.78444597972512],[2.5483177058341293,48.79158413548948]]],"rewind":true}},{"type":"Feature","properties":{"depname":"Val-de-Marne","bvonum":"0013","comcode":94017,"cancode":9403,"bvocode":"94017_13","cirname":"5ème circonscription","exp":725,"depcode":94,"cannum":13,"canname":"Champigny-sur-Marne-1","comname":"Champigny-sur-Marne","ins":1026,"Art":2,"Mel":297,"Rou":44,"Mac":173,"Las":13,"vot":738,"circode":9405,"Lep":75,"Pec":21,"Zem":47,"Hid":5,"Jad":35,"Pou":5,"Dup":8,"top":"Mélenchon","area_error":-0.027235},"geometry":{"type":"Polygon","coordinates":[[[2.5410783073342573,48.78834855887382],[2.541696764687983,48.7931769009617],[2.5483177058341293,48.79158413548948],[2.5441964540693482,48.78444597972512],[2.541547491257075,48.7865516486198],[2.5410783073342573,48.78834855887382]]],"rewind":true}},{"type":"Feature","properties":{"depname":"Val-de-Marne","bvonum":"0014","comcode":94017,"cancode":9403,"bvocode":"94017_14","cirname":"5ème circonscription","exp":720,"depcode":94,"cannum":13,"canname":"Champigny-sur-Marne-1","comname":"Champigny-sur-Marne","ins":982,"Art":2,"Mel":240,"Rou":30,"Mac":183,"Las":10,"vot":729,"circode":9405,"Lep":85,"Pec":29,"Zem":62,"Hid":12,"Jad":51,"Pou":3,"Dup":13,"top":"Mélenchon","area_error":-0.032495},"geometry":{"type":"Polygon","coordinates":[[[2.5342978862242216,48.7903067879735],[2.5410783073342573,48.78834855887382],[2.541547491257075,48.7865516486198],[2.5398241555641774,48.78322154526556],[2.5398133195072576,48.78322698407323],[2.539576079590978,48.7833325768428],[2.539473363603894,48.78340282592288],[2.53929931535442,48.78352390136703],[2.538538516230204,48.7839776300431],[2.538434757469897,48.78402138261346],[2.5374887203727363,48.784460927374575],[2.536926158840932,48.784767093624374],[2.53603877320243,48.785198388071535],[2.534623182615323,48.7856929842524],[2.533350644258282,48.786179261576],[2.5332163780716983,48.786227603114746],[2.533042466760235,48.786309370266174],[2.5329432073521514,48.7863521968363],[2.5342978862242216,48.7903067879735]]],"rewind":true}},{"type":"Feature","properties":{"depname":"Val-de-Marne","bvonum":"0015","comcode":94017,"cancode":9403,"bvocode":"94017_15","cirname":"5ème circonscription","exp":767,"depcode":94,"cannum":13,"canname":"Champigny-sur-Marne-1","comname":"Champigny-sur-Marne","ins":1079,"Art":7,"Mel":268,"Rou":22,"Mac":218,"Las":7,"vot":787,"circode":9405,"Lep":74,"Pec":40,"Zem":40,"Hid":10,"Jad":55,"Pou":5,"Dup":21,"top":"Mélenchon","area_error":0.032542},"geometry":{"type":"Polygon","coordinates":[[[2.536478431664857,48.795591772344],[2.538086505156801,48.795879962255455],[2.541017428990167,48.79486544873686],[2.541696764687983,48.7931769009617],[2.5410783073342573,48.78834855887382],[2.5342978862242216,48.7903067879735],[2.533597525594494,48.79198217511914],[2.536478431664857,48.795591772344]]],"rewind":true}},{"type":"Feature","properties":{"depname":"Val-de-Marne","bvonum":"0016","comcode":94017,"cancode":9403,"bvocode":"94017_16","cirname":"5ème circonscription","exp":764,"depcode":94,"cannum":13,"canname":"Champigny-sur-Marne-1","comname":"Champigny-sur-Marne","ins":1031,"Art":1,"Mel":261,"Rou":31,"Mac":202,"Las":16,"vot":774,"circode":9405,"Lep":74,"Pec":54,"Zem":50,"Hid":4,"Jad":45,"Pou":10,"Dup":16,"top":"Mélenchon","area_error":-0.001631},"geometry":{"type":"Polygon","coordinates":[[[2.541547491257075,48.7865516486198],[2.5441964540693482,48.78444597972512],[2.5494409494853367,48.77890217212504],[2.55023264342572,48.7772637269671],[2.550095053367095,48.77736868402961],[2.55027084296802,48.77672567421369],[2.550334626410225,48.776429885701965],[2.5496768659959073,48.77681367096964],[2.5487289810987814,48.77724958405725],[2.548552560498254,48.77770735950555],[2.5482155172788676,48.77825046976864],[2.5480767567938867,48.77843434143818],[2.54785388234202,48.77870186826877],[2.547582579275452,48.77908914020936],[2.547289515991317,48.77948006112917],[2.547009163702385,48.77977100643842],[2.546431264261248,48.779753666820724],[2.546676721069581,48.7794546773273],[2.5470077313736925,48.77896268793059],[2.54739185481255,48.77845366854705],[2.547581153459825,48.77814466069758],[2.547718187201657,48.77764426831947],[2.54791851929018,48.77734076144874],[2.5470305273161533,48.77767378874018],[2.5465380326426366,48.777894249538875],[2.545981677250241,48.77801362683954],[2.5440920383526757,48.778293173032274],[2.5439882862587315,48.77854167551742],[2.543849778637248,48.77876108311622],[2.54301551350337,48.77977705593348],[2.542332571238078,48.780643096051946],[2.542249289712476,48.780748066579925],[2.5420105455293664,48.7811915109651],[2.541796010482328,48.78149169232876],[2.5415004340543415,48.78182507678877],[2.5411399898819633,48.7821814892081],[2.5404974113848064,48.782781519185015],[2.5402664875449212,48.78296319898444],[2.54013106737344,48.7830489345575],[2.5398241555641774,48.78322154526556],[2.541547491257075,48.7865516486198]]],"rewind":true}},{"type":"Feature","properties":{"depname":"Val-de-Marne","bvonum":"0017","comcode":94017,"cancode":9403,"bvocode":"94017_17","cirname":"5ème circonscription","exp":824,"depcode":94,"cannum":13,"canname":"Champigny-sur-Marne-1","comname":"Champigny-sur-Marne","ins":1136,"Art":3,"Mel":279,"Rou":30,"Mac":233,"Las":14,"vot":840,"circode":9405,"Lep":91,"Pec":58,"Zem":49,"Hid":8,"Jad":45,"Pou":6,"Dup":8,"top":"Mélenchon","area_error":0.013457},"geometry":{"type":"Polygon","coordinates":[[[2.520898393564713,48.8062419464355],[2.5222377323010465,48.80763486498473],[2.526680952112465,48.80864809052045],[2.5307557507846212,48.806484637062],[2.5245293853995334,48.80074992704929],[2.52326663269958,48.80144078208841],[2.520898393564713,48.8062419464355]]],"rewind":true}},{"type":"Feature","properties":{"depname":"Val-de-Marne","bvonum":"0018","comcode":94017,"cancode":9403,"bvocode":"94017_18","cirname":"5ème circonscription","exp":563,"depcode":94,"cannum":13,"canname":"Champigny-sur-Marne-1","comname":"Champigny-sur-Marne","ins":871,"Art":3,"Mel":244,"Rou":19,"Mac":128,"Las":9,"vot":582,"circode":9405,"Lep":76,"Pec":22,"Zem":31,"Hid":7,"Jad":17,"Pou":2,"Dup":5,"top":"Mélenchon","area_error":0.033588},"geometry":{"type":"Polygon","coordinates":[[[2.5333010931866724,48.804371053552366],[2.538086505156801,48.795879962255455],[2.536478431664857,48.795591772344],[2.52937502528286,48.79864011178085],[2.5333010931866724,48.804371053552366]]],"rewind":true}},{"type":"Feature","properties":{"depname":"Val-de-Marne","bvonum":"0019","comcode":94017,"cancode":9403,"bvocode":"94017_19","cirname":"5ème circonscription","exp":637,"depcode":94,"cannum":13,"canname":"Champigny-sur-Marne-1","comname":"Champigny-sur-Marne","ins":988,"Art":2,"Mel":348,"Rou":33,"Mac":107,"Las":5,"vot":654,"circode":9405,"Lep":89,"Pec":13,"Zem":19,"Hid":4,"Jad":7,"Pou":3,"Dup":7,"top":"Mélenchon","area_error":0.018024},"geometry":{"type":"Polygon","coordinates":[[[2.543389729741014,48.80748410358363],[2.543092187002731,48.80738434800146],[2.543131254871261,48.80713835178627],[2.5380436321211186,48.8043529256218],[2.5331970370410533,48.805491197441434],[2.532912856569378,48.80576944887829],[2.5368804242399814,48.81001766787746],[2.537063236695656,48.81000242056947],[2.537802254802455,48.810154962457865],[2.538253546349212,48.81029768203184],[2.5387188761827093,48.81048349626558],[2.5389298847402073,48.810203364393956],[2.539469580194523,48.809665983134316],[2.5396696969553774,48.809768235310976],[2.5404833307613437,48.81050580343666],[2.5406242522970754,48.810568421223245],[2.5407806192923483,48.81047559057815],[2.5411799960006034,48.80987862588318],[2.541445399126622,48.80956872793794],[2.5422299213978885,48.8088825485074],[2.542862409491575,48.808300368755276],[2.5429108743602216,48.80821474771012],[2.543455970993994,48.8075945893982],[2.543389729741014,48.80748410358363]]],"rewind":true}},{"type":"Feature","properties":{"depname":"Val-de-Marne","bvonum":"0002","comcode":94017,"cancode":9403,"bvocode":"94017_2","cirname":"1ère circonscription","exp":712,"depcode":94,"cannum":13,"canname":"Champigny-sur-Marne-1","comname":"Champigny-sur-Marne","ins":971,"Art":4,"Mel":245,"Rou":28,"Mac":172,"Las":17,"vot":725,"circode":9401,"Lep":93,"Pec":38,"Zem":47,"Hid":5,"Jad":44,"Pou":7,"Dup":12,"top":"Mélenchon","area_error":0.007331},"geometry":{"type":"Polygon","coordinates":[[[2.520529641774212,48.79488166559645],[2.5273835513846654,48.794875096436],[2.528062837994134,48.7940319378691],[2.5272937772998314,48.78866091674253],[2.526817009815972,48.78883186765478],[2.5249608726701687,48.78947738840494],[2.523066829534031,48.7899155891994],[2.52121868003996,48.790097269983555],[2.52041788345128,48.79466117216382],[2.520529641774212,48.79488166559645]]],"rewind":true}},{"type":"Feature","properties":{"depname":"Val-de-Marne","bvonum":"0020","comcode":94017,"cancode":9403,"bvocode":"94017_20","cirname":"5ème circonscription","exp":801,"depcode":94,"cannum":13,"canname":"Champigny-sur-Marne-1","comname":"Champigny-sur-Marne","ins":1167,"Art":8,"Mel":377,"Rou":44,"Mac":134,"Las":15,"vot":811,"circode":9405,"Lep":130,"Pec":16,"Zem":32,"Hid":10,"Jad":15,"Pou":8,"Dup":12,"top":"Mélenchon","area_error":-0.003957},"geometry":{"type":"Polygon","coordinates":[[[2.5333010931866724,48.804371053552366],[2.5331970370410533,48.805491197441434],[2.5380436321211186,48.8043529256218],[2.5423387331456953,48.79641460830385],[2.541017428990167,48.79486544873686],[2.538086505156801,48.795879962255455],[2.5333010931866724,48.804371053552366]]],"rewind":true}},{"type":"Feature","properties":{"depname":"Val-de-Marne","bvonum":"0021","comcode":94017,"cancode":9403,"bvocode":"94017_21","cirname":"5ème circonscription","exp":710,"depcode":94,"cannum":13,"canname":"Champigny-sur-Marne-1","comname":"Champigny-sur-Marne","ins":1042,"Art":4,"Mel":264,"Rou":34,"Mac":169,"Las":14,"vot":716,"circode":9405,"Lep":125,"Pec":23,"Zem":38,"Hid":5,"Jad":25,"Pou":2,"Dup":7,"top":"Mélenchon","area_error":-0.033301},"geometry":{"type":"MultiPolygon","coordinates":[[[[2.543131254871261,48.80713835178627],[2.54316733483126,48.80688823957834],[2.5432531050174134,48.80538964756816],[2.543497495423645,48.8044445385134],[2.5440229082401893,48.804355328212914],[2.544101288147915,48.804226340267356],[2.544333481111865,48.8031708785017],[2.5443183328029426,48.80142140105929],[2.5440725278466916,48.79918156043726],[2.544445923258976,48.79887625117967],[2.5444452773818362,48.79870261961724],[2.54453235456747,48.79867108053368],[2.5423387331456953,48.79641460830385],[2.5380436321211186,48.8043529256218],[2.543131254871261,48.80713835178627]]],[[[2.543455970993994,48.8075945893982],[2.543503195325329,48.80754030791623],[2.543389729741014,48.80748410358363],[2.543455970993994,48.8075945893982]]]],"rewind":true}},{"type":"Feature","properties":{"depname":"Val-de-Marne","bvonum":"0022","comcode":94017,"cancode":9403,"bvocode":"94017_22","cirname":"5ème circonscription","exp":761,"depcode":94,"cannum":13,"canname":"Champigny-sur-Marne-1","comname":"Champigny-sur-Marne","ins":1088,"Art":2,"Mel":327,"Rou":30,"Mac":158,"Las":8,"vot":774,"circode":9405,"Lep":109,"Pec":36,"Zem":31,"Hid":7,"Jad":27,"Pou":6,"Dup":20,"top":"Mélenchon","area_error":0.014075},"geometry":{"type":"Polygon","coordinates":[[[2.549216235654675,48.7919457052989],[2.5483177058341293,48.79158413548948],[2.541696764687983,48.7931769009617],[2.541017428990167,48.79486544873686],[2.5423387331456953,48.79641460830385],[2.54453235456747,48.79867108053368],[2.5449037299064186,48.79857889785563],[2.5449375953199413,48.79874395532973],[2.545015705183017,48.798837133117836],[2.545294051975332,48.798980555252356],[2.5456974350446866,48.79908351088522],[2.545890968870943,48.79946322879455],[2.5464378834464445,48.7987853549759],[2.5468620381091753,48.7985865478852],[2.5469890153185184,48.7984713920594],[2.547311068987824,48.79806082310298],[2.547559405166635,48.79772574057557],[2.5477304610571725,48.79741129088043],[2.547986917759775,48.79686412496408],[2.548094647884767,48.79660971645707],[2.548178570815785,48.796598528484786],[2.548694729082496,48.797001017922],[2.548980341005041,48.7961836530372],[2.5490456819931158,48.79601572499897],[2.5491648963049,48.795706794024746],[2.549216235654675,48.7919457052989]]],"rewind":true}},{"type":"Feature","properties":{"depname":"Val-de-Marne","bvonum":"0023","comcode":94017,"cancode":9404,"bvocode":"94017_23","cirname":"5ème circonscription","exp":590,"depcode":94,"cannum":2,"canname":"Champigny-sur-Marne-2","comname":"Champigny-sur-Marne","ins":955,"Art":0,"Mel":308,"Rou":21,"Mac":98,"Las":7,"vot":602,"circode":9405,"Lep":98,"Pec":20,"Zem":15,"Hid":4,"Jad":12,"Pou":4,"Dup":3,"top":"Mélenchon","area_error":0.038426},"geometry":{"type":"Polygon","coordinates":[[[2.5494409494853367,48.77890217212504],[2.549226009551669,48.7919134956024],[2.5503945531313676,48.79042687779077],[2.5531301314587433,48.777993916642274],[2.5542164421254316,48.77503761015555],[2.55420958954267,48.77498648175902],[2.553811767631005,48.774942775074024],[2.5532882445719336,48.77528323618365],[2.553031692417864,48.77542558831933],[2.5511717476275217,48.776545071780845],[2.551092466388534,48.77664163672798],[2.5507000454379867,48.77690797406117],[2.55045648512911,48.7770913791584],[2.55023264342572,48.7772637269671],[2.5494409494853367,48.77890217212504]]],"rewind":true}},{"type":"Feature","properties":{"depname":"Val-de-Marne","bvonum":"0024","comcode":94017,"cancode":9404,"bvocode":"94017_24","cirname":"5ème circonscription","exp":738,"depcode":94,"cannum":2,"canname":"Champigny-sur-Marne-2","comname":"Champigny-sur-Marne","ins":1008,"Art":4,"Mel":230,"Rou":40,"Mac":209,"Las":4,"vot":751,"circode":9405,"Lep":109,"Pec":30,"Zem":52,"Hid":6,"Jad":30,"Pou":8,"Dup":16,"top":"Mélenchon","area_error":0.013555},"geometry":{"type":"Polygon","coordinates":[[[2.5491648963049,48.795706794024746],[2.5492477562019054,48.79548988799388],[2.5498379317942708,48.79606313881225],[2.551022949113016,48.79686993421536],[2.5557063119464423,48.794977355306536],[2.5573007048097978,48.7930060080353],[2.5560733343105873,48.7907478283779],[2.5503945531313676,48.79042687779077],[2.549226009551669,48.7919134956024],[2.549216235654675,48.7919457052989],[2.5491648963049,48.795706794024746]]],"rewind":true}},{"type":"Feature","properties":{"depname":"Val-de-Marne","bvonum":"0025","comcode":94017,"cancode":9404,"bvocode":"94017_25","cirname":"5ème circonscription","exp":662,"depcode":94,"cannum":2,"canname":"Champigny-sur-Marne-2","comname":"Champigny-sur-Marne","ins":985,"Art":2,"Mel":270,"Rou":49,"Mac":144,"Las":4,"vot":668,"circode":9405,"Lep":93,"Pec":27,"Zem":36,"Hid":3,"Jad":22,"Pou":1,"Dup":11,"top":"Mélenchon","area_error":-0.015828},"geometry":{"type":"Polygon","coordinates":[[[2.5557063119464423,48.794977355306536],[2.551022949113016,48.79686993421536],[2.5510947888034954,48.796946801427254],[2.551297074535549,48.7971660657828],[2.55169548376956,48.79755982094106],[2.5520378765791536,48.79790678005099],[2.553098693911241,48.798690623395615],[2.5534154926564407,48.7989361980709],[2.5540599730184876,48.799545558062846],[2.5542930669900743,48.799726653319674],[2.5547303575498375,48.799977305832456],[2.555053180204064,48.8000609226514],[2.55598710500442,48.80019317074669],[2.557000896192455,48.8009179015806],[2.5572034678485993,48.80102090214578],[2.5577190379359855,48.8011913346202],[2.558095253036772,48.8012852467203],[2.5582717806337616,48.80132102175035],[2.5587424970492028,48.801402810749366],[2.5605559118573042,48.80122872217363],[2.560898237838387,48.8011807667841],[2.5612187451737576,48.80107467444193],[2.561512305696998,48.80094823736213],[2.561758326996768,48.80082917481356],[2.561890970683949,48.80076183638846],[2.562206104092567,48.80050791958254],[2.562319452409288,48.80034805784702],[2.5623652316329064,48.800218725079965],[2.5557063119464423,48.794977355306536]]],"rewind":true}},{"type":"Feature","properties":{"depname":"Val-de-Marne","bvonum":"0026","comcode":94017,"cancode":9404,"bvocode":"94017_26","cirname":"5ème circonscription","exp":711,"depcode":94,"cannum":2,"canname":"Champigny-sur-Marne-2","comname":"Champigny-sur-Marne","ins":998,"Art":1,"Mel":251,"Rou":23,"Mac":179,"Las":10,"vot":722,"circode":9405,"Lep":96,"Pec":41,"Zem":50,"Hid":3,"Jad":41,"Pou":3,"Dup":13,"top":"Mélenchon","area_error":0.043608},"geometry":{"type":"Polygon","coordinates":[[[2.5560733343105873,48.7907478283779],[2.5573007048097978,48.7930060080353],[2.5626724706515316,48.79171927494147],[2.565855336271868,48.78861579381313],[2.566994646976614,48.787569405965876],[2.563386427879235,48.78822405367303],[2.557440205856966,48.78635938639127],[2.556277242411297,48.78988495706261],[2.5560733343105873,48.7907478283779]]],"rewind":true}},{"type":"Feature","properties":{"depname":"Val-de-Marne","bvonum":"0027","comcode":94017,"cancode":9404,"bvocode":"94017_27","cirname":"5ème circonscription","exp":764,"depcode":94,"cannum":2,"canname":"Champigny-sur-Marne-2","comname":"Champigny-sur-Marne","ins":1037,"Art":1,"Mel":194,"Rou":28,"Mac":236,"Las":11,"vot":783,"circode":9405,"Lep":123,"Pec":50,"Zem":56,"Hid":5,"Jad":39,"Pou":5,"Dup":16,"top":"Macron","area_error":0.006963},"geometry":{"type":"Polygon","coordinates":[[[2.5628013207529947,48.79184469070658],[2.563798799737969,48.79841623689093],[2.5646872040339166,48.79809811789187],[2.5653590817717427,48.7978223672273],[2.565557492702286,48.79773875090978],[2.5661522511676225,48.79751396908863],[2.566464098498362,48.797444679827436],[2.5666819227082946,48.797339702888785],[2.5672424756637064,48.79694115268701],[2.5676383214806693,48.796671286637455],[2.5689867845270125,48.797458511472634],[2.56910283300619,48.79734739734551],[2.569428444384939,48.7975345872832],[2.5699540062778032,48.79751672151017],[2.57001883740599,48.79748442331174],[2.570415583142115,48.7970725835166],[2.5715139423440285,48.795415932901726],[2.5716588334675743,48.79517285109484],[2.5720125579333284,48.79450553937534],[2.5721893119047268,48.7941026246345],[2.572298539196479,48.7939857498949],[2.5724793258077434,48.7936563893883],[2.5628013207529947,48.79184469070658]]],"rewind":true}},{"type":"Feature","properties":{"depname":"Val-de-Marne","bvonum":"0028","comcode":94017,"cancode":9404,"bvocode":"94017_28","cirname":"5ème circonscription","exp":703,"depcode":94,"cannum":2,"canname":"Champigny-sur-Marne-2","comname":"Champigny-sur-Marne","ins":977,"Art":1,"Mel":229,"Rou":29,"Mac":175,"Las":15,"vot":715,"circode":9405,"Lep":90,"Pec":53,"Zem":57,"Hid":10,"Jad":25,"Pou":2,"Dup":17,"top":"Mélenchon","area_error":-0.085343},"geometry":{"type":"Polygon","coordinates":[[[2.565855336271868,48.78861579381313],[2.5626724706515316,48.79171927494147],[2.5628013207529947,48.79184469070658],[2.5724793258077434,48.7936563893883],[2.572870303068857,48.792963746537154],[2.5729667141852848,48.79273701923408],[2.5730526336713337,48.79252383947734],[2.57312720001485,48.79232852382049],[2.57361983501025,48.79122465431344],[2.5740975652603093,48.79040142521917],[2.565855336271868,48.78861579381313]]],"rewind":true}},{"type":"Feature","properties":{"depname":"Val-de-Marne","bvonum":"0029","comcode":94017,"cancode":9404,"bvocode":"94017_29","cirname":"5ème circonscription","exp":759,"depcode":94,"cannum":2,"canname":"Champigny-sur-Marne-2","comname":"Champigny-sur-Marne","ins":1047,"Art":0,"Mel":246,"Rou":35,"Mac":224,"Las":14,"vot":781,"circode":9405,"Lep":101,"Pec":38,"Zem":45,"Hid":7,"Jad":33,"Pou":5,"Dup":11,"top":"Mélenchon","area_error":-0.00711},"geometry":{"type":"Polygon","coordinates":[[[2.5557063119464423,48.794977355306536],[2.5623652316329064,48.800218725079965],[2.5626359966212755,48.799495711064075],[2.563010282240646,48.798920670050975],[2.563274363555348,48.79865259184077],[2.56355010085364,48.7984922040433],[2.563798799737969,48.79841623689093],[2.5628013207529947,48.79184469070658],[2.5626724706515316,48.79171927494147],[2.5573007048097978,48.7930060080353],[2.5557063119464423,48.794977355306536]]],"rewind":true}},{"type":"Feature","properties":{"depname":"Val-de-Marne","bvonum":"0003","comcode":94017,"cancode":9403,"bvocode":"94017_3","cirname":"1ère circonscription","exp":741,"depcode":94,"cannum":13,"canname":"Champigny-sur-Marne-1","comname":"Champigny-sur-Marne","ins":1099,"Art":4,"Mel":341,"Rou":29,"Mac":149,"Las":12,"vot":756,"circode":9401,"Lep":87,"Pec":23,"Zem":43,"Hid":9,"Jad":21,"Pou":9,"Dup":14,"top":"Mélenchon","area_error":-0.01512},"geometry":{"type":"Polygon","coordinates":[[[2.518663338570757,48.7992211262527],[2.52326663269958,48.80144078208841],[2.5245293853995334,48.80074992704929],[2.526911588020152,48.7982536788772],[2.5273835513846654,48.794875096436],[2.520529641774212,48.79488166559645],[2.518663338570757,48.7992211262527]]],"rewind":true}},{"type":"Feature","properties":{"depname":"Val-de-Marne","bvonum":"0030","comcode":94017,"cancode":9404,"bvocode":"94017_30","cirname":"5ème circonscription","exp":624,"depcode":94,"cannum":2,"canname":"Champigny-sur-Marne-2","comname":"Champigny-sur-Marne","ins":1035,"Art":5,"Mel":387,"Rou":22,"Mac":71,"Las":3,"vot":643,"circode":9405,"Lep":84,"Pec":5,"Zem":17,"Hid":4,"Jad":10,"Pou":5,"Dup":11,"top":"Mélenchon","area_error":-0.015709},"geometry":{"type":"Polygon","coordinates":[[[2.5503945531313676,48.79042687779077],[2.5560733343105873,48.7907478283779],[2.556277242411297,48.78988495706261],[2.5531301314587433,48.777993916642274],[2.5503945531313676,48.79042687779077]]],"rewind":true}},{"type":"Feature","properties":{"depname":"Val-de-Marne","bvonum":"0031","comcode":94017,"cancode":9404,"bvocode":"94017_31","cirname":"5ème circonscription","exp":674,"depcode":94,"cannum":2,"canname":"Champigny-sur-Marne-2","comname":"Champigny-sur-Marne","ins":1096,"Art":2,"Mel":416,"Rou":15,"Mac":118,"Las":3,"vot":689,"circode":9405,"Lep":74,"Pec":17,"Zem":14,"Hid":4,"Jad":6,"Pou":2,"Dup":3,"top":"Mélenchon","area_error":-0.066205},"geometry":{"type":"Polygon","coordinates":[[[2.5531301314587433,48.777993916642274],[2.556277242411297,48.78988495706261],[2.557440205856966,48.78635938639127],[2.5571623043171967,48.77981969011045],[2.5571684005667663,48.77896278798084],[2.557170151407269,48.77815781825123],[2.5571987497473847,48.7772047446664],[2.5570611569483437,48.77692478396756],[2.5567422309352654,48.7764094157592],[2.5566298363082733,48.776221792401856],[2.556529295620934,48.7761014208666],[2.5561886732260986,48.77564708540655],[2.556157111601127,48.77541472063937],[2.555638425608147,48.77462585837614],[2.555453158962859,48.774525769718245],[2.5551321341613322,48.774463054762],[2.55424338890148,48.77542517815275],[2.5542164421254316,48.77503761015555],[2.5531301314587433,48.777993916642274]]],"rewind":true}},{"type":"Feature","properties":{"depname":"Val-de-Marne","bvonum":"0032","comcode":94017,"cancode":9404,"bvocode":"94017_32","cirname":"5ème circonscription","exp":664,"depcode":94,"cannum":2,"canname":"Champigny-sur-Marne-2","comname":"Champigny-sur-Marne","ins":1146,"Art":5,"Mel":436,"Rou":8,"Mac":94,"Las":3,"vot":690,"circode":9405,"Lep":75,"Pec":11,"Zem":14,"Hid":4,"Jad":8,"Pou":1,"Dup":5,"top":"Mélenchon","area_error":0.003241},"geometry":{"type":"Polygon","coordinates":[[[2.56451049650875,48.784962097304444],[2.563285594904662,48.78727869890674],[2.563386427879235,48.78822405367303],[2.566994646976614,48.787569405965876],[2.5703718458570943,48.7807394803027],[2.570231951944814,48.78129414008161],[2.569958846469065,48.78210140199007],[2.56980578925456,48.7824403446283],[2.5695608518732937,48.78290492765805],[2.569388110896369,48.78223967598392],[2.5694239140303328,48.78196738134425],[2.569461915175372,48.78152532326795],[2.5696064167402928,48.78025772291015],[2.5695765803252644,48.7794642101218],[2.569558578270853,48.77880253455826],[2.569496678324061,48.7775655640115],[2.56917682899163,48.77460292982803],[2.568830792076742,48.774218821178856],[2.568345531394092,48.7737535915634],[2.5682770582907284,48.77368739805786],[2.56451049650875,48.784962097304444]]],"rewind":true}},{"type":"Feature","properties":{"depname":"Val-de-Marne","bvonum":"0033","comcode":94017,"cancode":9404,"bvocode":"94017_33","cirname":"5ème circonscription","exp":562,"depcode":94,"cannum":2,"canname":"Champigny-sur-Marne-2","comname":"Champigny-sur-Marne","ins":980,"Art":2,"Mel":395,"Rou":9,"Mac":80,"Las":4,"vot":578,"circode":9405,"Lep":50,"Pec":8,"Zem":5,"Hid":2,"Jad":3,"Pou":1,"Dup":3,"top":"Mélenchon","area_error":0.139268},"geometry":{"type":"Polygon","coordinates":[[[2.563285594904662,48.78727869890674],[2.558669620439934,48.77506175376853],[2.55846667006335,48.7753872658395],[2.5583874218988134,48.77550908835437],[2.558178194358048,48.775997435555254],[2.5580335189666727,48.7764762721975],[2.557796642824945,48.77751540349575],[2.557770630755607,48.77816232237133],[2.557587581485307,48.77849862527683],[2.5574755095884214,48.77946422363802],[2.5573127146491736,48.78002372746418],[2.5571545209219537,48.78048089302596],[2.5571623043171967,48.77981969011045],[2.557440205856966,48.78635938639127],[2.563386427879235,48.78822405367303],[2.563285594904662,48.78727869890674]]],"rewind":true}},{"type":"Feature","properties":{"depname":"Val-de-Marne","bvonum":"0034","comcode":94017,"cancode":9404,"bvocode":"94017_34","cirname":"5ème circonscription","exp":600,"depcode":94,"cannum":2,"canname":"Champigny-sur-Marne-2","comname":"Champigny-sur-Marne","ins":1032,"Art":4,"Mel":409,"Rou":12,"Mac":72,"Las":10,"vot":614,"circode":9405,"Lep":51,"Pec":18,"Zem":9,"Hid":3,"Jad":3,"Pou":1,"Dup":8,"top":"Mélenchon","area_error":-0.200797},"geometry":{"type":"Polygon","coordinates":[[[2.563285594904662,48.78727869890674],[2.56451049650875,48.784962097304444],[2.5618136890647727,48.7742549076138],[2.5613469249795844,48.77429821440121],[2.5603249496447478,48.77451950931941],[2.5596625465501814,48.774694886529346],[2.559051610303955,48.7748817900729],[2.558669620439934,48.77506175376853],[2.563285594904662,48.78727869890674]]],"rewind":true}},{"type":"Feature","properties":{"depname":"Val-de-Marne","bvonum":"0036","comcode":94017,"cancode":9403,"bvocode":"94017_36","cirname":"5ème circonscription","exp":619,"depcode":94,"cannum":13,"canname":"Champigny-sur-Marne-1","comname":"Champigny-sur-Marne","ins":899,"Art":2,"Mel":186,"Rou":21,"Mac":151,"Las":8,"vot":631,"circode":9405,"Lep":100,"Pec":47,"Zem":62,"Hid":4,"Jad":21,"Pou":4,"Dup":13,"top":"Mélenchon","area_error":0.021395},"geometry":{"type":"Polygon","coordinates":[[[2.51418105746565,48.80802632941743],[2.508764910527186,48.80826847830327],[2.504226251290507,48.8127306621361],[2.505864388154265,48.8127776142207],[2.506827779942951,48.81267670819511],[2.5074248978968723,48.8125933634552],[2.5093737461599,48.81215757664668],[2.5101974922339436,48.81212313117947],[2.511265915252583,48.81222812117915],[2.512099878696143,48.81225165352847],[2.5143468932906616,48.8127615864749],[2.514751521684879,48.81290541772116],[2.5151569924734254,48.81302763810478],[2.51418105746565,48.80802632941743]]],"rewind":true}},{"type":"Feature","properties":{"depname":"Val-de-Marne","bvonum":"0037","comcode":94017,"cancode":9403,"bvocode":"94017_37","cirname":"5ème circonscription","exp":726,"depcode":94,"cannum":13,"canname":"Champigny-sur-Marne-1","comname":"Champigny-sur-Marne","ins":969,"Art":5,"Mel":184,"Rou":29,"Mac":218,"Las":10,"vot":741,"circode":9405,"Lep":93,"Pec":41,"Zem":66,"Hid":5,"Jad":51,"Pou":9,"Dup":15,"top":"Macron","area_error":-0.013881},"geometry":{"type":"Polygon","coordinates":[[[2.51418105746565,48.80802632941743],[2.5151569924734254,48.81302763810478],[2.51545492530547,48.8131047354526],[2.5164588473342624,48.81336499815007],[2.517424553457361,48.81354479542838],[2.5174600077694826,48.81355701313904],[2.5222377323010465,48.80763486498473],[2.520898393564713,48.8062419464355],[2.5153559588087844,48.80723835302442],[2.51418105746565,48.80802632941743]]],"rewind":true}},{"type":"Feature","properties":{"depname":"Val-de-Marne","bvonum":"0038","comcode":94017,"cancode":9403,"bvocode":"94017_38","cirname":"5ème circonscription","exp":664,"depcode":94,"cannum":13,"canname":"Champigny-sur-Marne-1","comname":"Champigny-sur-Marne","ins":918,"Art":1,"Mel":157,"Rou":17,"Mac":211,"Las":14,"vot":677,"circode":9405,"Lep":92,"Pec":47,"Zem":74,"Hid":7,"Jad":30,"Pou":2,"Dup":12,"top":"Macron","area_error":0.004542},"geometry":{"type":"Polygon","coordinates":[[[2.508764910527186,48.80826847830327],[2.504889880432832,48.80601811040111],[2.503130768543712,48.80583185780877],[2.503179752351827,48.806092007144116],[2.503145633262907,48.80629614851062],[2.50313853527503,48.8064142317013],[2.5031510633855056,48.806631844066786],[2.503172645125102,48.80674797496752],[2.5031696225889255,48.80682775020717],[2.5031068411667,48.806959496626334],[2.50296589358737,48.8071363257238],[2.5029642355063633,48.80713832925416],[2.5023419744865847,48.80800098125334],[2.501662659871415,48.8089541835684],[2.5017706491666,48.809013193073646],[2.5025017875921334,48.80957304588918],[2.501547427819962,48.80985271896613],[2.5016406696171534,48.81044615917455],[2.501688843932769,48.81091246584854],[2.5005634303078685,48.81124136812733],[2.5006933484903944,48.811354563850735],[2.498093048621469,48.81346424697725],[2.5006371755992722,48.81314008040505],[2.5027404236761157,48.81281109405931],[2.5040416644272714,48.81273616511704],[2.504226251290507,48.8127306621361],[2.508764910527186,48.80826847830327]]],"rewind":true}},{"type":"Feature","properties":{"depname":"Val-de-Marne","bvonum":"0039","comcode":94017,"cancode":9403,"bvocode":"94017_39","cirname":"5ème circonscription","exp":633,"depcode":94,"cannum":13,"canname":"Champigny-sur-Marne-1","comname":"Champigny-sur-Marne","ins":942,"Art":4,"Mel":229,"Rou":17,"Mac":141,"Las":14,"vot":650,"circode":9405,"Lep":99,"Pec":29,"Zem":57,"Hid":4,"Jad":27,"Pou":7,"Dup":5,"top":"Mélenchon","area_error":-0.002815},"geometry":{"type":"Polygon","coordinates":[[[2.526680952112465,48.80864809052045],[2.5222377323010465,48.80763486498473],[2.5174600077694826,48.81355701313904],[2.51821303065671,48.81377527806704],[2.5184576883012038,48.81383233319088],[2.5191133104143515,48.81384670081491],[2.5197919608245423,48.81373454432745],[2.5203935150867576,48.81356621351427],[2.5209006835563392,48.813445699557924],[2.5214743002767728,48.8133505156058],[2.5220969248110117,48.81328947270708],[2.52399136458457,48.812846252491035],[2.525059872438714,48.81266443250636],[2.5263250304306792,48.8126554022464],[2.526718626002577,48.81266448239432],[2.526680952112465,48.80864809052045]]],"rewind":true}},{"type":"Feature","properties":{"depname":"Val-de-Marne","bvonum":"0004","comcode":94017,"cancode":9403,"bvocode":"94017_4","cirname":"1ère circonscription","exp":729,"depcode":94,"cannum":13,"canname":"Champigny-sur-Marne-1","comname":"Champigny-sur-Marne","ins":1013,"Art":4,"Mel":240,"Rou":18,"Mac":218,"Las":15,"vot":737,"circode":9401,"Lep":87,"Pec":35,"Zem":45,"Hid":11,"Jad":32,"Pou":7,"Dup":17,"top":"Mélenchon","area_error":-0.064374},"geometry":{"type":"Polygon","coordinates":[[[2.5102131091823034,48.80318828125234],[2.515280571551765,48.806123768106836],[2.5185503983980766,48.799271447734185],[2.513415892455962,48.798449553892965],[2.5102131091823034,48.80318828125234]]],"rewind":true}},{"type":"Feature","properties":{"depname":"Val-de-Marne","bvonum":"0040","comcode":94017,"cancode":9403,"bvocode":"94017_40","cirname":"1ère circonscription","exp":722,"depcode":94,"cannum":13,"canname":"Champigny-sur-Marne-1","comname":"Champigny-sur-Marne","ins":940,"Art":6,"Mel":283,"Rou":44,"Mac":169,"Las":14,"vot":734,"circode":9401,"Lep":89,"Pec":27,"Zem":44,"Hid":6,"Jad":26,"Pou":4,"Dup":10,"top":"Mélenchon","area_error":0.038154},"geometry":{"type":"Polygon","coordinates":[[[2.5185503983980766,48.799271447734185],[2.515280571551765,48.806123768106836],[2.5153559588087844,48.80723835302442],[2.520898393564713,48.8062419464355],[2.52326663269958,48.80144078208841],[2.518663338570757,48.7992211262527],[2.5185503983980766,48.799271447734185]]],"rewind":true}},{"type":"Feature","properties":{"depname":"Val-de-Marne","bvonum":"0041","comcode":94017,"cancode":9403,"bvocode":"94017_41","cirname":"5ème circonscription","exp":651,"depcode":94,"cannum":13,"canname":"Champigny-sur-Marne-1","comname":"Champigny-sur-Marne","ins":1011,"Art":2,"Mel":278,"Rou":27,"Mac":130,"Las":13,"vot":671,"circode":9405,"Lep":84,"Pec":33,"Zem":35,"Hid":6,"Jad":30,"Pou":3,"Dup":10,"top":"Mélenchon","area_error":-0.028036},"geometry":{"type":"Polygon","coordinates":[[[2.5245293853995334,48.80074992704929],[2.5307557507846212,48.806484637062],[2.532912856569378,48.80576944887829],[2.5331970370410533,48.805491197441434],[2.5333010931866724,48.804371053552366],[2.52937502528286,48.79864011178085],[2.526911588020152,48.7982536788772],[2.5245293853995334,48.80074992704929]]],"rewind":true}},{"type":"Feature","properties":{"depname":"Val-de-Marne","bvonum":"0042","comcode":94017,"cancode":9404,"bvocode":"94017_42","cirname":"5ème circonscription","exp":604,"depcode":94,"cannum":2,"canname":"Champigny-sur-Marne-2","comname":"Champigny-sur-Marne","ins":998,"Art":3,"Mel":406,"Rou":14,"Mac":86,"Las":2,"vot":612,"circode":9405,"Lep":67,"Pec":6,"Zem":3,"Hid":4,"Jad":3,"Pou":3,"Dup":7,"top":"Mélenchon","area_error":0.002524},"geometry":{"type":"Polygon","coordinates":[[[2.56451049650875,48.784962097304444],[2.5682770582907284,48.77368739805786],[2.568233461887278,48.773646780657145],[2.5678601366761153,48.773617047820686],[2.566402949302371,48.7732008152239],[2.56621218384315,48.77304627928363],[2.56383958056364,48.7738229494431],[2.5621052946611944,48.7741909190668],[2.5618136890647727,48.7742549076138],[2.56451049650875,48.784962097304444]]],"rewind":true}},{"type":"Feature","properties":{"depname":"Val-de-Marne","bvonum":"0043","comcode":94017,"cancode":9404,"bvocode":"94017_43","cirname":"5ème circonscription","exp":689,"depcode":94,"cannum":2,"canname":"Champigny-sur-Marne-2","comname":"Champigny-sur-Marne","ins":953,"Art":3,"Mel":206,"Rou":24,"Mac":196,"Las":12,"vot":697,"circode":9405,"Lep":118,"Pec":48,"Zem":37,"Hid":6,"Jad":26,"Pou":3,"Dup":10,"top":"Mélenchon","area_error":0.121718},"geometry":{"type":"Polygon","coordinates":[[[2.566994646976614,48.787569405965876],[2.565855336271868,48.78861579381313],[2.5740975652603093,48.79040142521917],[2.574106297850114,48.79039336847762],[2.5742274594354946,48.790212152368355],[2.5738349513783954,48.789321141409985],[2.5737443891778757,48.788743900114255],[2.5736439198017624,48.78811164029357],[2.5734033929346425,48.78737081100404],[2.5733586967207738,48.787247268301186],[2.5728391165306714,48.78633124175122],[2.5724479725349556,48.78607921016296],[2.5722716583448815,48.78545179166937],[2.5721213197544914,48.7848685352159],[2.5719608674552523,48.783336044187884],[2.5716411260559986,48.78166983767558],[2.571325331488121,48.77878584363266],[2.5713487720144075,48.77836451854084],[2.57123485162166,48.77837374727606],[2.571016134813683,48.7786977681227],[2.570617935182894,48.7798046598708],[2.570470130491721,48.78036106320647],[2.57044990905057,48.78043719520773],[2.5703718458570943,48.7807394803027],[2.566994646976614,48.787569405965876]]],"rewind":true}},{"type":"Feature","properties":{"depname":"Val-de-Marne","bvonum":"0005","comcode":94017,"cancode":9403,"bvocode":"94017_5","cirname":"1ère circonscription","exp":615,"depcode":94,"cannum":13,"canname":"Champigny-sur-Marne-1","comname":"Champigny-sur-Marne","ins":945,"Art":4,"Mel":226,"Rou":18,"Mac":154,"Las":13,"vot":630,"circode":9401,"Lep":80,"Pec":34,"Zem":33,"Hid":9,"Jad":34,"Pou":2,"Dup":8,"top":"Mélenchon","area_error":0.005818},"geometry":{"type":"Polygon","coordinates":[[[2.504889880432832,48.80601811040111],[2.508764910527186,48.80826847830327],[2.51418105746565,48.80802632941743],[2.5153559588087844,48.80723835302442],[2.515280571551765,48.806123768106836],[2.5102131091823034,48.80318828125234],[2.506722419228747,48.80370217690015],[2.504889880432832,48.80601811040111]]],"rewind":true}},{"type":"Feature","properties":{"depname":"Val-de-Marne","bvonum":"0006","comcode":94017,"cancode":9403,"bvocode":"94017_6","cirname":"1ère circonscription","exp":710,"depcode":94,"cannum":13,"canname":"Champigny-sur-Marne-1","comname":"Champigny-sur-Marne","ins":948,"Art":2,"Mel":250,"Rou":33,"Mac":195,"Las":13,"vot":725,"circode":9401,"Lep":65,"Pec":41,"Zem":38,"Hid":9,"Jad":48,"Pou":5,"Dup":11,"top":"Mélenchon","area_error":-0.031071},"geometry":{"type":"Polygon","coordinates":[[[2.510480819436517,48.793656305046675],[2.52041788345128,48.79466117216382],[2.52121868003996,48.790097269983555],[2.5207906253829537,48.79006316480393],[2.5185341194431565,48.790129118058],[2.5177755781117384,48.79022090911483],[2.515876532503745,48.790645244250264],[2.514589710646816,48.790952816514356],[2.51145414598591,48.791973917260826],[2.51072128644892,48.7922819109239],[2.510336308103211,48.7924257943381],[2.510083903691663,48.792512204656425],[2.510480819436517,48.793656305046675]]],"rewind":true}},{"type":"Feature","properties":{"depname":"Val-de-Marne","bvonum":"0007","comcode":94017,"cancode":9403,"bvocode":"94017_7","cirname":"1ère circonscription","exp":787,"depcode":94,"cannum":13,"canname":"Champigny-sur-Marne-1","comname":"Champigny-sur-Marne","ins":1012,"Art":3,"Mel":278,"Rou":28,"Mac":210,"Las":13,"vot":799,"circode":9401,"Lep":103,"Pec":32,"Zem":39,"Hid":11,"Jad":54,"Pou":3,"Dup":13,"top":"Mélenchon","area_error":0.035944},"geometry":{"type":"Polygon","coordinates":[[[2.513415892455962,48.798449553892965],[2.5185503983980766,48.799271447734185],[2.518663338570757,48.7992211262527],[2.520529641774212,48.79488166559645],[2.52041788345128,48.79466117216382],[2.510480819436517,48.793656305046675],[2.5103636756789665,48.7960680334148],[2.513415892455962,48.798449553892965]]],"rewind":true}},{"type":"Feature","properties":{"depname":"Val-de-Marne","bvonum":"0008","comcode":94017,"cancode":9403,"bvocode":"94017_8","cirname":"1ère circonscription","exp":652,"depcode":94,"cannum":13,"canname":"Champigny-sur-Marne-1","comname":"Champigny-sur-Marne","ins":913,"Art":5,"Mel":258,"Rou":52,"Mac":146,"Las":9,"vot":661,"circode":9401,"Lep":80,"Pec":34,"Zem":32,"Hid":3,"Jad":22,"Pou":2,"Dup":9,"top":"Mélenchon","area_error":-0.01128},"geometry":{"type":"Polygon","coordinates":[[[2.506722419228747,48.80370217690015],[2.5102131091823034,48.80318828125234],[2.513415892455962,48.798449553892965],[2.5103636756789665,48.7960680334148],[2.5067219529436535,48.79792869392257],[2.506722419228747,48.80370217690015]]],"rewind":true}},{"type":"Feature","properties":{"depname":"Val-de-Marne","bvonum":"0009","comcode":94017,"cancode":9403,"bvocode":"94017_9","cirname":"1ère circonscription","exp":669,"depcode":94,"cannum":13,"canname":"Champigny-sur-Marne-1","comname":"Champigny-sur-Marne","ins":919,"Art":0,"Mel":179,"Rou":24,"Mac":212,"Las":8,"vot":685,"circode":9401,"Lep":88,"Pec":41,"Zem":55,"Hid":9,"Jad":40,"Pou":5,"Dup":8,"top":"Macron","area_error":0.0004},"geometry":{"type":"Polygon","coordinates":[[[2.5067219529436535,48.79792869392257],[2.5103636756789665,48.7960680334148],[2.510480819436517,48.793656305046675],[2.510083903691663,48.792512204656425],[2.5097626000510638,48.7926125436277],[2.507007587546606,48.7935742911969],[2.5054615170966024,48.793994014366234],[2.503248098466959,48.7942425636108],[2.49904721706444,48.79516690767095],[2.4998439005899957,48.79611879934864],[2.5001761872090307,48.796486723343534],[2.5001894108137153,48.79650446120262],[2.5067219529436535,48.79792869392257]]],"rewind":true}},{"type":"Feature","properties":{"depname":"Val-de-Marne","bvonum":"0001","comcode":94018,"cancode":9405,"bvocode":"94018_1","cirname":"8ème circonscription","exp":763,"depcode":94,"cannum":16,"canname":"Charenton-le-Pont","comname":"Charenton-le-Pont","ins":1002,"Art":4,"Mel":191,"Rou":16,"Mac":213,"Las":12,"vot":769,"circode":9408,"Lep":107,"Pec":50,"Zem":115,"Hid":10,"Jad":29,"Pou":4,"Dup":12,"top":"Macron","area_error":-0.020716},"geometry":{"type":"Polygon","coordinates":[[[2.4102196068972086,48.81098170984373],[2.4179514710380574,48.8061899670222],[2.413545972993448,48.80196877714813],[2.4087679595132525,48.80888613456178],[2.4102196068972086,48.81098170984373]]],"rewind":true}},{"type":"Feature","properties":{"depname":"Val-de-Marne","bvonum":"0010","comcode":94018,"cancode":9405,"bvocode":"94018_10","cirname":"8ème circonscription","exp":664,"depcode":94,"cannum":16,"canname":"Charenton-le-Pont","comname":"Charenton-le-Pont","ins":831,"Art":2,"Mel":132,"Rou":13,"Mac":242,"Las":10,"vot":675,"circode":9408,"Lep":59,"Pec":69,"Zem":62,"Hid":11,"Jad":48,"Pou":3,"Dup":13,"top":"Macron","area_error":0.031513},"geometry":{"type":"Polygon","coordinates":[[[2.40482784565716,48.811124999694634],[2.405105701004448,48.811681374775674],[2.4082358194746845,48.8128124610936],[2.4100911168124886,48.8127818206943],[2.4102196068972086,48.81098170984373],[2.4087679595132525,48.80888613456178],[2.4046726488213936,48.80427012121251],[2.403031162954964,48.80430943306344],[2.40482784565716,48.811124999694634]]],"rewind":true}},{"type":"Feature","properties":{"depname":"Val-de-Marne","bvonum":"0011","comcode":94018,"cancode":9405,"bvocode":"94018_11","cirname":"8ème circonscription","exp":910,"depcode":94,"cannum":16,"canname":"Charenton-le-Pont","comname":"Charenton-le-Pont","ins":1095,"Art":4,"Mel":159,"Rou":8,"Mac":322,"Las":15,"vot":923,"circode":9408,"Lep":70,"Pec":73,"Zem":171,"Hid":13,"Jad":59,"Pou":6,"Dup":10,"top":"Macron","area_error":-0.250657},"geometry":{"type":"Polygon","coordinates":[[[2.395746215622146,48.8215949117303],[2.3926337858138,48.8296865843224],[2.402718730549857,48.823296149365945],[2.395746215622146,48.8215949117303]]],"rewind":true}},{"type":"Feature","properties":{"depname":"Val-de-Marne","bvonum":"0012","comcode":94018,"cancode":9405,"bvocode":"94018_12","cirname":"8ème circonscription","exp":916,"depcode":94,"cannum":16,"canname":"Charenton-le-Pont","comname":"Charenton-le-Pont","ins":1101,"Art":5,"Mel":221,"Rou":11,"Mac":331,"Las":9,"vot":925,"circode":9408,"Lep":73,"Pec":63,"Zem":121,"Hid":15,"Jad":47,"Pou":8,"Dup":12,"top":"Macron","area_error":0.061652},"geometry":{"type":"Polygon","coordinates":[[[2.395746215622146,48.8215949117303],[2.395044346993205,48.81731889306136],[2.391847760946695,48.81937063450636],[2.389112931054112,48.82716366727268],[2.3926337858138,48.8296865843224],[2.395746215622146,48.8215949117303]]],"rewind":true}},{"type":"Feature","properties":{"depname":"Val-de-Marne","bvonum":"0013","comcode":94018,"cancode":9405,"bvocode":"94018_13","cirname":"8ème circonscription","exp":657,"depcode":94,"cannum":16,"canname":"Charenton-le-Pont","comname":"Charenton-le-Pont","ins":939,"Art":4,"Mel":283,"Rou":11,"Mac":156,"Las":14,"vot":674,"circode":9408,"Lep":74,"Pec":25,"Zem":46,"Hid":12,"Jad":19,"Pou":3,"Dup":10,"top":"Mélenchon","area_error":-0.015512},"geometry":{"type":"Polygon","coordinates":[[[2.396622101437843,48.81333049827047],[2.402902523588487,48.80410712061643],[2.4033854512596347,48.799831215341776],[2.403113753569594,48.80003133328098],[2.4025371711179986,48.80056923020722],[2.402518048336301,48.80058418549305],[2.40065797124793,48.8026350047461],[2.3984065578368416,48.8051239028779],[2.396356763052284,48.807501584217],[2.395990186992583,48.80793301048492],[2.396622101437843,48.81333049827047]]],"rewind":true}},{"type":"Feature","properties":{"depname":"Val-de-Marne","bvonum":"0014","comcode":94018,"cancode":9405,"bvocode":"94018_14","cirname":"8ème circonscription","exp":679,"depcode":94,"cannum":16,"canname":"Charenton-le-Pont","comname":"Charenton-le-Pont","ins":1026,"Art":4,"Mel":232,"Rou":15,"Mac":187,"Las":14,"vot":698,"circode":9408,"Lep":86,"Pec":25,"Zem":73,"Hid":8,"Jad":22,"Pou":6,"Dup":7,"top":"Mélenchon","area_error":0.009613},"geometry":{"type":"Polygon","coordinates":[[[2.391847760946695,48.81937063450636],[2.395044346993205,48.81731889306136],[2.3960369940935715,48.815668971844474],[2.396564223436493,48.813550382582946],[2.396622101437843,48.81333049827047],[2.395990186992583,48.80793301048492],[2.394707976811107,48.80944154019557],[2.394060100258073,48.81026187475623],[2.3929556619589913,48.81159822559943],[2.39103176046344,48.81397480098609],[2.3901843992780964,48.8150734016963],[2.390174086542892,48.8150869423763],[2.391847760946695,48.81937063450636]]],"rewind":true}},{"type":"Feature","properties":{"depname":"Val-de-Marne","bvonum":"0015","comcode":94018,"cancode":9405,"bvocode":"94018_15","cirname":"8ème circonscription","exp":611,"depcode":94,"cannum":16,"canname":"Charenton-le-Pont","comname":"Charenton-le-Pont","ins":904,"Art":1,"Mel":240,"Rou":8,"Mac":148,"Las":7,"vot":622,"circode":9408,"Lep":78,"Pec":24,"Zem":49,"Hid":11,"Jad":31,"Pou":6,"Dup":8,"top":"Mélenchon","area_error":0.047276},"geometry":{"type":"Polygon","coordinates":[[[2.402902523588487,48.80410712061643],[2.403031162954964,48.80430943306344],[2.4046726488213936,48.80427012121251],[2.4126567180011387,48.80066299888051],[2.412459188132197,48.7999049631595],[2.4123614282712733,48.79988491862556],[2.410971018429398,48.799592240010035],[2.408644891398243,48.79877954797961],[2.4071679353423883,48.79792766758454],[2.4067657125791455,48.798137776547456],[2.40596984805027,48.79849102021734],[2.405590607315597,48.798642636771],[2.40504118361076,48.7988230476159],[2.40494607438732,48.798848569663846],[2.404250576271852,48.79912265440683],[2.40363096461601,48.79964430393538],[2.4033854512596347,48.799831215341776],[2.402902523588487,48.80410712061643]]],"rewind":true}},{"type":"Feature","properties":{"depname":"Val-de-Marne","bvonum":"0016","comcode":94018,"cancode":9405,"bvocode":"94018_16","cirname":"8ème circonscription","exp":896,"depcode":94,"cannum":16,"canname":"Charenton-le-Pont","comname":"Charenton-le-Pont","ins":1134,"Art":3,"Mel":235,"Rou":12,"Mac":259,"Las":20,"vot":913,"circode":9408,"Lep":83,"Pec":82,"Zem":134,"Hid":8,"Jad":34,"Pou":6,"Dup":20,"top":"Macron","area_error":-0.014417},"geometry":{"type":"Polygon","coordinates":[[[2.391847760946695,48.81937063450636],[2.390174086542892,48.8150869423763],[2.388065246173372,48.81797079747567],[2.3847335868572883,48.82395370980098],[2.389112931054112,48.82716366727268],[2.391847760946695,48.81937063450636]]],"rewind":true}},{"type":"Feature","properties":{"depname":"Val-de-Marne","bvonum":"0017","comcode":94018,"cancode":9405,"bvocode":"94018_17","cirname":"8ème circonscription","exp":859,"depcode":94,"cannum":16,"canname":"Charenton-le-Pont","comname":"Charenton-le-Pont","ins":1063,"Art":1,"Mel":144,"Rou":9,"Mac":370,"Las":3,"vot":872,"circode":9408,"Lep":51,"Pec":53,"Zem":141,"Hid":15,"Jad":57,"Pou":3,"Dup":12,"top":"Macron","area_error":0.077853},"geometry":{"type":"Polygon","coordinates":[[[2.395044346993205,48.81731889306136],[2.395746215622146,48.8215949117303],[2.402718730549857,48.823296149365945],[2.40479576154677,48.82141534408698],[2.4014499637626767,48.81801568954407],[2.3960369940935715,48.815668971844474],[2.395044346993205,48.81731889306136]]],"rewind":true}},{"type":"Feature","properties":{"depname":"Val-de-Marne","bvonum":"0018","comcode":94018,"cancode":9405,"bvocode":"94018_18","cirname":"8ème circonscription","exp":703,"depcode":94,"cannum":16,"canname":"Charenton-le-Pont","comname":"Charenton-le-Pont","ins":880,"Art":3,"Mel":159,"Rou":14,"Mac":235,"Las":10,"vot":715,"circode":9408,"Lep":68,"Pec":72,"Zem":76,"Hid":12,"Jad":39,"Pou":6,"Dup":9,"top":"Macron","area_error":-0.014182},"geometry":{"type":"Polygon","coordinates":[[[2.3960369940935715,48.815668971844474],[2.4014499637626767,48.81801568954407],[2.405105701004448,48.811681374775674],[2.40482784565716,48.811124999694634],[2.396564223436493,48.813550382582946],[2.3960369940935715,48.815668971844474]]],"rewind":true}},{"type":"Feature","properties":{"depname":"Val-de-Marne","bvonum":"0019","comcode":94018,"cancode":9405,"bvocode":"94018_19","cirname":"8ème circonscription","exp":803,"depcode":94,"cannum":16,"canname":"Charenton-le-Pont","comname":"Charenton-le-Pont","ins":992,"Art":2,"Mel":124,"Rou":20,"Mac":290,"Las":13,"vot":816,"circode":9408,"Lep":77,"Pec":72,"Zem":120,"Hid":9,"Jad":58,"Pou":6,"Dup":12,"top":"Macron","area_error":0.049793},"geometry":{"type":"Polygon","coordinates":[[[2.4100911168124886,48.8127818206943],[2.412258466464843,48.8135913780267],[2.4166817943588352,48.81237733056032],[2.42013096949962,48.8088860214824],[2.4191601464351367,48.80693377379248],[2.4179514710380574,48.8061899670222],[2.4102196068972086,48.81098170984373],[2.4100911168124886,48.8127818206943]]],"rewind":true}},{"type":"Feature","properties":{"depname":"Val-de-Marne","bvonum":"0002","comcode":94018,"cancode":9405,"bvocode":"94018_2","cirname":"8ème circonscription","exp":881,"depcode":94,"cannum":16,"canname":"Charenton-le-Pont","comname":"Charenton-le-Pont","ins":1084,"Art":2,"Mel":189,"Rou":19,"Mac":317,"Las":16,"vot":898,"circode":9408,"Lep":64,"Pec":65,"Zem":112,"Hid":22,"Jad":65,"Pou":2,"Dup":8,"top":"Macron","area_error":0.030237},"geometry":{"type":"Polygon","coordinates":[[[2.4126567180011387,48.80066299888051],[2.413545972993448,48.80196877714813],[2.4179514710380574,48.8061899670222],[2.4191601464351367,48.80693377379248],[2.4263331263908086,48.80312657998406],[2.426300745913834,48.802391319563085],[2.42451397586172,48.80222522157863],[2.423579903156417,48.802144646100245],[2.419214202083331,48.802167580403584],[2.4183894821620537,48.80163366401382],[2.417847024872055,48.80133981350933],[2.41616151431328,48.800840725277666],[2.413851939101374,48.8002315932866],[2.412459188132197,48.7999049631595],[2.4126567180011387,48.80066299888051]]],"rewind":true}},{"type":"Feature","properties":{"depname":"Val-de-Marne","bvonum":"0020","comcode":94018,"cancode":9405,"bvocode":"94018_20","cirname":"8ème circonscription","exp":660,"depcode":94,"cannum":16,"canname":"Charenton-le-Pont","comname":"Charenton-le-Pont","ins":865,"Art":3,"Mel":200,"Rou":10,"Mac":201,"Las":10,"vot":684,"circode":9408,"Lep":70,"Pec":46,"Zem":67,"Hid":9,"Jad":34,"Pou":2,"Dup":8,"top":"Macron","area_error":-0.015922},"geometry":{"type":"Polygon","coordinates":[[[2.396564223436493,48.813550382582946],[2.40482784565716,48.811124999694634],[2.403031162954964,48.80430943306344],[2.402902523588487,48.80410712061643],[2.396622101437843,48.81333049827047],[2.396564223436493,48.813550382582946]]],"rewind":true}},{"type":"Feature","properties":{"depname":"Val-de-Marne","bvonum":"0003","comcode":94018,"cancode":9405,"bvocode":"94018_3","cirname":"8ème circonscription","exp":834,"depcode":94,"cannum":16,"canname":"Charenton-le-Pont","comname":"Charenton-le-Pont","ins":1020,"Art":3,"Mel":193,"Rou":12,"Mac":333,"Las":7,"vot":846,"circode":9408,"Lep":60,"Pec":43,"Zem":78,"Hid":15,"Jad":72,"Pou":9,"Dup":9,"top":"Macron","area_error":-0.034338},"geometry":{"type":"Polygon","coordinates":[[[2.4191601464351367,48.80693377379248],[2.42013096949962,48.8088860214824],[2.421669072647698,48.809686654933785],[2.4282881451470875,48.809923113515715],[2.4281386958037436,48.8094731472072],[2.4277162725785586,48.80822454971298],[2.42746252574618,48.80758348941252],[2.4271869830558614,48.806841615346514],[2.4270867990905107,48.80643723173395],[2.42667408877643,48.805385757636664],[2.42664745719935,48.805005473744174],[2.4263625912238154,48.80353509535354],[2.426344335306202,48.80333712173402],[2.4263331263908086,48.80312657998406],[2.4191601464351367,48.80693377379248]]],"rewind":true}},{"type":"Feature","properties":{"depname":"Val-de-Marne","bvonum":"0004","comcode":94018,"cancode":9405,"bvocode":"94018_4","cirname":"8ème circonscription","exp":814,"depcode":94,"cannum":16,"canname":"Charenton-le-Pont","comname":"Charenton-le-Pont","ins":1032,"Art":3,"Mel":149,"Rou":13,"Mac":305,"Las":10,"vot":825,"circode":9408,"Lep":51,"Pec":69,"Zem":114,"Hid":20,"Jad":67,"Pou":7,"Dup":6,"top":"Macron","area_error":0.021463},"geometry":{"type":"Polygon","coordinates":[[[2.421669072647698,48.809686654933785],[2.4245600477477236,48.81740710786296],[2.429764201824254,48.81459670942848],[2.4293114043151016,48.81289391204717],[2.4283285998693276,48.81004136543003],[2.4282881451470875,48.809923113515715],[2.421669072647698,48.809686654933785]]],"rewind":true}},{"type":"Feature","properties":{"depname":"Val-de-Marne","bvonum":"0005","comcode":94018,"cancode":9405,"bvocode":"94018_5","cirname":"8ème circonscription","exp":784,"depcode":94,"cannum":16,"canname":"Charenton-le-Pont","comname":"Charenton-le-Pont","ins":938,"Art":2,"Mel":162,"Rou":12,"Mac":309,"Las":12,"vot":797,"circode":9408,"Lep":56,"Pec":65,"Zem":74,"Hid":19,"Jad":59,"Pou":4,"Dup":10,"top":"Macron","area_error":-0.068538},"geometry":{"type":"Polygon","coordinates":[[[2.4166817943588352,48.81237733056032],[2.4232017303330635,48.81797422324366],[2.4245600477477236,48.81740710786296],[2.421669072647698,48.809686654933785],[2.42013096949962,48.8088860214824],[2.4166817943588352,48.81237733056032]]],"rewind":true}},{"type":"Feature","properties":{"depname":"Val-de-Marne","bvonum":"0006","comcode":94018,"cancode":9405,"bvocode":"94018_6","cirname":"8ème circonscription","exp":776,"depcode":94,"cannum":16,"canname":"Charenton-le-Pont","comname":"Charenton-le-Pont","ins":967,"Art":2,"Mel":152,"Rou":9,"Mac":301,"Las":13,"vot":791,"circode":9408,"Lep":67,"Pec":56,"Zem":88,"Hid":12,"Jad":62,"Pou":3,"Dup":11,"top":"Macron","area_error":0.041543},"geometry":{"type":"Polygon","coordinates":[[[2.4166817943588352,48.81237733056032],[2.412258466464843,48.8135913780267],[2.414848897622183,48.81856550318424],[2.4232017303330635,48.81797422324366],[2.4166817943588352,48.81237733056032]]],"rewind":true}},{"type":"Feature","properties":{"depname":"Val-de-Marne","bvonum":"0007","comcode":94018,"cancode":9405,"bvocode":"94018_7","cirname":"8ème circonscription","exp":800,"depcode":94,"cannum":16,"canname":"Charenton-le-Pont","comname":"Charenton-le-Pont","ins":993,"Art":3,"Mel":129,"Rou":11,"Mac":357,"Las":10,"vot":809,"circode":9408,"Lep":43,"Pec":80,"Zem":99,"Hid":10,"Jad":53,"Pou":2,"Dup":3,"top":"Macron","area_error":-0.021752},"geometry":{"type":"Polygon","coordinates":[[[2.412258466464843,48.8135913780267],[2.4100911168124886,48.8127818206943],[2.4082358194746845,48.8128124610936],[2.407175996413985,48.819980772739356],[2.414848897622183,48.81856550318424],[2.412258466464843,48.8135913780267]]],"rewind":true}},{"type":"Feature","properties":{"depname":"Val-de-Marne","bvonum":"0008","comcode":94018,"cancode":9405,"bvocode":"94018_8","cirname":"8ème circonscription","exp":844,"depcode":94,"cannum":16,"canname":"Charenton-le-Pont","comname":"Charenton-le-Pont","ins":1047,"Art":3,"Mel":173,"Rou":23,"Mac":290,"Las":8,"vot":855,"circode":9408,"Lep":74,"Pec":76,"Zem":101,"Hid":9,"Jad":74,"Pou":2,"Dup":11,"top":"Macron","area_error":0.015681},"geometry":{"type":"Polygon","coordinates":[[[2.40479576154677,48.82141534408698],[2.407175996413985,48.819980772739356],[2.4082358194746845,48.8128124610936],[2.405105701004448,48.811681374775674],[2.4014499637626767,48.81801568954407],[2.40479576154677,48.82141534408698]]],"rewind":true}},{"type":"Feature","properties":{"depname":"Val-de-Marne","bvonum":"0009","comcode":94018,"cancode":9405,"bvocode":"94018_9","cirname":"8ème circonscription","exp":701,"depcode":94,"cannum":16,"canname":"Charenton-le-Pont","comname":"Charenton-le-Pont","ins":951,"Art":6,"Mel":176,"Rou":6,"Mac":234,"Las":11,"vot":714,"circode":9408,"Lep":78,"Pec":36,"Zem":85,"Hid":10,"Jad":41,"Pou":3,"Dup":15,"top":"Macron","area_error":-0.104996},"geometry":{"type":"Polygon","coordinates":[[[2.4126567180011387,48.80066299888051],[2.4046726488213936,48.80427012121251],[2.4087679595132525,48.80888613456178],[2.413545972993448,48.80196877714813],[2.4126567180011387,48.80066299888051]]],"rewind":true}},{"type":"Feature","properties":{"depname":"Val-de-Marne","bvonum":"0001","comcode":94019,"cancode":9404,"bvocode":"94019_1","cirname":"4ème circonscription","exp":535,"depcode":94,"cannum":2,"canname":"Champigny-sur-Marne-2","comname":"Chennevières-sur-Marne","ins":689,"Art":0,"Mel":75,"Rou":6,"Mac":212,"Las":8,"vot":549,"circode":9404,"Lep":76,"Pec":43,"Zem":68,"Hid":5,"Jad":33,"Pou":2,"Dup":7,"top":"Macron","area_error":-0.002214},"geometry":{"type":"Polygon","coordinates":[[[2.5491336501078,48.77151503723603],[2.54821766934934,48.768202335127874],[2.546144289971499,48.76569190686636],[2.543685527294267,48.7651180297397],[2.543958491286977,48.7656915903084],[2.544027399783062,48.76576023035666],[2.5443173398269656,48.7668287822448],[2.5445381793737747,48.76779441986534],[2.5446009381337937,48.7684869708605],[2.544828893652424,48.76961198893168],[2.5448821591444233,48.77008010116767],[2.545084430059651,48.77104752319805],[2.5450876260485717,48.77106936047871],[2.5451697071797947,48.77150532126991],[2.5452136726644823,48.7717391803266],[2.54524745414644,48.7720686314998],[2.5452329796543745,48.772343171517],[2.5451507529104225,48.772564285039856],[2.544993875232385,48.77341450713993],[2.544775500034912,48.77383407248857],[2.5447091652486233,48.774347326222546],[2.5447582812640555,48.77435763301483],[2.5491336501078,48.77151503723603]]],"rewind":true}},{"type":"Feature","properties":{"depname":"Val-de-Marne","bvonum":"0010","comcode":94019,"cancode":9404,"bvocode":"94019_10","cirname":"4ème circonscription","exp":628,"depcode":94,"cannum":2,"canname":"Champigny-sur-Marne-2","comname":"Chennevières-sur-Marne","ins":985,"Art":8,"Mel":375,"Rou":9,"Mac":96,"Las":3,"vot":644,"circode":9404,"Lep":89,"Pec":14,"Zem":14,"Hid":2,"Jad":9,"Pou":2,"Dup":7,"top":"Mélenchon","area_error":0.031935},"geometry":{"type":"Polygon","coordinates":[[[2.5699694342265014,48.76609778654657],[2.5678133225367676,48.7707247767151],[2.568297992898915,48.77370758774563],[2.56917682899163,48.77460292982803],[2.569496678324061,48.7775655640115],[2.569558578270853,48.77880253455826],[2.5695765803252644,48.7794642101218],[2.5696064167402928,48.78025772291015],[2.569461915175372,48.78152532326795],[2.5694239140303328,48.78196738134425],[2.569388110896369,48.78223967598392],[2.5695608518732937,48.78290492765805],[2.56980578925456,48.7824403446283],[2.569958846469065,48.78210140199007],[2.570219541627578,48.7813400514681],[2.57034403760365,48.78085302377871],[2.570451075594671,48.7804327903549],[2.570470130491721,48.78036106320647],[2.570617935182894,48.7798046598708],[2.571016134813683,48.7786977681227],[2.57123485162166,48.77837374727606],[2.5713487720144075,48.77836451854084],[2.571384703074845,48.77812555271157],[2.571644635572164,48.77633798601645],[2.571584941511671,48.77621431358246],[2.57168725490117,48.7758408181225],[2.57180728957498,48.7750503491864],[2.571850840995136,48.7745999308174],[2.5719450069933076,48.77442537276526],[2.5721671138927342,48.773224292522244],[2.5714838372768076,48.7731263570577],[2.5709592203395735,48.77300228006572],[2.5711892446756246,48.770929646471785],[2.572134233944516,48.77111632813496],[2.572854645038163,48.771444194249334],[2.574138887740911,48.77254673985572],[2.574295581317838,48.772700533545425],[2.5699694342265014,48.76609778654657]]],"rewind":true}},{"type":"Feature","properties":{"depname":"Val-de-Marne","bvonum":"0011","comcode":94019,"cancode":9404,"bvocode":"94019_11","cirname":"4ème circonscription","exp":640,"depcode":94,"cannum":2,"canname":"Champigny-sur-Marne-2","comname":"Chennevières-sur-Marne","ins":895,"Art":5,"Mel":219,"Rou":13,"Mac":164,"Las":15,"vot":656,"circode":9404,"Lep":106,"Pec":32,"Zem":35,"Hid":5,"Jad":23,"Pou":7,"Dup":16,"top":"Mélenchon","area_error":-0.026522},"geometry":{"type":"Polygon","coordinates":[[[2.563508465902407,48.766213253979416],[2.563148836743589,48.76785405118623],[2.5678133225367676,48.7707247767151],[2.5699694342265014,48.76609778654657],[2.5691340703031034,48.760517947014286],[2.56910090644079,48.76054216146572],[2.56905586112537,48.76056840518481],[2.568844576369734,48.76123624286517],[2.56881959216849,48.76158409535266],[2.568781913281186,48.7615994502383],[2.568730402929824,48.7625461481506],[2.568714643026793,48.76292058559827],[2.568543567969616,48.764410002720226],[2.5685775958743213,48.7646800379932],[2.56649766744362,48.764412375712624],[2.565982631384264,48.764259441949],[2.5653060829593075,48.763436408720914],[2.5652699372572276,48.76339104487198],[2.5657212434602448,48.76320146449742],[2.5655298038418666,48.7628252705306],[2.565694093482392,48.7625022711184],[2.565706174269528,48.762358995641655],[2.563508465902407,48.766213253979416]]],"rewind":true}},{"type":"Feature","properties":{"depname":"Val-de-Marne","bvonum":"0012","comcode":94019,"cancode":9404,"bvocode":"94019_12","cirname":"4ème circonscription","exp":663,"depcode":94,"cannum":2,"canname":"Champigny-sur-Marne-2","comname":"Chennevières-sur-Marne","ins":931,"Art":3,"Mel":307,"Rou":11,"Mac":142,"Las":9,"vot":672,"circode":9404,"Lep":101,"Pec":18,"Zem":26,"Hid":5,"Jad":21,"Pou":3,"Dup":17,"top":"Mélenchon","area_error":0.006231},"geometry":{"type":"Polygon","coordinates":[[[2.5699694342265014,48.76609778654657],[2.574295581317838,48.772700533545425],[2.57488094316426,48.773266486109755],[2.5757358792317566,48.77444132293569],[2.576050560992566,48.7737277923196],[2.57636343056754,48.773332806537624],[2.576961950769306,48.77314475124384],[2.5769374820617883,48.77292413493972],[2.5768028659818816,48.77195810369842],[2.5768987204945772,48.7708047983502],[2.5750503396906024,48.76959642271756],[2.573981644446234,48.76846572098845],[2.57304132996642,48.76700045945211],[2.5730268228948088,48.76700239494952],[2.5721378707945,48.76495183651517],[2.571750013084686,48.763635529599426],[2.5714666236005534,48.7627442238603],[2.5709596774631365,48.7610316180152],[2.570674224345927,48.7600253059606],[2.5699609260848333,48.75810465627833],[2.569867902895008,48.75787492177918],[2.5698438091609788,48.757522764938926],[2.5693832415174356,48.75829953931946],[2.5694817492491744,48.75927081832075],[2.569637516309249,48.760086888161766],[2.569532046083772,48.760188835154246],[2.5692610955259068,48.7604283313052],[2.5691340703031034,48.760517947014286],[2.5699694342265014,48.76609778654657]]],"rewind":true}},{"type":"Feature","properties":{"depname":"Val-de-Marne","bvonum":"0002","comcode":94019,"cancode":9404,"bvocode":"94019_2","cirname":"4ème circonscription","exp":669,"depcode":94,"cannum":2,"canname":"Champigny-sur-Marne-2","comname":"Chennevières-sur-Marne","ins":880,"Art":1,"Mel":132,"Rou":21,"Mac":210,"Las":12,"vot":682,"circode":9404,"Lep":128,"Pec":34,"Zem":78,"Hid":5,"Jad":25,"Pou":2,"Dup":21,"top":"Macron","area_error":-0.037246},"geometry":{"type":"Polygon","coordinates":[[[2.550332832725247,48.776439609640974],[2.55027084296802,48.77672567421369],[2.550095053367095,48.77736868402961],[2.5506420632302373,48.7769493942893],[2.551092466388534,48.77664163672798],[2.5511717476275217,48.776545071780845],[2.553031692417864,48.77542558831933],[2.5532882445719336,48.77528323618365],[2.553811767631005,48.774942775074024],[2.5538533793427485,48.77494263517476],[2.56085098429936,48.766825935558],[2.559855634579525,48.76600675389888],[2.553441371112815,48.770405977112866],[2.550332832725247,48.776439609640974]]],"rewind":true}},{"type":"Feature","properties":{"depname":"Val-de-Marne","bvonum":"0003","comcode":94019,"cancode":9404,"bvocode":"94019_3","cirname":"4ème circonscription","exp":411,"depcode":94,"cannum":2,"canname":"Champigny-sur-Marne-2","comname":"Chennevières-sur-Marne","ins":594,"Art":0,"Mel":82,"Rou":7,"Mac":145,"Las":6,"vot":420,"circode":9404,"Lep":75,"Pec":26,"Zem":30,"Hid":7,"Jad":20,"Pou":3,"Dup":10,"top":"Macron","area_error":0.05369},"geometry":{"type":"Polygon","coordinates":[[[2.559855634579525,48.76600675389888],[2.56085098429936,48.766825935558],[2.563508465902407,48.766213253979416],[2.565706174269528,48.762358995641655],[2.5658728133173576,48.76090423693126],[2.5659986085927593,48.75980648822127],[2.566079615957769,48.7591794614083],[2.566149866157512,48.7575051914331],[2.56546949085595,48.758025441968286],[2.56465651489093,48.7590712410151],[2.5645220877472164,48.759284311710466],[2.56430290781706,48.7595906365621],[2.564197545849085,48.75975455018171],[2.5640880914936517,48.75988542447393],[2.5619064155895446,48.76316967347003],[2.559855634579525,48.76600675389888]]],"rewind":true}},{"type":"Feature","properties":{"depname":"Val-de-Marne","bvonum":"0004","comcode":94019,"cancode":9404,"bvocode":"94019_4","cirname":"4ème circonscription","exp":786,"depcode":94,"cannum":2,"canname":"Champigny-sur-Marne-2","comname":"Chennevières-sur-Marne","ins":998,"Art":5,"Mel":153,"Rou":11,"Mac":249,"Las":21,"vot":798,"circode":9404,"Lep":140,"Pec":50,"Zem":81,"Hid":8,"Jad":44,"Pou":4,"Dup":20,"top":"Macron","area_error":0.005684},"geometry":{"type":"Polygon","coordinates":[[[2.553441371112815,48.770405977112866],[2.5491336501078,48.77151503723603],[2.5447582812640555,48.77435763301483],[2.544772661119772,48.774360732518744],[2.54486938573673,48.77453571150835],[2.544915702630955,48.77486504724322],[2.5447771329554034,48.77509064042503],[2.544738310528078,48.77532564349143],[2.5447025551450024,48.7753606078237],[2.5446332559748237,48.77633401700805],[2.5446524178499157,48.77675208224903],[2.544628617694607,48.776868912012624],[2.544415322191379,48.77749257186308],[2.5440920383526757,48.778293173032274],[2.545981677250241,48.77801362683954],[2.5465380326426366,48.777894249538875],[2.5470305273161533,48.77767378874018],[2.54791851929018,48.77734076144874],[2.547718187201657,48.77764426831947],[2.547581153459825,48.77814466069758],[2.54739185481255,48.77845366854705],[2.5470077313736925,48.77896268793059],[2.546676721069581,48.7794546773273],[2.546431264261248,48.779753666820724],[2.547009163702385,48.77977100643842],[2.547289515991317,48.77948006112917],[2.547582579275452,48.77908914020936],[2.54785388234202,48.77870186826877],[2.5480767567938867,48.77843434143818],[2.5482155172788676,48.77825046976864],[2.548552560498254,48.77770735950555],[2.5487289810987814,48.77724958405725],[2.5496768659959073,48.77681367096964],[2.550334626410225,48.776429885701965],[2.550332832725247,48.776439609640974],[2.553441371112815,48.770405977112866]]],"rewind":true}},{"type":"Feature","properties":{"depname":"Val-de-Marne","bvonum":"0005","comcode":94019,"cancode":9404,"bvocode":"94019_5","cirname":"4ème circonscription","exp":800,"depcode":94,"cannum":2,"canname":"Champigny-sur-Marne-2","comname":"Chennevières-sur-Marne","ins":1026,"Art":1,"Mel":141,"Rou":9,"Mac":262,"Las":23,"vot":816,"circode":9404,"Lep":126,"Pec":61,"Zem":96,"Hid":10,"Jad":57,"Pou":2,"Dup":12,"top":"Macron","area_error":0.048569},"geometry":{"type":"Polygon","coordinates":[[[2.5491336501078,48.77151503723603],[2.553441371112815,48.770405977112866],[2.559855634579525,48.76600675389888],[2.5619064155895446,48.76316967347003],[2.54821766934934,48.768202335127874],[2.5491336501078,48.77151503723603]]],"rewind":true}},{"type":"Feature","properties":{"depname":"Val-de-Marne","bvonum":"0006","comcode":94019,"cancode":9404,"bvocode":"94019_6","cirname":"4ème circonscription","exp":714,"depcode":94,"cannum":2,"canname":"Champigny-sur-Marne-2","comname":"Chennevières-sur-Marne","ins":895,"Art":0,"Mel":114,"Rou":17,"Mac":261,"Las":5,"vot":730,"circode":9404,"Lep":118,"Pec":57,"Zem":82,"Hid":4,"Jad":37,"Pou":5,"Dup":14,"top":"Macron","area_error":-0.109771},"geometry":{"type":"Polygon","coordinates":[[[2.546144289971499,48.76569190686636],[2.54821766934934,48.768202335127874],[2.5619064155895446,48.76316967347003],[2.5640880914936517,48.75988542447393],[2.563932167285374,48.76008390886468],[2.563181515055633,48.760878605105276],[2.562932426303674,48.76115766154687],[2.5624613213968224,48.76157307590857],[2.562060671284415,48.761759236009645],[2.56112375443724,48.76250298735869],[2.560413094954738,48.76306560301253],[2.5558382999794933,48.765867921418334],[2.5555176204282812,48.766042719480055],[2.5553167529845577,48.7660190895903],[2.5550538695786456,48.765776641989945],[2.5549665898826284,48.76565467708707],[2.554121453808187,48.7644319032019],[2.553461158335018,48.7634030032046],[2.552929576381497,48.7625715744561],[2.5526550836459934,48.762172461456785],[2.552577453864906,48.76203459429079],[2.546144289971499,48.76569190686636]]],"rewind":true}},{"type":"Feature","properties":{"depname":"Val-de-Marne","bvonum":"0007","comcode":94019,"cancode":9404,"bvocode":"94019_7","cirname":"4ème circonscription","exp":700,"depcode":94,"cannum":2,"canname":"Champigny-sur-Marne-2","comname":"Chennevières-sur-Marne","ins":973,"Art":2,"Mel":146,"Rou":15,"Mac":216,"Las":14,"vot":719,"circode":9404,"Lep":175,"Pec":40,"Zem":43,"Hid":10,"Jad":26,"Pou":2,"Dup":11,"top":"Macron","area_error":0.058142},"geometry":{"type":"Polygon","coordinates":[[[2.546144289971499,48.76569190686636],[2.552577453864906,48.76203459429079],[2.552275003730937,48.76171542442303],[2.552062860913486,48.76169640374407],[2.549892903977794,48.76174605136926],[2.5496295260285264,48.7617388202069],[2.5484012132422342,48.76155307097777],[2.5481246890603466,48.7615085898428],[2.546929362517861,48.7613276248342],[2.545869195510598,48.761053096386476],[2.5456152909088,48.761076937751],[2.54510348300165,48.76130403321268],[2.541994799372016,48.76015879025335],[2.5399821414580046,48.76064804610126],[2.5403216476911807,48.76077310249252],[2.53978885296142,48.760842958630086],[2.5393016526081964,48.76087970417135],[2.53884270647137,48.7609881608227],[2.538530903518354,48.76104573558879],[2.5392831236722064,48.76133852870096],[2.538614246293756,48.76147244000602],[2.538929668505335,48.76157816202816],[2.5383941601590108,48.761786230852344],[2.5377732777158584,48.76200677304648],[2.5388283257953,48.762222541977934],[2.5395068602129247,48.762330504364456],[2.539692164004614,48.76241969474898],[2.5403596545864158,48.762726326517864],[2.540569637889802,48.76280773751967],[2.5407947994565276,48.76288041718892],[2.5409938138371846,48.762932038224825],[2.541184588334376,48.76299389955218],[2.541813459659771,48.76344814245462],[2.541894202563486,48.7635105644072],[2.542301454441799,48.76375776576792],[2.5426664102057654,48.763993964624774],[2.54323292565746,48.76446704530756],[2.543634728760384,48.76502893277809],[2.543685527294267,48.7651180297397],[2.546144289971499,48.76569190686636]]],"rewind":true}},{"type":"Feature","properties":{"depname":"Val-de-Marne","bvonum":"0008","comcode":94019,"cancode":9404,"bvocode":"94019_8","cirname":"4ème circonscription","exp":696,"depcode":94,"cannum":2,"canname":"Champigny-sur-Marne-2","comname":"Chennevières-sur-Marne","ins":989,"Art":2,"Mel":147,"Rou":13,"Mac":198,"Las":12,"vot":705,"circode":9404,"Lep":159,"Pec":34,"Zem":76,"Hid":3,"Jad":27,"Pou":4,"Dup":21,"top":"Macron","area_error":0.000163},"geometry":{"type":"Polygon","coordinates":[[[2.563148836743589,48.76785405118623],[2.563508465902407,48.766213253979416],[2.56085098429936,48.766825935558],[2.5538533793427485,48.77494263517476],[2.55420958954267,48.77498648175902],[2.55424338890148,48.77542517815275],[2.5551321341613322,48.774463054762],[2.555453158962859,48.774525769718245],[2.555638425608147,48.77462585837614],[2.556157111601127,48.77541472063937],[2.5561886732260986,48.77564708540655],[2.556529295620934,48.7761014208666],[2.5566298363082733,48.776221792401856],[2.5567422309352654,48.7764094157592],[2.5570611569483437,48.77692478396756],[2.5571987497473847,48.7772047446664],[2.557181783361182,48.777501408621525],[2.55716965301119,48.778324655826374],[2.5571545209219537,48.78048089302596],[2.5573127146491736,48.78002372746418],[2.5574755095884214,48.77946422363802],[2.557587581485307,48.77849862527683],[2.557770630755607,48.77816232237133],[2.557796642824945,48.77751540349575],[2.5580335189666727,48.7764762721975],[2.558178194358048,48.775997435555254],[2.5583874218988134,48.77550908835437],[2.55864223282229,48.775106917172934],[2.563148836743589,48.76785405118623]]],"rewind":true}},{"type":"Feature","properties":{"depname":"Val-de-Marne","bvonum":"0009","comcode":94019,"cancode":9404,"bvocode":"94019_9","cirname":"4ème circonscription","exp":568,"depcode":94,"cannum":2,"canname":"Champigny-sur-Marne-2","comname":"Chennevières-sur-Marne","ins":860,"Art":4,"Mel":341,"Rou":14,"Mac":106,"Las":5,"vot":577,"circode":9404,"Lep":63,"Pec":13,"Zem":10,"Hid":6,"Jad":1,"Pou":5,"Dup":0,"top":"Mélenchon","area_error":0.0383},"geometry":{"type":"Polygon","coordinates":[[[2.5678133225367676,48.7707247767151],[2.563148836743589,48.76785405118623],[2.55864223282229,48.775106917172934],[2.559448468931313,48.77474224111796],[2.5596625465501814,48.774694886529346],[2.5603249496447478,48.77451950931941],[2.5613469249795844,48.77429821440121],[2.5621052946611944,48.7741909190668],[2.56383958056364,48.7738229494431],[2.56621218384315,48.77304627928363],[2.566402949302371,48.7732008152239],[2.5678601366761153,48.773617047820686],[2.568233461887278,48.773646780657145],[2.568297992898915,48.77370758774563],[2.5678133225367676,48.7707247767151]]],"rewind":true}},{"type":"Feature","properties":{"depname":"Val-de-Marne","bvonum":"0001","comcode":94021,"cancode":9419,"bvocode":"94021_1","cirname":"7ème circonscription","exp":733,"depcode":94,"cannum":8,"canname":"Thiais","comname":"Chevilly-Larue","ins":1021,"Art":4,"Mel":218,"Rou":32,"Mac":239,"Las":13,"vot":746,"circode":9407,"Lep":99,"Pec":29,"Zem":42,"Hid":7,"Jad":34,"Pou":8,"Dup":8,"top":"Macron","area_error":0.101852},"geometry":{"type":"Polygon","coordinates":[[[2.3657038129750974,48.741263169265146],[2.3671320473114226,48.73978605874724],[2.359063528149844,48.737862412341144],[2.355253091761877,48.7425904096037],[2.355333107049442,48.74255785774547],[2.355482289785546,48.7427559205227],[2.3553935539185855,48.743740257460274],[2.35517029768058,48.74451693612232],[2.3551228370325568,48.74473129823809],[2.3550572357828217,48.74513972041607],[2.3657038129750974,48.741263169265146]]],"rewind":true}},{"type":"Feature","properties":{"depname":"Val-de-Marne","bvonum":"0010","comcode":94021,"cancode":9419,"bvocode":"94021_10","cirname":"7ème circonscription","exp":883,"depcode":94,"cannum":8,"canname":"Thiais","comname":"Chevilly-Larue","ins":1204,"Art":6,"Mel":270,"Rou":32,"Mac":222,"Las":22,"vot":902,"circode":9407,"Lep":159,"Pec":34,"Zem":60,"Hid":14,"Jad":38,"Pou":6,"Dup":20,"top":"Mélenchon","area_error":-0.018068},"geometry":{"type":"Polygon","coordinates":[[[2.3582412825426915,48.736669997279535],[2.359063528149844,48.737862412341144],[2.3671320473114226,48.73978605874724],[2.369443844352944,48.7394418985664],[2.3709937994433563,48.73383116028395],[2.3708776851950866,48.733869101310255],[2.370297587738509,48.73402525623003],[2.3687764091133032,48.734768958377224],[2.367526775408561,48.734847555219936],[2.366989274386477,48.735064479855474],[2.3646383856625235,48.73505890288048],[2.3631766021578655,48.73540814721087],[2.360218213620204,48.73541573858437],[2.35966214459008,48.735535929700546],[2.359416971217037,48.73552085009243],[2.3582412825426915,48.736669997279535]]],"rewind":true}},{"type":"Feature","properties":{"depname":"Val-de-Marne","bvonum":"0002","comcode":94021,"cancode":9419,"bvocode":"94021_2","cirname":"7ème circonscription","exp":939,"depcode":94,"cannum":8,"canname":"Thiais","comname":"Chevilly-Larue","ins":1368,"Art":2,"Mel":392,"Rou":22,"Mac":227,"Las":12,"vot":955,"circode":9407,"Lep":139,"Pec":38,"Zem":45,"Hid":9,"Jad":30,"Pou":7,"Dup":16,"top":"Mélenchon","area_error":-0.051923},"geometry":{"type":"Polygon","coordinates":[[[2.369443844352944,48.7394418985664],[2.3770657697199176,48.73790560035709],[2.377674675689478,48.73668703532024],[2.3783494852445957,48.73497879137744],[2.37884919651034,48.73345053185545],[2.380092575909443,48.73089206687473],[2.379257878686528,48.73125571974459],[2.37506678060697,48.73226080291033],[2.3732652342856455,48.73273487644319],[2.3711038750963245,48.733788822986725],[2.3709937994433563,48.73383116028395],[2.369443844352944,48.7394418985664]]],"rewind":true}},{"type":"Feature","properties":{"depname":"Val-de-Marne","bvonum":"0003","comcode":94021,"cancode":9419,"bvocode":"94021_3","cirname":"7ème circonscription","exp":909,"depcode":94,"cannum":8,"canname":"Thiais","comname":"Chevilly-Larue","ins":1333,"Art":8,"Mel":358,"Rou":41,"Mac":200,"Las":10,"vot":928,"circode":9407,"Lep":116,"Pec":36,"Zem":67,"Hid":17,"Jad":34,"Pou":4,"Dup":18,"top":"Mélenchon","area_error":0.023223},"geometry":{"type":"Polygon","coordinates":[[[2.369443844352944,48.7394418985664],[2.3671320473114226,48.73978605874724],[2.3657038129750974,48.741263169265146],[2.3688047253782583,48.746079132794065],[2.3744123407814772,48.743884705792816],[2.375192448106833,48.741677824458876],[2.3760810718692458,48.73979877890366],[2.3765268435197338,48.73899208830371],[2.376950349088688,48.73814131650113],[2.3770657697199176,48.73790560035709],[2.369443844352944,48.7394418985664]]],"rewind":true}},{"type":"Feature","properties":{"depname":"Val-de-Marne","bvonum":"0004","comcode":94021,"cancode":9419,"bvocode":"94021_4","cirname":"7ème circonscription","exp":688,"depcode":94,"cannum":8,"canname":"Thiais","comname":"Chevilly-Larue","ins":1101,"Art":6,"Mel":357,"Rou":18,"Mac":116,"Las":7,"vot":711,"circode":9407,"Lep":96,"Pec":20,"Zem":33,"Hid":4,"Jad":14,"Pou":2,"Dup":15,"top":"Mélenchon","area_error":0.008321},"geometry":{"type":"Polygon","coordinates":[[[2.368779158219175,48.74611188676941],[2.3573263935236786,48.7473883328437],[2.357412317268951,48.7481165075919],[2.3574901961475323,48.74854164772686],[2.3576572787814407,48.74879367864862],[2.358054694791533,48.74919236308079],[2.3586159025611417,48.74979562479193],[2.35938885895101,48.75046290932676],[2.3601840584079175,48.75105295774851],[2.3611183070323754,48.75171961402403],[2.3618462278610424,48.752049827371664],[2.362237695267054,48.75216565076202],[2.3634092613778472,48.75252059564055],[2.36361330467947,48.7525190005279],[2.364285203888199,48.75239846832875],[2.368779158219175,48.74611188676941]]],"rewind":true}},{"type":"Feature","properties":{"depname":"Val-de-Marne","bvonum":"0005","comcode":94021,"cancode":9419,"bvocode":"94021_5","cirname":"7ème circonscription","exp":780,"depcode":94,"cannum":8,"canname":"Thiais","comname":"Chevilly-Larue","ins":1242,"Art":5,"Mel":395,"Rou":22,"Mac":130,"Las":11,"vot":796,"circode":9407,"Lep":121,"Pec":22,"Zem":29,"Hid":9,"Jad":22,"Pou":5,"Dup":9,"top":"Mélenchon","area_error":-0.06716},"geometry":{"type":"Polygon","coordinates":[[[2.3550572357828217,48.74513972041607],[2.3548849254237676,48.74597401790661],[2.355200727927011,48.7456862813098],[2.3566129433605636,48.74453296116306],[2.357019905907829,48.744363793454355],[2.357269205205685,48.74430387554314],[2.3571104570224426,48.745189881484585],[2.35727929674735,48.74672854459677],[2.3573263935236786,48.7473883328437],[2.368779158219175,48.74611188676941],[2.3688047253782583,48.746079132794065],[2.3657038129750974,48.741263169265146],[2.3550572357828217,48.74513972041607]]],"rewind":true}},{"type":"Feature","properties":{"depname":"Val-de-Marne","bvonum":"0006","comcode":94021,"cancode":9419,"bvocode":"94021_6","cirname":"7ème circonscription","exp":699,"depcode":94,"cannum":8,"canname":"Thiais","comname":"Chevilly-Larue","ins":1029,"Art":1,"Mel":318,"Rou":19,"Mac":196,"Las":11,"vot":716,"circode":9407,"Lep":60,"Pec":22,"Zem":26,"Hid":6,"Jad":22,"Pou":8,"Dup":10,"top":"Mélenchon","area_error":0.016693},"geometry":{"type":"Polygon","coordinates":[[[2.3688047253782583,48.746079132794065],[2.368779158219175,48.74611188676941],[2.364285203888199,48.75239846832875],[2.367042159567003,48.7516386005563],[2.369368427532335,48.75117990876896],[2.37176368298276,48.7505713831485],[2.373326696143921,48.749987295419636],[2.3734331489688056,48.74928242310455],[2.37358576504397,48.7479697751176],[2.3744036760627285,48.74391316167222],[2.3744123407814772,48.743884705792816],[2.3688047253782583,48.746079132794065]]],"rewind":true}},{"type":"Feature","properties":{"depname":"Val-de-Marne","bvonum":"0007","comcode":94021,"cancode":9419,"bvocode":"94021_7","cirname":"7ème circonscription","exp":664,"depcode":94,"cannum":8,"canname":"Thiais","comname":"Chevilly-Larue","ins":859,"Art":5,"Mel":160,"Rou":24,"Mac":211,"Las":25,"vot":680,"circode":9407,"Lep":97,"Pec":43,"Zem":42,"Hid":13,"Jad":23,"Pou":5,"Dup":16,"top":"Macron","area_error":0.084391},"geometry":{"type":"Polygon","coordinates":[[[2.356129399500784,48.73683063616378],[2.343240471036987,48.7455318967571],[2.343267990747715,48.745628784590274],[2.34333984813129,48.746416980861255],[2.34336498636444,48.7469118106237],[2.343392255064061,48.7469655186513],[2.3434475042582776,48.74702740693468],[2.3434826928264667,48.7470753855432],[2.34354968474617,48.747192896184465],[2.343550350997444,48.74719412060568],[2.3419969591241316,48.74959653632005],[2.3419385650759073,48.74956687354655],[2.3406945583759464,48.7510039412233],[2.3412146499032724,48.751121398682535],[2.3415526585380473,48.75123047013744],[2.341828088720287,48.7513949902005],[2.341955903690662,48.75152893381486],[2.34203659513718,48.75178085892575],[2.342790323153846,48.75064263166098],[2.3431913953177337,48.75000840033697],[2.34316905110845,48.75022711310081],[2.3437578798107723,48.74917291831557],[2.3436507018300645,48.74984055623585],[2.343681374800774,48.74994345876615],[2.343708787170809,48.7499168537137],[2.356129399500784,48.73683063616378]]],"rewind":true}},{"type":"Feature","properties":{"depname":"Val-de-Marne","bvonum":"0008","comcode":94021,"cancode":9419,"bvocode":"94021_8","cirname":"7ème circonscription","exp":637,"depcode":94,"cannum":8,"canname":"Thiais","comname":"Chevilly-Larue","ins":859,"Art":0,"Mel":170,"Rou":19,"Mac":190,"Las":16,"vot":651,"circode":9407,"Lep":94,"Pec":36,"Zem":50,"Hid":12,"Jad":28,"Pou":4,"Dup":18,"top":"Macron","area_error":0.092601},"geometry":{"type":"Polygon","coordinates":[[[2.356129399500784,48.73683063616378],[2.3582412825426915,48.736669997279535],[2.359416971217037,48.73552085009243],[2.3588286945276318,48.73545013639012],[2.3558067845703317,48.73585575352199],[2.3550410883136585,48.73543657616245],[2.35501985435386,48.7353686401527],[2.3545149217113024,48.73526365290746],[2.353638916523414,48.735605202003],[2.3525089553203515,48.73619240642843],[2.352424134526775,48.73623976522233],[2.34961690779105,48.738069525479155],[2.3482870248335077,48.73880712409725],[2.3472497113112376,48.74008714168973],[2.347599300196354,48.73996574841797],[2.3487959064497828,48.7395763816329],[2.345263382930725,48.74249764781745],[2.3439476367230245,48.74359255866774],[2.3427904054616486,48.7445030374878],[2.3423690748164274,48.74453695289912],[2.3413137998249587,48.74529141206237],[2.34176880509512,48.74519674173795],[2.342255282264928,48.74518291701821],[2.3427570394125237,48.74517720104258],[2.3430954440473957,48.7452307546035],[2.343240471036987,48.7455318967571],[2.356129399500784,48.73683063616378]]],"rewind":true}},{"type":"Feature","properties":{"depname":"Val-de-Marne","bvonum":"0009","comcode":94021,"cancode":9419,"bvocode":"94021_9","cirname":"7ème circonscription","exp":639,"depcode":94,"cannum":8,"canname":"Thiais","comname":"Chevilly-Larue","ins":860,"Art":4,"Mel":182,"Rou":25,"Mac":191,"Las":11,"vot":650,"circode":9407,"Lep":88,"Pec":30,"Zem":43,"Hid":16,"Jad":34,"Pou":3,"Dup":12,"top":"Macron","area_error":-0.195965},"geometry":{"type":"Polygon","coordinates":[[[2.359063528149844,48.737862412341144],[2.3582412825426915,48.736669997279535],[2.356129399500784,48.73683063616378],[2.343708787170809,48.7499168537137],[2.3439181308098327,48.749859044586],[2.344388876276682,48.74914194004614],[2.3445117929199926,48.7489840763845],[2.3457655837624656,48.74761164885035],[2.3479489953717256,48.74637671437973],[2.3480422494091577,48.74563248047904],[2.3483187060271367,48.744148989181475],[2.348734541028944,48.74397279228817],[2.3496059511906515,48.743680809942035],[2.3502053254433233,48.743526559372846],[2.3515600966401964,48.743240860440515],[2.35232321897854,48.74314771654315],[2.3533498532782566,48.74298017817438],[2.3547711357828933,48.7427301803756],[2.355253091761877,48.7425904096037],[2.359063528149844,48.737862412341144]]],"rewind":true}},{"type":"Feature","properties":{"depname":"Val-de-Marne","bvonum":"0001","comcode":94022,"cancode":9406,"bvocode":"94022_1","cirname":"2ème circonscription","exp":683,"depcode":94,"cannum":24,"canname":"Choisy-le-Roi","comname":"Choisy-le-Roi","ins":897,"Art":0,"Mel":209,"Rou":12,"Mac":241,"Las":6,"vot":691,"circode":9402,"Lep":65,"Pec":42,"Zem":50,"Hid":14,"Jad":32,"Pou":0,"Dup":12,"top":"Macron","area_error":-0.018349},"geometry":{"type":"Polygon","coordinates":[[[2.417072214231416,48.745380023273256],[2.418631760860701,48.74220276428707],[2.415956664429011,48.74085971021143],[2.41027256613365,48.73927194661244],[2.410089819547432,48.73975872186257],[2.4099186402454187,48.73999191304776],[2.409243920536329,48.74019675880573],[2.4083116256440844,48.74067564320359],[2.4081931968219425,48.74073657392992],[2.4138003132363566,48.74478634381327],[2.417072214231416,48.745380023273256]]],"rewind":true}},{"type":"Feature","properties":{"depname":"Val-de-Marne","bvonum":"0010","comcode":94022,"cancode":9406,"bvocode":"94022_10","cirname":"2ème circonscription","exp":662,"depcode":94,"cannum":24,"canname":"Choisy-le-Roi","comname":"Choisy-le-Roi","ins":851,"Art":0,"Mel":209,"Rou":36,"Mac":183,"Las":11,"vot":675,"circode":9402,"Lep":59,"Pec":40,"Zem":59,"Hid":14,"Jad":43,"Pou":2,"Dup":6,"top":"Mélenchon","area_error":0.10711},"geometry":{"type":"Polygon","coordinates":[[[2.415956664429011,48.74085971021143],[2.425441479870906,48.73858496368018],[2.410884852014236,48.73638865017808],[2.4108310105997934,48.736895228396],[2.4107714949004633,48.73749785584965],[2.410695527720516,48.737823198627986],[2.410528543993824,48.738545567291574],[2.4103014631589144,48.73919966361542],[2.41027256613365,48.73927194661244],[2.415956664429011,48.74085971021143]]],"rewind":true}},{"type":"Feature","properties":{"depname":"Val-de-Marne","bvonum":"0011","comcode":94022,"cancode":9406,"bvocode":"94022_11","cirname":"2ème circonscription","exp":981,"depcode":94,"cannum":24,"canname":"Choisy-le-Roi","comname":"Choisy-le-Roi","ins":1294,"Art":2,"Mel":458,"Rou":23,"Mac":251,"Las":17,"vot":1002,"circode":9402,"Lep":86,"Pec":37,"Zem":40,"Hid":11,"Jad":33,"Pou":11,"Dup":12,"top":"Mélenchon","area_error":-0.098541},"geometry":{"type":"Polygon","coordinates":[[[2.425441479870906,48.73858496368018],[2.42590434225682,48.73846578943497],[2.4241384731797315,48.73461040251022],[2.42269960999697,48.73459599399234],[2.417819526284964,48.73445791386444],[2.41487424127377,48.734057531718086],[2.413084364582531,48.73362067401722],[2.412309746610578,48.73343942694644],[2.412042971083793,48.73373006826611],[2.411275080002504,48.73523652898542],[2.4111615860187268,48.73550640169719],[2.410884852014236,48.73638865017808],[2.425441479870906,48.73858496368018]]],"rewind":true}},{"type":"Feature","properties":{"depname":"Val-de-Marne","bvonum":"0012","comcode":94022,"cancode":9406,"bvocode":"94022_12","cirname":"2ème circonscription","exp":556,"depcode":94,"cannum":24,"canname":"Choisy-le-Roi","comname":"Choisy-le-Roi","ins":845,"Art":1,"Mel":380,"Rou":8,"Mac":71,"Las":8,"vot":568,"circode":9402,"Lep":58,"Pec":7,"Zem":14,"Hid":2,"Jad":1,"Pou":2,"Dup":4,"top":"Mélenchon","area_error":-0.004533},"geometry":{"type":"Polygon","coordinates":[[[2.42590434225682,48.73846578943497],[2.4288926472022254,48.738164378858734],[2.431267518728688,48.73764818424743],[2.4356215931595546,48.7337629558159],[2.434578703492285,48.7339357265297],[2.432867840496019,48.73408734180952],[2.431449854416523,48.734127308399536],[2.429880878413614,48.73414742450856],[2.4273790002214546,48.73407550518772],[2.4272235728828186,48.7343090271332],[2.4268182985354136,48.73466573833933],[2.4241384731797315,48.73461040251022],[2.42590434225682,48.73846578943497]]],"rewind":true}},{"type":"Feature","properties":{"depname":"Val-de-Marne","bvonum":"0013","comcode":94022,"cancode":9406,"bvocode":"94022_13","cirname":"2ème circonscription","exp":881,"depcode":94,"cannum":24,"canname":"Choisy-le-Roi","comname":"Choisy-le-Roi","ins":1111,"Art":7,"Mel":398,"Rou":24,"Mac":192,"Las":25,"vot":898,"circode":9402,"Lep":96,"Pec":31,"Zem":31,"Hid":11,"Jad":47,"Pou":7,"Dup":12,"top":"Mélenchon","area_error":0.008392},"geometry":{"type":"Polygon","coordinates":[[[2.431267518728688,48.73764818424743],[2.4370321206874874,48.7363606560964],[2.448785901493094,48.73154642737057],[2.4487995190741456,48.73153865333916],[2.4490013539392144,48.73136613173963],[2.4490994163881963,48.7311955141455],[2.44804202832706,48.73063765069374],[2.447707263262161,48.730691042598984],[2.442484224086282,48.731388094989526],[2.4410001759440214,48.73148052444768],[2.439916859248073,48.73154644587774],[2.4396435084597257,48.73155704361814],[2.4385203266137463,48.73156556705841],[2.4376416357641744,48.73217325373757],[2.435810792569471,48.733720162238626],[2.4356215931595546,48.7337629558159],[2.431267518728688,48.73764818424743]]],"rewind":true}},{"type":"Feature","properties":{"depname":"Val-de-Marne","bvonum":"0014","comcode":94022,"cancode":9406,"bvocode":"94022_14","cirname":"2ème circonscription","exp":935,"depcode":94,"cannum":24,"canname":"Choisy-le-Roi","comname":"Choisy-le-Roi","ins":1241,"Art":7,"Mel":430,"Rou":37,"Mac":176,"Las":14,"vot":950,"circode":9402,"Lep":136,"Pec":31,"Zem":50,"Hid":14,"Jad":27,"Pou":3,"Dup":10,"top":"Mélenchon","area_error":-0.125367},"geometry":{"type":"Polygon","coordinates":[[[2.4488330713243025,48.73934937893916],[2.434414161375085,48.74790311150098],[2.4311411787539745,48.7535240790595],[2.44354761194725,48.7444130531958],[2.446089825969856,48.743091043477335],[2.449895628510245,48.74095721039346],[2.44989373737986,48.740934947341366],[2.4492737963042592,48.740255395487125],[2.448872994305774,48.7398087605617],[2.4489523156238473,48.73934234945144],[2.4488330713243025,48.73934937893916]]],"rewind":true}},{"type":"Feature","properties":{"depname":"Val-de-Marne","bvonum":"0015","comcode":94022,"cancode":9406,"bvocode":"94022_15","cirname":"2ème circonscription","exp":759,"depcode":94,"cannum":24,"canname":"Choisy-le-Roi","comname":"Choisy-le-Roi","ins":1018,"Art":6,"Mel":295,"Rou":25,"Mac":173,"Las":13,"vot":780,"circode":9402,"Lep":96,"Pec":36,"Zem":46,"Hid":8,"Jad":42,"Pou":8,"Dup":11,"top":"Mélenchon","area_error":0.009183},"geometry":{"type":"Polygon","coordinates":[[[2.434414161375085,48.74790311150098],[2.4333335389986663,48.747464219764254],[2.427772033869509,48.7495109736246],[2.4230483607761264,48.75419078450709],[2.423178598003378,48.75493569029614],[2.4268031961654457,48.75394406262252],[2.4269776931308256,48.7540368120765],[2.4277406910129447,48.75425647439873],[2.428263895669502,48.754266937466674],[2.430448211392441,48.7537860665557],[2.430771297229172,48.75372985693455],[2.4311411787539745,48.7535240790595],[2.434414161375085,48.74790311150098]]],"rewind":true}},{"type":"Feature","properties":{"depname":"Val-de-Marne","bvonum":"0016","comcode":94022,"cancode":9406,"bvocode":"94022_16","cirname":"2ème circonscription","exp":636,"depcode":94,"cannum":24,"canname":"Choisy-le-Roi","comname":"Choisy-le-Roi","ins":870,"Art":3,"Mel":309,"Rou":14,"Mac":131,"Las":10,"vot":655,"circode":9402,"Lep":75,"Pec":13,"Zem":46,"Hid":8,"Jad":18,"Pou":2,"Dup":7,"top":"Mélenchon","area_error":-0.006289},"geometry":{"type":"Polygon","coordinates":[[[2.4260627241903645,48.74718138792112],[2.427772033869509,48.7495109736246],[2.4333335389986663,48.747464219764254],[2.4374690115739672,48.742408843299984],[2.436384698754237,48.742685971083155],[2.427278773038329,48.745815819234814],[2.4260627241903645,48.74718138792112]]],"rewind":true}},{"type":"Feature","properties":{"depname":"Val-de-Marne","bvonum":"0017","comcode":94022,"cancode":9406,"bvocode":"94022_17","cirname":"2ème circonscription","exp":692,"depcode":94,"cannum":24,"canname":"Choisy-le-Roi","comname":"Choisy-le-Roi","ins":904,"Art":4,"Mel":237,"Rou":24,"Mac":153,"Las":13,"vot":707,"circode":9402,"Lep":113,"Pec":32,"Zem":47,"Hid":7,"Jad":44,"Pou":7,"Dup":11,"top":"Mélenchon","area_error":0.126405},"geometry":{"type":"Polygon","coordinates":[[[2.434414161375085,48.74790311150098],[2.4488330713243025,48.73934937893916],[2.4457925582468643,48.73874083261317],[2.4374690115739672,48.742408843299984],[2.4333335389986663,48.747464219764254],[2.434414161375085,48.74790311150098]]],"rewind":true}},{"type":"Feature","properties":{"depname":"Val-de-Marne","bvonum":"0018","comcode":94022,"cancode":9406,"bvocode":"94022_18","cirname":"2ème circonscription","exp":605,"depcode":94,"cannum":24,"canname":"Choisy-le-Roi","comname":"Choisy-le-Roi","ins":806,"Art":1,"Mel":193,"Rou":15,"Mac":157,"Las":17,"vot":614,"circode":9402,"Lep":90,"Pec":30,"Zem":42,"Hid":11,"Jad":31,"Pou":7,"Dup":11,"top":"Mélenchon","area_error":-0.024122},"geometry":{"type":"Polygon","coordinates":[[[2.4475493707106133,48.735691020011],[2.4457925582468643,48.73874083261317],[2.4488330713243025,48.73934937893916],[2.4489523156238473,48.73934234945144],[2.448991558352377,48.73912597923757],[2.4524277497554783,48.7390822685166],[2.4522930529744533,48.7386167181174],[2.4512606298774156,48.7385961126876],[2.4519327617716624,48.736566342032766],[2.4535333684490563,48.73787639035868],[2.453965342997328,48.73780968018764],[2.454355643093801,48.7379092058928],[2.45450914765276,48.73788861834225],[2.4548638185624876,48.7377913228478],[2.45497521397363,48.73782472411772],[2.4550930791891092,48.73780396820889],[2.4553431286256746,48.73778339628715],[2.455719796149212,48.737790815065715],[2.455845760658222,48.7378079127258],[2.455679570514463,48.73769764270143],[2.45530641664575,48.7374553165433],[2.454901991088262,48.73715532678858],[2.455685051538563,48.73725263464296],[2.455722708706716,48.73726038175131],[2.457261810636296,48.73760663520433],[2.457283256045968,48.737524146741265],[2.456487264932341,48.73721450048778],[2.453771013454509,48.735969542631274],[2.4527226839069893,48.73518972128942],[2.4511864691137744,48.7335478644121],[2.4475493707106133,48.735691020011]]],"rewind":true}},{"type":"Feature","properties":{"depname":"Val-de-Marne","bvonum":"0019","comcode":94022,"cancode":9406,"bvocode":"94022_19","cirname":"2ème circonscription","exp":631,"depcode":94,"cannum":24,"canname":"Choisy-le-Roi","comname":"Choisy-le-Roi","ins":841,"Art":6,"Mel":231,"Rou":26,"Mac":150,"Las":13,"vot":640,"circode":9402,"Lep":77,"Pec":24,"Zem":39,"Hid":17,"Jad":33,"Pou":5,"Dup":10,"top":"Mélenchon","area_error":-0.018308},"geometry":{"type":"Polygon","coordinates":[[[2.427278773038329,48.745815819234814],[2.436384698754237,48.742685971083155],[2.4383232022861447,48.73833773872228],[2.4285017134339366,48.74255454302846],[2.426912435015873,48.74540700899635],[2.427278773038329,48.745815819234814]]],"rewind":true}},{"type":"Feature","properties":{"depname":"Val-de-Marne","bvonum":"0002","comcode":94022,"cancode":9406,"bvocode":"94022_2","cirname":"2ème circonscription","exp":616,"depcode":94,"cannum":24,"canname":"Choisy-le-Roi","comname":"Choisy-le-Roi","ins":867,"Art":1,"Mel":281,"Rou":18,"Mac":122,"Las":15,"vot":629,"circode":9402,"Lep":58,"Pec":29,"Zem":36,"Hid":13,"Jad":35,"Pou":1,"Dup":7,"top":"Mélenchon","area_error":-0.007079},"geometry":{"type":"Polygon","coordinates":[[[2.41724607232058,48.74548072881076],[2.426912435015873,48.74540700899635],[2.4285017134339366,48.74255454302846],[2.4262708492804643,48.74209592873502],[2.418631760860701,48.74220276428707],[2.417072214231416,48.745380023273256],[2.41724607232058,48.74548072881076]]],"rewind":true}},{"type":"Feature","properties":{"depname":"Val-de-Marne","bvonum":"0020","comcode":94022,"cancode":9406,"bvocode":"94022_20","cirname":"2ème circonscription","exp":737,"depcode":94,"cannum":24,"canname":"Choisy-le-Roi","comname":"Choisy-le-Roi","ins":961,"Art":7,"Mel":305,"Rou":24,"Mac":174,"Las":14,"vot":754,"circode":9402,"Lep":104,"Pec":31,"Zem":39,"Hid":13,"Jad":22,"Pou":1,"Dup":3,"top":"Mélenchon","area_error":-0.041799},"geometry":{"type":"Polygon","coordinates":[[[2.4370321206874874,48.7363606560964],[2.4391944853817122,48.737839668934036],[2.4475493707106133,48.735691020011],[2.4511864691137744,48.7335478644121],[2.448498187929588,48.73383233142855],[2.449339002299586,48.73317440762108],[2.45016267406607,48.7323812765194],[2.448558045894879,48.73168418062793],[2.448785901493094,48.73154642737057],[2.4370321206874874,48.7363606560964]]],"rewind":true}},{"type":"Feature","properties":{"depname":"Val-de-Marne","bvonum":"0021","comcode":94022,"cancode":9406,"bvocode":"94022_21","cirname":"2ème circonscription","exp":660,"depcode":94,"cannum":24,"canname":"Choisy-le-Roi","comname":"Choisy-le-Roi","ins":793,"Art":4,"Mel":222,"Rou":28,"Mac":153,"Las":16,"vot":669,"circode":9402,"Lep":76,"Pec":34,"Zem":46,"Hid":12,"Jad":49,"Pou":4,"Dup":16,"top":"Mélenchon","area_error":0.017845},"geometry":{"type":"Polygon","coordinates":[[[2.4374690115739672,48.742408843299984],[2.4457925582468643,48.73874083261317],[2.4475493707106133,48.735691020011],[2.4391944853817122,48.737839668934036],[2.4383232022861447,48.73833773872228],[2.436384698754237,48.742685971083155],[2.4374690115739672,48.742408843299984]]],"rewind":true}},{"type":"Feature","properties":{"depname":"Val-de-Marne","bvonum":"0022","comcode":94022,"cancode":9406,"bvocode":"94022_22","cirname":"2ème circonscription","exp":737,"depcode":94,"cannum":24,"canname":"Choisy-le-Roi","comname":"Choisy-le-Roi","ins":946,"Art":6,"Mel":367,"Rou":15,"Mac":134,"Las":13,"vot":747,"circode":9402,"Lep":75,"Pec":32,"Zem":37,"Hid":11,"Jad":35,"Pou":5,"Dup":7,"top":"Mélenchon","area_error":0.014001},"geometry":{"type":"Polygon","coordinates":[[[2.4285017134339366,48.74255454302846],[2.4383232022861447,48.73833773872228],[2.4391944853817122,48.737839668934036],[2.4370321206874874,48.7363606560964],[2.431267518728688,48.73764818424743],[2.4288926472022254,48.738164378858734],[2.4262708492804643,48.74209592873502],[2.4285017134339366,48.74255454302846]]],"rewind":true}},{"type":"Feature","properties":{"depname":"Val-de-Marne","bvonum":"0003","comcode":94022,"cancode":9406,"bvocode":"94022_3","cirname":"2ème circonscription","exp":661,"depcode":94,"cannum":24,"canname":"Choisy-le-Roi","comname":"Choisy-le-Roi","ins":922,"Art":1,"Mel":317,"Rou":16,"Mac":138,"Las":11,"vot":676,"circode":9402,"Lep":84,"Pec":16,"Zem":21,"Hid":13,"Jad":27,"Pou":7,"Dup":10,"top":"Mélenchon","area_error":0.011732},"geometry":{"type":"Polygon","coordinates":[[[2.4138003132363566,48.74478634381327],[2.4081931968219425,48.74073657392992],[2.4076644487788452,48.74103091475087],[2.4070927271931875,48.74124740511071],[2.4063819027643745,48.74121454978913],[2.406486002515449,48.741594749347044],[2.406117175928179,48.74152452050503],[2.4060314188218275,48.74200556602356],[2.405808969427049,48.7422263262592],[2.405320454454094,48.74241666240966],[2.403227633727256,48.74384325892418],[2.402447180283428,48.744459006359655],[2.4066001072958976,48.7462648860293],[2.4079939314949415,48.74666732718811],[2.4138003132363566,48.74478634381327]]],"rewind":true}},{"type":"Feature","properties":{"depname":"Val-de-Marne","bvonum":"0004","comcode":94022,"cancode":9406,"bvocode":"94022_4","cirname":"2ème circonscription","exp":581,"depcode":94,"cannum":24,"canname":"Choisy-le-Roi","comname":"Choisy-le-Roi","ins":916,"Art":4,"Mel":313,"Rou":14,"Mac":98,"Las":4,"vot":598,"circode":9402,"Lep":87,"Pec":16,"Zem":14,"Hid":7,"Jad":16,"Pou":5,"Dup":3,"top":"Mélenchon","area_error":0.033214},"geometry":{"type":"Polygon","coordinates":[[[2.415276814142227,48.75006470541736],[2.4183126689719043,48.75011837232019],[2.4260627241903645,48.74718138792112],[2.427278773038329,48.745815819234814],[2.426912435015873,48.74540700899635],[2.41724607232058,48.74548072881076],[2.415276814142227,48.75006470541736]]],"rewind":true}},{"type":"Feature","properties":{"depname":"Val-de-Marne","bvonum":"0005","comcode":94022,"cancode":9406,"bvocode":"94022_5","cirname":"2ème circonscription","exp":605,"depcode":94,"cannum":24,"canname":"Choisy-le-Roi","comname":"Choisy-le-Roi","ins":798,"Art":4,"Mel":250,"Rou":20,"Mac":118,"Las":11,"vot":618,"circode":9402,"Lep":67,"Pec":20,"Zem":53,"Hid":8,"Jad":31,"Pou":6,"Dup":17,"top":"Mélenchon","area_error":-0.024674},"geometry":{"type":"Polygon","coordinates":[[[2.415276814142227,48.75006470541736],[2.41724607232058,48.74548072881076],[2.417072214231416,48.745380023273256],[2.4138003132363566,48.74478634381327],[2.4079939314949415,48.74666732718811],[2.4080124920025674,48.74667089386017],[2.40993255717202,48.74699976903143],[2.4112045980232137,48.747341987109046],[2.411555555914879,48.747438848904984],[2.410726916903866,48.74796092196081],[2.4104973111405683,48.7480712335142],[2.410436175808887,48.7480990433761],[2.4097304611148838,48.74841826560279],[2.4093260166374875,48.74876508287124],[2.40926069264226,48.74882014905329],[2.4124642056308945,48.750019221171826],[2.415276814142227,48.75006470541736]]],"rewind":true}},{"type":"Feature","properties":{"depname":"Val-de-Marne","bvonum":"0006","comcode":94022,"cancode":9406,"bvocode":"94022_6","cirname":"2ème circonscription","exp":822,"depcode":94,"cannum":24,"canname":"Choisy-le-Roi","comname":"Choisy-le-Roi","ins":1083,"Art":3,"Mel":350,"Rou":27,"Mac":186,"Las":19,"vot":836,"circode":9402,"Lep":101,"Pec":36,"Zem":38,"Hid":7,"Jad":36,"Pou":6,"Dup":13,"top":"Mélenchon","area_error":-0.023495},"geometry":{"type":"Polygon","coordinates":[[[2.4124642056308945,48.750019221171826],[2.40926069264226,48.74882014905329],[2.4090032591546024,48.74900584147028],[2.408824312221547,48.7491126452388],[2.407780790324517,48.74995073414292],[2.40695071861843,48.75068582222434],[2.4065092750087382,48.75111884262735],[2.40647693336124,48.75120780701524],[2.4057268890605945,48.751641251593135],[2.4055202538362233,48.75184966677428],[2.405101578530294,48.7522336386763],[2.404732459766562,48.75268745156239],[2.404185102964035,48.75304261437177],[2.4076901927011036,48.7550504107798],[2.4088692531879645,48.7546905598688],[2.409868010397537,48.75417108433924],[2.4153389381601484,48.75516281397094],[2.4124642056308945,48.750019221171826]]],"rewind":true}},{"type":"Feature","properties":{"depname":"Val-de-Marne","bvonum":"0007","comcode":94022,"cancode":9406,"bvocode":"94022_7","cirname":"2ème circonscription","exp":708,"depcode":94,"cannum":24,"canname":"Choisy-le-Roi","comname":"Choisy-le-Roi","ins":973,"Art":3,"Mel":327,"Rou":21,"Mac":149,"Las":6,"vot":723,"circode":9402,"Lep":91,"Pec":28,"Zem":39,"Hid":6,"Jad":24,"Pou":4,"Dup":10,"top":"Mélenchon","area_error":0.011899},"geometry":{"type":"Polygon","coordinates":[[[2.4124642056308945,48.750019221171826],[2.4153389381601484,48.75516281397094],[2.417474568660394,48.7552706661131],[2.417600791638933,48.755446221809386],[2.423178598003378,48.75493569029614],[2.4230483607761264,48.75419078450709],[2.4183126689719043,48.75011837232019],[2.415276814142227,48.75006470541736],[2.4124642056308945,48.750019221171826]]],"rewind":true}},{"type":"Feature","properties":{"depname":"Val-de-Marne","bvonum":"0008","comcode":94022,"cancode":9406,"bvocode":"94022_8","cirname":"2ème circonscription","exp":655,"depcode":94,"cannum":24,"canname":"Choisy-le-Roi","comname":"Choisy-le-Roi","ins":883,"Art":4,"Mel":318,"Rou":33,"Mac":131,"Las":7,"vot":669,"circode":9402,"Lep":65,"Pec":16,"Zem":40,"Hid":7,"Jad":16,"Pou":4,"Dup":14,"top":"Mélenchon","area_error":-0.0292},"geometry":{"type":"Polygon","coordinates":[[[2.4183126689719043,48.75011837232019],[2.4230483607761264,48.75419078450709],[2.427772033869509,48.7495109736246],[2.4260627241903645,48.74718138792112],[2.4183126689719043,48.75011837232019]]],"rewind":true}},{"type":"Feature","properties":{"depname":"Val-de-Marne","bvonum":"0009","comcode":94022,"cancode":9406,"bvocode":"94022_9","cirname":"2ème circonscription","exp":602,"depcode":94,"cannum":24,"canname":"Choisy-le-Roi","comname":"Choisy-le-Roi","ins":772,"Art":6,"Mel":261,"Rou":28,"Mac":138,"Las":13,"vot":614,"circode":9402,"Lep":54,"Pec":18,"Zem":27,"Hid":9,"Jad":32,"Pou":11,"Dup":5,"top":"Mélenchon","area_error":0.006047},"geometry":{"type":"Polygon","coordinates":[[[2.418631760860701,48.74220276428707],[2.4262708492804643,48.74209592873502],[2.4288926472022254,48.738164378858734],[2.42590434225682,48.73846578943497],[2.425441479870906,48.73858496368018],[2.415956664429011,48.74085971021143],[2.418631760860701,48.74220276428707]]],"rewind":true}},{"type":"Feature","properties":{"depname":"Val-de-Marne","bvonum":"0001","comcode":94028,"cancode":9407,"bvocode":"94028_1","cirname":"2ème circonscription","exp":692,"depcode":94,"cannum":25,"canname":"Créteil-1","comname":"Créteil","ins":970,"Art":3,"Mel":217,"Rou":24,"Mac":199,"Las":7,"vot":705,"circode":9402,"Lep":74,"Pec":38,"Zem":83,"Hid":16,"Jad":19,"Pou":4,"Dup":8,"top":"Mélenchon","area_error":-0.009636},"geometry":{"type":"Polygon","coordinates":[[[2.461941391886471,48.75576930684978],[2.4705141125831,48.7605943253619],[2.471038705572165,48.75647973078702],[2.46986167581426,48.75458325566988],[2.4626008497380343,48.7533938403971],[2.461941391886471,48.75576930684978]]],"rewind":true}},{"type":"Feature","properties":{"depname":"Val-de-Marne","bvonum":"0010","comcode":94028,"cancode":9407,"bvocode":"94028_10","cirname":"1ère circonscription","exp":831,"depcode":94,"cannum":25,"canname":"Créteil-1","comname":"Créteil","ins":1168,"Art":0,"Mel":316,"Rou":18,"Mac":214,"Las":13,"vot":854,"circode":9401,"Lep":125,"Pec":32,"Zem":59,"Hid":6,"Jad":32,"Pou":2,"Dup":14,"top":"Mélenchon","area_error":-0.010425},"geometry":{"type":"Polygon","coordinates":[[[2.464923015715247,48.7653840027312],[2.4739913463219168,48.76854751548768],[2.4766657821435025,48.76819408590894],[2.4769194298303043,48.76786729473477],[2.471313965370714,48.76229162164338],[2.4638178585257973,48.7631415879517],[2.464923015715247,48.7653840027312]]],"rewind":true}},{"type":"Feature","properties":{"depname":"Val-de-Marne","bvonum":"0011","comcode":94028,"cancode":9407,"bvocode":"94028_11","cirname":"1ère circonscription","exp":581,"depcode":94,"cannum":25,"canname":"Créteil-1","comname":"Créteil","ins":816,"Art":8,"Mel":169,"Rou":14,"Mac":191,"Las":14,"vot":594,"circode":9401,"Lep":68,"Pec":32,"Zem":29,"Hid":13,"Jad":29,"Pou":4,"Dup":10,"top":"Macron","area_error":-0.009602},"geometry":{"type":"Polygon","coordinates":[[[2.4643993146144636,48.766529833293],[2.4742252523568635,48.7729923538284],[2.475706603827474,48.773038248074535],[2.4739913463219168,48.76854751548768],[2.464923015715247,48.7653840027312],[2.4643993146144636,48.766529833293]]],"rewind":true}},{"type":"Feature","properties":{"depname":"Val-de-Marne","bvonum":"0012","comcode":94028,"cancode":9407,"bvocode":"94028_12","cirname":"2ème circonscription","exp":747,"depcode":94,"cannum":25,"canname":"Créteil-1","comname":"Créteil","ins":998,"Art":1,"Mel":315,"Rou":21,"Mac":190,"Las":8,"vot":758,"circode":9402,"Lep":66,"Pec":44,"Zem":51,"Hid":13,"Jad":21,"Pou":7,"Dup":10,"top":"Mélenchon","area_error":-0.012754},"geometry":{"type":"Polygon","coordinates":[[[2.453576517461534,48.7562496097849],[2.45467278175649,48.75918152124242],[2.463078818689281,48.76246261890858],[2.4605053647803032,48.757202668893036],[2.4544490936861227,48.75361833076634],[2.453576517461534,48.7562496097849]]],"rewind":true}},{"type":"Feature","properties":{"depname":"Val-de-Marne","bvonum":"0013","comcode":94028,"cancode":9407,"bvocode":"94028_13","cirname":"2ème circonscription","exp":720,"depcode":94,"cannum":25,"canname":"Créteil-1","comname":"Créteil","ins":985,"Art":4,"Mel":358,"Rou":13,"Mac":181,"Las":7,"vot":725,"circode":9402,"Lep":61,"Pec":25,"Zem":38,"Hid":5,"Jad":19,"Pou":2,"Dup":7,"top":"Mélenchon","area_error":0.019422},"geometry":{"type":"Polygon","coordinates":[[[2.4544490936861227,48.75361833076634],[2.4605053647803032,48.757202668893036],[2.460954624620216,48.75600071377867],[2.4549815519167457,48.74429687273143],[2.454478028519489,48.744239406280634],[2.4544490936861227,48.75361833076634]]],"rewind":true}},{"type":"Feature","properties":{"depname":"Val-de-Marne","bvonum":"0014","comcode":94028,"cancode":9407,"bvocode":"94028_14","cirname":"2ème circonscription","exp":697,"depcode":94,"cannum":25,"canname":"Créteil-1","comname":"Créteil","ins":1008,"Art":6,"Mel":370,"Rou":9,"Mac":144,"Las":4,"vot":713,"circode":9402,"Lep":83,"Pec":22,"Zem":21,"Hid":7,"Jad":19,"Pou":6,"Dup":6,"top":"Mélenchon","area_error":0.027706},"geometry":{"type":"Polygon","coordinates":[[[2.454478028519489,48.744239406280634],[2.4549815519167457,48.74429687273143],[2.457535617538984,48.74373571999704],[2.45648983205445,48.739937477942775],[2.4562242958406943,48.739880425809744],[2.456309892802572,48.73976664847088],[2.456300345545031,48.7397577795745],[2.455735605349435,48.73963268000046],[2.453459498762505,48.7378998447531],[2.4535333684490563,48.73787639035868],[2.4519327617716624,48.736566342032766],[2.4512606298774156,48.7385961126876],[2.4522930529744533,48.7386167181174],[2.4524277497554783,48.7390822685166],[2.448991558352377,48.73912597923757],[2.448872994305774,48.7398087605617],[2.4492737963042592,48.740255395487125],[2.44989373737986,48.740934947341366],[2.449895628510245,48.74095721039346],[2.4498967361196926,48.74113793332525],[2.4498490995443993,48.741678113441566],[2.449434419757172,48.74289114640965],[2.45041047512496,48.74259247801718],[2.449973218064534,48.743434975516124],[2.454478028519489,48.744239406280634]]],"rewind":true}},{"type":"Feature","properties":{"depname":"Val-de-Marne","bvonum":"0015","comcode":94028,"cancode":9407,"bvocode":"94028_15","cirname":"2ème circonscription","exp":891,"depcode":94,"cannum":25,"canname":"Créteil-1","comname":"Créteil","ins":1185,"Art":5,"Mel":351,"Rou":20,"Mac":249,"Las":11,"vot":909,"circode":9402,"Lep":86,"Pec":28,"Zem":69,"Hid":14,"Jad":28,"Pou":10,"Dup":20,"top":"Mélenchon","area_error":0.0216},"geometry":{"type":"Polygon","coordinates":[[[2.453576517461534,48.7562496097849],[2.4544490936861227,48.75361833076634],[2.454478028519489,48.744239406280634],[2.449973218064534,48.743434975516124],[2.449226546851025,48.744620339924566],[2.449809769978862,48.7444083977119],[2.4500465838974987,48.74447632501213],[2.450617328585392,48.74516071647245],[2.451059432631648,48.74560590015009],[2.45092130209107,48.74751966121759],[2.448960171661262,48.75101717190251],[2.4514364854458033,48.751130445799134],[2.4505793333753365,48.75366141565099],[2.4516115441837214,48.75456406511582],[2.452434688167814,48.7562006927812],[2.45228129249626,48.75662383454696],[2.453576517461534,48.7562496097849]]],"rewind":true}},{"type":"Feature","properties":{"depname":"Val-de-Marne","bvonum":"0016","comcode":94028,"cancode":9407,"bvocode":"94028_16","cirname":"2ème circonscription","exp":673,"depcode":94,"cannum":25,"canname":"Créteil-1","comname":"Créteil","ins":961,"Art":2,"Mel":270,"Rou":14,"Mac":163,"Las":7,"vot":688,"circode":9402,"Lep":72,"Pec":39,"Zem":58,"Hid":14,"Jad":17,"Pou":3,"Dup":14,"top":"Mélenchon","area_error":0.023019},"geometry":{"type":"Polygon","coordinates":[[[2.45762151035252,48.76495438765147],[2.45467278175649,48.75918152124242],[2.453576517461534,48.7562496097849],[2.45228129249626,48.75662383454696],[2.4517990026643552,48.75797880785075],[2.4510703810065753,48.75928484067769],[2.450343166816538,48.760074551076784],[2.449325516693627,48.7609389924357],[2.451561749778491,48.761465098512886],[2.453091644146857,48.76282091499162],[2.452942078438726,48.76302935772548],[2.4527389985620607,48.76351784857957],[2.4525559608963086,48.76402444169694],[2.4521072018921983,48.76541008225674],[2.453376372561107,48.765959016965255],[2.45416210175348,48.766478787815856],[2.45762151035252,48.76495438765147]]],"rewind":true}},{"type":"Feature","properties":{"depname":"Val-de-Marne","bvonum":"0017","comcode":94028,"cancode":9407,"bvocode":"94028_17","cirname":"2ème circonscription","exp":685,"depcode":94,"cannum":25,"canname":"Créteil-1","comname":"Créteil","ins":987,"Art":4,"Mel":258,"Rou":16,"Mac":209,"Las":7,"vot":695,"circode":9402,"Lep":59,"Pec":31,"Zem":56,"Hid":12,"Jad":21,"Pou":2,"Dup":10,"top":"Mélenchon","area_error":-0.003829},"geometry":{"type":"Polygon","coordinates":[[[2.45762151035252,48.76495438765147],[2.46071371177209,48.7661988596214],[2.4628819579290973,48.766800374090664],[2.4643993146144636,48.766529833293],[2.464923015715247,48.7653840027312],[2.4638178585257973,48.7631415879517],[2.463078818689281,48.76246261890858],[2.45467278175649,48.75918152124242],[2.45762151035252,48.76495438765147]]],"rewind":true}},{"type":"Feature","properties":{"depname":"Val-de-Marne","bvonum":"0018","comcode":94028,"cancode":9407,"bvocode":"94028_18","cirname":"1ère circonscription","exp":776,"depcode":94,"cannum":25,"canname":"Créteil-1","comname":"Créteil","ins":1044,"Art":3,"Mel":215,"Rou":24,"Mac":269,"Las":13,"vot":792,"circode":9401,"Lep":83,"Pec":20,"Zem":71,"Hid":2,"Jad":56,"Pou":7,"Dup":13,"top":"Macron","area_error":0.040317},"geometry":{"type":"Polygon","coordinates":[[[2.4628819579290973,48.766800374090664],[2.4655251361712813,48.77376379952508],[2.46719972253034,48.7743741369902],[2.4742252523568635,48.7729923538284],[2.4643993146144636,48.766529833293],[2.4628819579290973,48.766800374090664]]],"rewind":true}},{"type":"Feature","properties":{"depname":"Val-de-Marne","bvonum":"0019","comcode":94028,"cancode":9407,"bvocode":"94028_19","cirname":"2ème circonscription","exp":664,"depcode":94,"cannum":25,"canname":"Créteil-1","comname":"Créteil","ins":941,"Art":11,"Mel":303,"Rou":11,"Mac":157,"Las":13,"vot":678,"circode":9402,"Lep":58,"Pec":30,"Zem":36,"Hid":6,"Jad":29,"Pou":2,"Dup":8,"top":"Mélenchon","area_error":0.025154},"geometry":{"type":"Polygon","coordinates":[[[2.45416210175348,48.766478787815856],[2.454172154744585,48.76648513811478],[2.454355057102055,48.76731183966542],[2.45591723104773,48.7705644787484],[2.4578410946546354,48.77323893034323],[2.458399615476403,48.77402600651066],[2.459436093559778,48.774059828214554],[2.46071371177209,48.7661988596214],[2.45762151035252,48.76495438765147],[2.45416210175348,48.766478787815856]]],"rewind":true}},{"type":"Feature","properties":{"depname":"Val-de-Marne","bvonum":"0002","comcode":94028,"cancode":9407,"bvocode":"94028_2","cirname":"2ème circonscription","exp":665,"depcode":94,"cannum":25,"canname":"Créteil-1","comname":"Créteil","ins":903,"Art":3,"Mel":196,"Rou":12,"Mac":220,"Las":12,"vot":675,"circode":9402,"Lep":55,"Pec":43,"Zem":87,"Hid":10,"Jad":19,"Pou":5,"Dup":3,"top":"Macron","area_error":-0.01428},"geometry":{"type":"Polygon","coordinates":[[[2.4626008497380343,48.7533938403971],[2.46986167581426,48.75458325566988],[2.47022576628527,48.753137377569836],[2.4698155185116,48.75223476848077],[2.468895653201979,48.75138780575285],[2.460964640998874,48.7472666733222],[2.4626008497380343,48.7533938403971]]],"rewind":true}},{"type":"Feature","properties":{"depname":"Val-de-Marne","bvonum":"0020","comcode":94028,"cancode":9407,"bvocode":"94028_20","cirname":"2ème circonscription","exp":640,"depcode":94,"cannum":25,"canname":"Créteil-1","comname":"Créteil","ins":879,"Art":5,"Mel":312,"Rou":7,"Mac":169,"Las":11,"vot":648,"circode":9402,"Lep":40,"Pec":25,"Zem":31,"Hid":6,"Jad":23,"Pou":3,"Dup":8,"top":"Mélenchon","area_error":-0.077382},"geometry":{"type":"Polygon","coordinates":[[[2.46071371177209,48.7661988596214],[2.459436093559778,48.774059828214554],[2.4655251361712813,48.77376379952508],[2.4628819579290973,48.766800374090664],[2.46071371177209,48.7661988596214]]],"rewind":true}},{"type":"Feature","properties":{"depname":"Val-de-Marne","bvonum":"0021","comcode":94028,"cancode":9407,"bvocode":"94028_21","cirname":"2ème circonscription","exp":798,"depcode":94,"cannum":25,"canname":"Créteil-1","comname":"Créteil","ins":1067,"Art":2,"Mel":372,"Rou":15,"Mac":181,"Las":13,"vot":813,"circode":9402,"Lep":84,"Pec":28,"Zem":41,"Hid":12,"Jad":32,"Pou":6,"Dup":12,"top":"Mélenchon","area_error":0.028012},"geometry":{"type":"Polygon","coordinates":[[[2.458399615476403,48.77402600651066],[2.4585267953913026,48.77433769436112],[2.4586402679403276,48.774788206843546],[2.459172991374244,48.77621329939376],[2.4689135423383277,48.77977534119145],[2.4707986908599837,48.77830712115152],[2.46719972253034,48.7743741369902],[2.4655251361712813,48.77376379952508],[2.459436093559778,48.774059828214554],[2.458399615476403,48.77402600651066]]],"rewind":true}},{"type":"Feature","properties":{"depname":"Val-de-Marne","bvonum":"0022","comcode":94028,"cancode":9407,"bvocode":"94028_22","cirname":"2ème circonscription","exp":631,"depcode":94,"cannum":25,"canname":"Créteil-1","comname":"Créteil","ins":890,"Art":3,"Mel":264,"Rou":14,"Mac":141,"Las":13,"vot":645,"circode":9402,"Lep":88,"Pec":25,"Zem":35,"Hid":9,"Jad":28,"Pou":1,"Dup":10,"top":"Mélenchon","area_error":-0.027811},"geometry":{"type":"Polygon","coordinates":[[[2.4689135423383277,48.77977534119145],[2.459172991374244,48.77621329939376],[2.459304507482784,48.7767056052786],[2.461060729417359,48.7790773815085],[2.4606452272357315,48.77938413536944],[2.461426696023439,48.78020907179948],[2.462759409190712,48.78156108429742],[2.46309320885807,48.781237924282735],[2.463629354359314,48.78078328188956],[2.4641583004009546,48.780328440472836],[2.4641938184794183,48.7803692123332],[2.4644940508076725,48.780625072309576],[2.4650512365430015,48.7810771861787],[2.465411762887578,48.78136429769543],[2.4677123461464365,48.78308677673453],[2.467560356513727,48.78322443946045],[2.4675755492993674,48.78323256114857],[2.46837427918964,48.78363945023672],[2.4685603735706514,48.783732211396334],[2.4692067857446736,48.78405538558823],[2.469276506228595,48.78409222336686],[2.4696064316962314,48.784259020591],[2.470419717159576,48.7840040765624],[2.470683876545675,48.78389666128006],[2.4689135423383277,48.77977534119145]]],"rewind":true}},{"type":"Feature","properties":{"depname":"Val-de-Marne","bvonum":"0023","comcode":94028,"cancode":9408,"bvocode":"94028_23","cirname":"1ère circonscription","exp":838,"depcode":94,"cannum":20,"canname":"Créteil-2","comname":"Créteil","ins":1053,"Art":1,"Mel":190,"Rou":20,"Mac":320,"Las":14,"vot":859,"circode":9401,"Lep":90,"Pec":50,"Zem":65,"Hid":17,"Jad":57,"Pou":3,"Dup":11,"top":"Macron","area_error":-0.030427},"geometry":{"type":"Polygon","coordinates":[[[2.4789771532325853,48.779385567806656],[2.473250122150834,48.78291501000436],[2.4734708190430816,48.783008089939585],[2.47457855812267,48.783713864482735],[2.475886396407757,48.7842280528778],[2.4767368199205655,48.7845256737912],[2.4772361131404854,48.78414199351802],[2.47987827098903,48.78514676037222],[2.4808934464423973,48.7855607200701],[2.4815327905014346,48.78568990102224],[2.4826402255595816,48.784573553938415],[2.4847268747887554,48.78218266443143],[2.4789771532325853,48.779385567806656]]],"rewind":true}},{"type":"Feature","properties":{"depname":"Val-de-Marne","bvonum":"0024","comcode":94028,"cancode":9407,"bvocode":"94028_24","cirname":"2ème circonscription","exp":602,"depcode":94,"cannum":25,"canname":"Créteil-1","comname":"Créteil","ins":847,"Art":3,"Mel":346,"Rou":6,"Mac":107,"Las":5,"vot":614,"circode":9402,"Lep":71,"Pec":12,"Zem":14,"Hid":8,"Jad":19,"Pou":6,"Dup":5,"top":"Mélenchon","area_error":0.023293},"geometry":{"type":"Polygon","coordinates":[[[2.4689135423383277,48.77977534119145],[2.470683876545675,48.78389666128006],[2.471315037420299,48.78366869133106],[2.47202081787563,48.783395687562866],[2.472418817573297,48.7832256560829],[2.4730594921034035,48.782838297878946],[2.473250122150834,48.78291501000436],[2.4789771532325853,48.779385567806656],[2.478961978349306,48.77893964905694],[2.477117011191777,48.77854932726162],[2.4707986908599837,48.77830712115152],[2.4689135423383277,48.77977534119145]]],"rewind":true}},{"type":"Feature","properties":{"depname":"Val-de-Marne","bvonum":"0025","comcode":94028,"cancode":9408,"bvocode":"94028_25","cirname":"1ère circonscription","exp":879,"depcode":94,"cannum":20,"canname":"Créteil-2","comname":"Créteil","ins":1058,"Art":1,"Mel":162,"Rou":31,"Mac":344,"Las":22,"vot":907,"circode":9401,"Lep":89,"Pec":53,"Zem":83,"Hid":15,"Jad":62,"Pou":3,"Dup":14,"top":"Macron","area_error":0.050389},"geometry":{"type":"Polygon","coordinates":[[[2.488029455566645,48.773265117826526],[2.478961978349306,48.77893964905694],[2.4789771532325853,48.779385567806656],[2.4847268747887554,48.78218266443143],[2.484854370221508,48.78204378794386],[2.4859124116615634,48.781133255150316],[2.486316607822768,48.78035651040558],[2.4864252050390987,48.780157174198386],[2.487445189699006,48.77765870423605],[2.488565718716702,48.775446392862044],[2.489106607278244,48.77431250659497],[2.4895442461652757,48.77337879737313],[2.488029455566645,48.773265117826526]]],"rewind":true}},{"type":"Feature","properties":{"depname":"Val-de-Marne","bvonum":"0026","comcode":94028,"cancode":9408,"bvocode":"94028_26","cirname":"1ère circonscription","exp":925,"depcode":94,"cannum":20,"canname":"Créteil-2","comname":"Créteil","ins":1203,"Art":4,"Mel":254,"Rou":29,"Mac":313,"Las":22,"vot":943,"circode":9401,"Lep":75,"Pec":55,"Zem":66,"Hid":20,"Jad":61,"Pou":6,"Dup":20,"top":"Macron","area_error":-0.052568},"geometry":{"type":"Polygon","coordinates":[[[2.478961978349306,48.77893964905694],[2.488029455566645,48.773265117826526],[2.4817976032662883,48.772519834614165],[2.476242533950781,48.77312693077597],[2.477117011191777,48.77854932726162],[2.478961978349306,48.77893964905694]]],"rewind":true}},{"type":"Feature","properties":{"depname":"Val-de-Marne","bvonum":"0027","comcode":94028,"cancode":9408,"bvocode":"94028_27","cirname":"1ère circonscription","exp":812,"depcode":94,"cannum":20,"canname":"Créteil-2","comname":"Créteil","ins":1060,"Art":0,"Mel":238,"Rou":22,"Mac":239,"Las":18,"vot":831,"circode":9401,"Lep":94,"Pec":39,"Zem":70,"Hid":13,"Jad":53,"Pou":8,"Dup":18,"top":"Macron","area_error":-0.022367},"geometry":{"type":"Polygon","coordinates":[[[2.4707986908599837,48.77830712115152],[2.477117011191777,48.77854932726162],[2.476242533950781,48.77312693077597],[2.475706603827474,48.773038248074535],[2.4742252523568635,48.7729923538284],[2.46719972253034,48.7743741369902],[2.4707986908599837,48.77830712115152]]],"rewind":true}},{"type":"Feature","properties":{"depname":"Val-de-Marne","bvonum":"0028","comcode":94028,"cancode":9408,"bvocode":"94028_28","cirname":"1ère circonscription","exp":738,"depcode":94,"cannum":20,"canname":"Créteil-2","comname":"Créteil","ins":912,"Art":0,"Mel":144,"Rou":8,"Mac":277,"Las":14,"vot":746,"circode":9401,"Lep":71,"Pec":45,"Zem":78,"Hid":12,"Jad":72,"Pou":2,"Dup":15,"top":"Macron","area_error":0.036897},"geometry":{"type":"Polygon","coordinates":[[[2.4860798738960725,48.769906079589],[2.4817976032662883,48.772519834614165],[2.488029455566645,48.773265117826526],[2.4895442461652757,48.77337879737313],[2.4920994631743363,48.76937187259412],[2.492686467129727,48.76855245520735],[2.4928194791273945,48.768416410529866],[2.4930492185215583,48.768156675881414],[2.4935827156146315,48.7672256021944],[2.493938036472206,48.76629815616376],[2.494402691039665,48.76543029626509],[2.494489141718314,48.76531506206873],[2.4860798738960725,48.769906079589]]],"rewind":true}},{"type":"Feature","properties":{"depname":"Val-de-Marne","bvonum":"0029","comcode":94028,"cancode":9408,"bvocode":"94028_29","cirname":"1ère circonscription","exp":746,"depcode":94,"cannum":20,"canname":"Créteil-2","comname":"Créteil","ins":1002,"Art":1,"Mel":296,"Rou":27,"Mac":204,"Las":15,"vot":763,"circode":9401,"Lep":77,"Pec":30,"Zem":36,"Hid":11,"Jad":38,"Pou":2,"Dup":9,"top":"Mélenchon","area_error":-0.013041},"geometry":{"type":"Polygon","coordinates":[[[2.4739913463219168,48.76854751548768],[2.475706603827474,48.773038248074535],[2.476242533950781,48.77312693077597],[2.4817976032662883,48.772519834614165],[2.4860798738960725,48.769906079589],[2.4766657821435025,48.76819408590894],[2.4739913463219168,48.76854751548768]]],"rewind":true}},{"type":"Feature","properties":{"depname":"Val-de-Marne","bvonum":"0003","comcode":94028,"cancode":9407,"bvocode":"94028_3","cirname":"2ème circonscription","exp":660,"depcode":94,"cannum":25,"canname":"Créteil-1","comname":"Créteil","ins":896,"Art":5,"Mel":299,"Rou":16,"Mac":140,"Las":7,"vot":678,"circode":9402,"Lep":53,"Pec":37,"Zem":60,"Hid":13,"Jad":19,"Pou":1,"Dup":10,"top":"Mélenchon","area_error":0.075624},"geometry":{"type":"Polygon","coordinates":[[[2.460964640998874,48.7472666733222],[2.468895653201979,48.75138780575285],[2.4670748082101026,48.74357190375693],[2.45948169209954,48.745217026278],[2.460964640998874,48.7472666733222]]],"rewind":true}},{"type":"Feature","properties":{"depname":"Val-de-Marne","bvonum":"0030","comcode":94028,"cancode":9408,"bvocode":"94028_30","cirname":"1ère circonscription","exp":904,"depcode":94,"cannum":20,"canname":"Créteil-2","comname":"Créteil","ins":1140,"Art":1,"Mel":252,"Rou":25,"Mac":290,"Las":15,"vot":919,"circode":9401,"Lep":121,"Pec":43,"Zem":68,"Hid":17,"Jad":53,"Pou":3,"Dup":16,"top":"Macron","area_error":0.004871},"geometry":{"type":"Polygon","coordinates":[[[2.4766657821435025,48.76819408590894],[2.4860798738960725,48.769906079589],[2.494489141718314,48.76531506206873],[2.494695505213592,48.76503033906638],[2.48629370494996,48.7653038710999],[2.4769194298303043,48.76786729473477],[2.4766657821435025,48.76819408590894]]],"rewind":true}},{"type":"Feature","properties":{"depname":"Val-de-Marne","bvonum":"0031","comcode":94028,"cancode":9408,"bvocode":"94028_31","cirname":"1ère circonscription","exp":828,"depcode":94,"cannum":20,"canname":"Créteil-2","comname":"Créteil","ins":1144,"Art":3,"Mel":236,"Rou":33,"Mac":223,"Las":18,"vot":848,"circode":9401,"Lep":99,"Pec":61,"Zem":78,"Hid":12,"Jad":46,"Pou":3,"Dup":16,"top":"Mélenchon","area_error":-0.012605},"geometry":{"type":"Polygon","coordinates":[[[2.471313965370714,48.76229162164338],[2.4769194298303043,48.76786729473477],[2.48629370494996,48.7653038710999],[2.4862018423199848,48.76508074809354],[2.4794309962261747,48.76309091935358],[2.4716118142472054,48.761764534471865],[2.471313965370714,48.76229162164338]]],"rewind":true}},{"type":"Feature","properties":{"depname":"Val-de-Marne","bvonum":"0032","comcode":94028,"cancode":9408,"bvocode":"94028_32","cirname":"1ère circonscription","exp":759,"depcode":94,"cannum":20,"canname":"Créteil-2","comname":"Créteil","ins":1000,"Art":4,"Mel":176,"Rou":19,"Mac":269,"Las":12,"vot":772,"circode":9401,"Lep":77,"Pec":59,"Zem":68,"Hid":10,"Jad":54,"Pou":3,"Dup":8,"top":"Macron","area_error":0.045688},"geometry":{"type":"Polygon","coordinates":[[[2.4862018423199848,48.76508074809354],[2.48629370494996,48.7653038710999],[2.494695505213592,48.76503033906638],[2.494994442405393,48.7646026738466],[2.4956839531551913,48.7637792923623],[2.497890393803339,48.76145903602026],[2.4997736541,48.75948992522733],[2.5005996896167044,48.75856455684535],[2.5011308774413,48.7579346971217],[2.4994130729840354,48.75910696963158],[2.4977681046590687,48.76030425606085],[2.4970700153099328,48.7607992905707],[2.4983031784071255,48.75981613694636],[2.4993509840474673,48.758863630411916],[2.500227793355956,48.75800772641295],[2.500305674109266,48.75777987983203],[2.500645157835293,48.7574489437139],[2.500511620922295,48.7574854395819],[2.50048870559192,48.75745974674295],[2.500522392166815,48.757312289353834],[2.5001603635653966,48.757401188074354],[2.5000817041837173,48.75739098867592],[2.5007418118929525,48.7569288427983],[2.50091611999851,48.75664854520324],[2.5014339731507325,48.75634353941208],[2.5021246702446276,48.75598316592197],[2.5021404332162165,48.755963752116315],[2.4862018423199848,48.76508074809354]]],"rewind":true}},{"type":"Feature","properties":{"depname":"Val-de-Marne","bvonum":"0033","comcode":94028,"cancode":9408,"bvocode":"94028_33","cirname":"1ère circonscription","exp":901,"depcode":94,"cannum":20,"canname":"Créteil-2","comname":"Créteil","ins":1226,"Art":9,"Mel":307,"Rou":18,"Mac":272,"Las":12,"vot":921,"circode":9401,"Lep":116,"Pec":35,"Zem":68,"Hid":4,"Jad":37,"Pou":5,"Dup":18,"top":"Mélenchon","area_error":0.123157},"geometry":{"type":"Polygon","coordinates":[[[2.4794309962261747,48.76309091935358],[2.4862018423199848,48.76508074809354],[2.5021404332162165,48.755963752116315],[2.502200272518289,48.75589179278292],[2.5026111177009307,48.75562659990135],[2.48034284667683,48.76254560372608],[2.4794309962261747,48.76309091935358]]],"rewind":true}},{"type":"Feature","properties":{"depname":"Val-de-Marne","bvonum":"0034","comcode":94028,"cancode":9408,"bvocode":"94028_34","cirname":"2ème circonscription","exp":709,"depcode":94,"cannum":20,"canname":"Créteil-2","comname":"Créteil","ins":1048,"Art":2,"Mel":210,"Rou":18,"Mac":210,"Las":5,"vot":726,"circode":9402,"Lep":98,"Pec":37,"Zem":84,"Hid":14,"Jad":22,"Pou":4,"Dup":5,"top":"Mélenchon","area_error":-0.053724},"geometry":{"type":"Polygon","coordinates":[[[2.4716118142472054,48.761764534471865],[2.4794309962261747,48.76309091935358],[2.48034284667683,48.76254560372608],[2.479385745112028,48.75995580339458],[2.471038705572165,48.75647973078702],[2.4705141125831,48.7605943253619],[2.4716118142472054,48.761764534471865]]],"rewind":true}},{"type":"Feature","properties":{"depname":"Val-de-Marne","bvonum":"0035","comcode":94028,"cancode":9408,"bvocode":"94028_35","cirname":"2ème circonscription","exp":373,"depcode":94,"cannum":20,"canname":"Créteil-2","comname":"Créteil","ins":611,"Art":1,"Mel":197,"Rou":6,"Mac":66,"Las":4,"vot":381,"circode":9402,"Lep":60,"Pec":9,"Zem":14,"Hid":2,"Jad":6,"Pou":1,"Dup":7,"top":"Mélenchon","area_error":0.190213},"geometry":{"type":"Polygon","coordinates":[[[2.48034284667683,48.76254560372608],[2.5026111177009307,48.75562659990135],[2.502638263753135,48.75561152354473],[2.498878236837958,48.75667039780582],[2.4795730332496246,48.76000334988357],[2.479385745112028,48.75995580339458],[2.48034284667683,48.76254560372608]]],"rewind":true}},{"type":"Feature","properties":{"depname":"Val-de-Marne","bvonum":"0036","comcode":94028,"cancode":9408,"bvocode":"94028_36","cirname":"2ème circonscription","exp":480,"depcode":94,"cannum":20,"canname":"Créteil-2","comname":"Créteil","ins":733,"Art":4,"Mel":199,"Rou":2,"Mac":129,"Las":6,"vot":497,"circode":9402,"Lep":49,"Pec":13,"Zem":59,"Hid":2,"Jad":9,"Pou":3,"Dup":5,"top":"Mélenchon","area_error":0.082879},"geometry":{"type":"Polygon","coordinates":[[[2.46986167581426,48.75458325566988],[2.471038705572165,48.75647973078702],[2.479385745112028,48.75995580339458],[2.4795730332496246,48.76000334988357],[2.479383934949176,48.756920587844],[2.477877100376258,48.75587485682793],[2.47022576628527,48.753137377569836],[2.46986167581426,48.75458325566988]]],"rewind":true}},{"type":"Feature","properties":{"depname":"Val-de-Marne","bvonum":"0037","comcode":94028,"cancode":9408,"bvocode":"94028_37","cirname":"2ème circonscription","exp":690,"depcode":94,"cannum":20,"canname":"Créteil-2","comname":"Créteil","ins":1059,"Art":3,"Mel":419,"Rou":2,"Mac":114,"Las":7,"vot":709,"circode":9402,"Lep":79,"Pec":16,"Zem":16,"Hid":8,"Jad":11,"Pou":5,"Dup":10,"top":"Mélenchon","area_error":-0.184197},"geometry":{"type":"Polygon","coordinates":[[[2.498878236837958,48.75667039780582],[2.4842271580302553,48.75661039228611],[2.479383934949176,48.756920587844],[2.4795730332496246,48.76000334988357],[2.498878236837958,48.75667039780582]]],"rewind":true}},{"type":"Feature","properties":{"depname":"Val-de-Marne","bvonum":"0038","comcode":94028,"cancode":9408,"bvocode":"94028_38","cirname":"2ème circonscription","exp":501,"depcode":94,"cannum":20,"canname":"Créteil-2","comname":"Créteil","ins":822,"Art":2,"Mel":259,"Rou":11,"Mac":110,"Las":2,"vot":514,"circode":9402,"Lep":57,"Pec":14,"Zem":24,"Hid":6,"Jad":11,"Pou":1,"Dup":4,"top":"Mélenchon","area_error":0.038467},"geometry":{"type":"Polygon","coordinates":[[[2.479383934949176,48.756920587844],[2.4842271580302553,48.75661039228611],[2.48691035724766,48.75477145859173],[2.483871184410088,48.75213228295995],[2.4790996709517272,48.75213754356845],[2.477877100376258,48.75587485682793],[2.479383934949176,48.756920587844]]],"rewind":true}},{"type":"Feature","properties":{"depname":"Val-de-Marne","bvonum":"0039","comcode":94028,"cancode":9408,"bvocode":"94028_39","cirname":"2ème circonscription","exp":828,"depcode":94,"cannum":20,"canname":"Créteil-2","comname":"Créteil","ins":1205,"Art":6,"Mel":409,"Rou":13,"Mac":141,"Las":7,"vot":850,"circode":9402,"Lep":107,"Pec":33,"Zem":50,"Hid":21,"Jad":25,"Pou":4,"Dup":12,"top":"Mélenchon","area_error":0.004059},"geometry":{"type":"Polygon","coordinates":[[[2.47022576628527,48.753137377569836],[2.477877100376258,48.75587485682793],[2.4790996709517272,48.75213754356845],[2.4768886480439507,48.74704527382059],[2.47347033678258,48.74910865187652],[2.4698155185116,48.75223476848077],[2.47022576628527,48.753137377569836]]],"rewind":true}},{"type":"Feature","properties":{"depname":"Val-de-Marne","bvonum":"0004","comcode":94028,"cancode":9407,"bvocode":"94028_4","cirname":"2ème circonscription","exp":727,"depcode":94,"cannum":25,"canname":"Créteil-1","comname":"Créteil","ins":1015,"Art":2,"Mel":331,"Rou":8,"Mac":166,"Las":10,"vot":739,"circode":9402,"Lep":91,"Pec":24,"Zem":66,"Hid":5,"Jad":14,"Pou":3,"Dup":7,"top":"Mélenchon","area_error":-0.030811},"geometry":{"type":"Polygon","coordinates":[[[2.4670748082101026,48.74357190375693],[2.468895653201979,48.75138780575285],[2.4698155185116,48.75223476848077],[2.47347033678258,48.74910865187652],[2.4695167228780015,48.7412902926533],[2.4670748082101026,48.74357190375693]]],"rewind":true}},{"type":"Feature","properties":{"depname":"Val-de-Marne","bvonum":"0040","comcode":94028,"cancode":9408,"bvocode":"94028_40","cirname":"2ème circonscription","exp":661,"depcode":94,"cannum":20,"canname":"Créteil-2","comname":"Créteil","ins":987,"Art":1,"Mel":401,"Rou":8,"Mac":124,"Las":5,"vot":675,"circode":9402,"Lep":64,"Pec":20,"Zem":18,"Hid":3,"Jad":10,"Pou":1,"Dup":6,"top":"Mélenchon","area_error":-0.223022},"geometry":{"type":"Polygon","coordinates":[[[2.48691035724766,48.75477145859173],[2.4842271580302553,48.75661039228611],[2.498878236837958,48.75667039780582],[2.502638263753135,48.75561152354473],[2.50264917637296,48.7556055767487],[2.502922847409769,48.75539203770367],[2.5029774620664575,48.75531875125463],[2.5032654757443575,48.755109408329],[2.5017215140433815,48.75528357921591],[2.501041688153121,48.7557155915517],[2.5000136983389476,48.755798758797624],[2.50012094469028,48.75573075096036],[2.4985303356322865,48.75597660711168],[2.4981503880938423,48.756123183608],[2.4967738579786385,48.757139137556365],[2.4957283500383873,48.75772674162047],[2.4968105304098476,48.75667323338385],[2.497017620127966,48.75645903085612],[2.4971954509945467,48.75630100724151],[2.4976246099405737,48.7558993738633],[2.497660958348167,48.75582357099527],[2.4993094916311813,48.75470747330751],[2.4967751260237154,48.75453391140442],[2.493954447151356,48.754674864779275],[2.495578003750176,48.75405304304221],[2.48691035724766,48.75477145859173]]],"rewind":true}},{"type":"Feature","properties":{"depname":"Val-de-Marne","bvonum":"0041","comcode":94028,"cancode":9408,"bvocode":"94028_41","cirname":"2ème circonscription","exp":566,"depcode":94,"cannum":20,"canname":"Créteil-2","comname":"Créteil","ins":861,"Art":2,"Mel":261,"Rou":16,"Mac":116,"Las":9,"vot":578,"circode":9402,"Lep":83,"Pec":14,"Zem":37,"Hid":6,"Jad":16,"Pou":0,"Dup":6,"top":"Mélenchon","area_error":0.013825},"geometry":{"type":"Polygon","coordinates":[[[2.485325854350442,48.75083697222535],[2.483871184410088,48.75213228295995],[2.48691035724766,48.75477145859173],[2.495578003750176,48.75405304304221],[2.49585826473413,48.753949449053245],[2.496686360461976,48.75364929244993],[2.496809564734683,48.75357575279106],[2.495347043151336,48.753092937766],[2.4949225500067507,48.75291841842819],[2.49293254732982,48.75208628206302],[2.491807462111302,48.7514256507458],[2.490903029112546,48.75108147526596],[2.490145926260632,48.75096943795392],[2.4905626152683613,48.75060315621292],[2.485325854350442,48.75083697222535]]],"rewind":true}},{"type":"Feature","properties":{"depname":"Val-de-Marne","bvonum":"0042","comcode":94028,"cancode":9408,"bvocode":"94028_42","cirname":"2ème circonscription","exp":682,"depcode":94,"cannum":20,"canname":"Créteil-2","comname":"Créteil","ins":1026,"Art":3,"Mel":398,"Rou":6,"Mac":93,"Las":3,"vot":697,"circode":9402,"Lep":95,"Pec":16,"Zem":45,"Hid":2,"Jad":10,"Pou":6,"Dup":5,"top":"Mélenchon","area_error":-0.012274},"geometry":{"type":"Polygon","coordinates":[[[2.4770787287801737,48.7464746660715],[2.4768886480439507,48.74704527382059],[2.4790996709517272,48.75213754356845],[2.483871184410088,48.75213228295995],[2.485325854350442,48.75083697222535],[2.4831385039819436,48.74705355304795],[2.4794007643622,48.74533149131604],[2.4770787287801737,48.7464746660715]]],"rewind":true}},{"type":"Feature","properties":{"depname":"Val-de-Marne","bvonum":"0043","comcode":94028,"cancode":9408,"bvocode":"94028_43","cirname":"2ème circonscription","exp":738,"depcode":94,"cannum":20,"canname":"Créteil-2","comname":"Créteil","ins":1135,"Art":2,"Mel":449,"Rou":8,"Mac":116,"Las":3,"vot":757,"circode":9402,"Lep":83,"Pec":7,"Zem":44,"Hid":11,"Jad":9,"Pou":6,"Dup":0,"top":"Mélenchon","area_error":-0.008502},"geometry":{"type":"Polygon","coordinates":[[[2.485325854350442,48.75083697222535],[2.4905626152683613,48.75060315621292],[2.4913811572486253,48.74981834696444],[2.49100857509983,48.749714788375954],[2.4913128160496942,48.749480879673584],[2.49075761452123,48.7493133591644],[2.49289925649062,48.74785376704355],[2.49358699699759,48.74833189531278],[2.493808590912533,48.74811478346457],[2.494604854977244,48.74726969381811],[2.4873145987550833,48.74461789648014],[2.4831385039819436,48.74705355304795],[2.485325854350442,48.75083697222535]]],"rewind":true}},{"type":"Feature","properties":{"depname":"Val-de-Marne","bvonum":"0044","comcode":94028,"cancode":9408,"bvocode":"94028_44","cirname":"2ème circonscription","exp":698,"depcode":94,"cannum":20,"canname":"Créteil-2","comname":"Créteil","ins":978,"Art":5,"Mel":358,"Rou":18,"Mac":142,"Las":10,"vot":718,"circode":9402,"Lep":71,"Pec":19,"Zem":28,"Hid":6,"Jad":21,"Pou":8,"Dup":12,"top":"Mélenchon","area_error":-0.001625},"geometry":{"type":"Polygon","coordinates":[[[2.4794007643622,48.74533149131604],[2.4831385039819436,48.74705355304795],[2.4873145987550833,48.74461789648014],[2.483192041789819,48.73971971001355],[2.4819860272928542,48.73955292608864],[2.48086036762607,48.7393410292455],[2.480729507529277,48.73920317523786],[2.4794007643622,48.74533149131604]]],"rewind":true}},{"type":"Feature","properties":{"depname":"Val-de-Marne","bvonum":"0045","comcode":94028,"cancode":9408,"bvocode":"94028_45","cirname":"2ème circonscription","exp":1151,"depcode":94,"cannum":20,"canname":"Créteil-2","comname":"Créteil","ins":1616,"Art":1,"Mel":603,"Rou":20,"Mac":218,"Las":14,"vot":1175,"circode":9402,"Lep":100,"Pec":27,"Zem":86,"Hid":14,"Jad":39,"Pou":6,"Dup":23,"top":"Mélenchon","area_error":-0.008879},"geometry":{"type":"Polygon","coordinates":[[[2.4873145987550833,48.74461789648014],[2.494604854977244,48.74726969381811],[2.496098787054831,48.74571288682885],[2.497876233301886,48.7442330011319],[2.4982505596668614,48.7439326715015],[2.496325323690331,48.74312007339966],[2.4957689272765817,48.74263418839346],[2.4964261293744974,48.74219061727733],[2.4936396379203076,48.7404853044419],[2.491619513186417,48.740924783155016],[2.4876015532001485,48.740158955701176],[2.4850774578703634,48.73908598842877],[2.483951926187037,48.73951147407214],[2.4832598222199853,48.73971600814929],[2.483192041789819,48.73971971001355],[2.4873145987550833,48.74461789648014]]],"rewind":true}},{"type":"Feature","properties":{"depname":"Val-de-Marne","bvonum":"0005","comcode":94028,"cancode":9407,"bvocode":"94028_5","cirname":"2ème circonscription","exp":800,"depcode":94,"cannum":25,"canname":"Créteil-1","comname":"Créteil","ins":1126,"Art":3,"Mel":306,"Rou":14,"Mac":199,"Las":12,"vot":816,"circode":9402,"Lep":68,"Pec":28,"Zem":127,"Hid":6,"Jad":23,"Pou":2,"Dup":12,"top":"Mélenchon","area_error":-0.035513},"geometry":{"type":"Polygon","coordinates":[[[2.47347033678258,48.74910865187652],[2.4768886480439507,48.74704527382059],[2.4770787287801737,48.7464746660715],[2.4729082865946537,48.73818852374698],[2.4727249858142333,48.7382206981856],[2.4695167228780015,48.7412902926533],[2.47347033678258,48.74910865187652]]],"rewind":true}},{"type":"Feature","properties":{"depname":"Val-de-Marne","bvonum":"0006","comcode":94028,"cancode":9407,"bvocode":"94028_6","cirname":"2ème circonscription","exp":778,"depcode":94,"cannum":25,"canname":"Créteil-1","comname":"Créteil","ins":1054,"Art":4,"Mel":358,"Rou":16,"Mac":180,"Las":12,"vot":799,"circode":9402,"Lep":75,"Pec":20,"Zem":70,"Hid":8,"Jad":15,"Pou":10,"Dup":10,"top":"Mélenchon","area_error":0.034528},"geometry":{"type":"Polygon","coordinates":[[[2.4770787287801737,48.7464746660715],[2.4794007643622,48.74533149131604],[2.480729507529277,48.73920317523786],[2.480348910203944,48.73886576615006],[2.4796716032596633,48.73832982034229],[2.479682783110059,48.73830268335036],[2.478901519025959,48.73789075980015],[2.478307424437223,48.73834602135383],[2.476488767054448,48.737828710025056],[2.4745350421747063,48.738000419682685],[2.47394535198905,48.73806097505848],[2.4729082865946537,48.73818852374698],[2.4770787287801737,48.7464746660715]]],"rewind":true}},{"type":"Feature","properties":{"depname":"Val-de-Marne","bvonum":"0007","comcode":94028,"cancode":9407,"bvocode":"94028_7","cirname":"2ème circonscription","exp":1180,"depcode":94,"cannum":25,"canname":"Créteil-1","comname":"Créteil","ins":1565,"Art":5,"Mel":542,"Rou":25,"Mac":295,"Las":9,"vot":1200,"circode":9402,"Lep":101,"Pec":34,"Zem":112,"Hid":8,"Jad":30,"Pou":5,"Dup":14,"top":"Mélenchon","area_error":-0.022931},"geometry":{"type":"MultiPolygon","coordinates":[[[[2.456309892802572,48.73976664847088],[2.456314252443267,48.73976081324068],[2.456300345545031,48.7397577795745],[2.456309892802572,48.73976664847088]]],[[[2.457535617538984,48.74373571999704],[2.45948169209954,48.745217026278],[2.4670748082101026,48.74357190375693],[2.4695167228780015,48.7412902926533],[2.4727249858142333,48.7382206981856],[2.472437604044661,48.73827279658702],[2.470496930865721,48.7385869137869],[2.469454913184329,48.73885425427885],[2.4686379488792354,48.7390607468351],[2.4673157137493544,48.73939529625737],[2.463947332811249,48.73986704032397],[2.461994248746365,48.73993332035787],[2.4574281349562943,48.740002827418145],[2.4567561386646743,48.73998841564788],[2.45648983205445,48.739937477942775],[2.457535617538984,48.74373571999704]]]],"rewind":true}},{"type":"Feature","properties":{"depname":"Val-de-Marne","bvonum":"0008","comcode":94028,"cancode":9407,"bvocode":"94028_8","cirname":"2ème circonscription","exp":792,"depcode":94,"cannum":25,"canname":"Créteil-1","comname":"Créteil","ins":1125,"Art":5,"Mel":281,"Rou":22,"Mac":236,"Las":10,"vot":818,"circode":9402,"Lep":92,"Pec":37,"Zem":58,"Hid":13,"Jad":25,"Pou":3,"Dup":10,"top":"Mélenchon","area_error":-0.036045},"geometry":{"type":"Polygon","coordinates":[[[2.460964640998874,48.7472666733222],[2.45948169209954,48.745217026278],[2.457535617538984,48.74373571999704],[2.4549815519167457,48.74429687273143],[2.460954624620216,48.75600071377867],[2.461941391886471,48.75576930684978],[2.4626008497380343,48.7533938403971],[2.460964640998874,48.7472666733222]]],"rewind":true}},{"type":"Feature","properties":{"depname":"Val-de-Marne","bvonum":"0009","comcode":94028,"cancode":9407,"bvocode":"94028_9","cirname":"2ème circonscription","exp":764,"depcode":94,"cannum":25,"canname":"Créteil-1","comname":"Créteil","ins":1121,"Art":2,"Mel":345,"Rou":19,"Mac":170,"Las":8,"vot":784,"circode":9402,"Lep":95,"Pec":32,"Zem":54,"Hid":4,"Jad":14,"Pou":10,"Dup":11,"top":"Mélenchon","area_error":0.007849},"geometry":{"type":"Polygon","coordinates":[[[2.4605053647803032,48.757202668893036],[2.463078818689281,48.76246261890858],[2.4638178585257973,48.7631415879517],[2.471313965370714,48.76229162164338],[2.4716118142472054,48.761764534471865],[2.4705141125831,48.7605943253619],[2.461941391886471,48.75576930684978],[2.460954624620216,48.75600071377867],[2.4605053647803032,48.757202668893036]]],"rewind":true}},{"type":"Feature","properties":{"depname":"Val-de-Marne","bvonum":"0001","comcode":94033,"cancode":9409,"bvocode":"94033_1","cirname":"6ème circonscription","exp":735,"depcode":94,"cannum":18,"canname":"Fontenay-sous-Bois","comname":"Fontenay-sous-Bois","ins":992,"Art":6,"Mel":277,"Rou":22,"Mac":194,"Las":11,"vot":752,"circode":9406,"Lep":56,"Pec":27,"Zem":39,"Hid":18,"Jad":73,"Pou":8,"Dup":4,"top":"Mélenchon","area_error":-0.010998},"geometry":{"type":"Polygon","coordinates":[[[2.486496631417122,48.85241907770031],[2.490369261266277,48.852889853224],[2.493905257677282,48.84686019541683],[2.488668656226869,48.84580967006014],[2.4863787116315663,48.84730718099344],[2.486496631417122,48.85241907770031]]],"rewind":true}},{"type":"Feature","properties":{"depname":"Val-de-Marne","bvonum":"0010","comcode":94033,"cancode":9409,"bvocode":"94033_10","cirname":"6ème circonscription","exp":837,"depcode":94,"cannum":18,"canname":"Fontenay-sous-Bois","comname":"Fontenay-sous-Bois","ins":1121,"Art":1,"Mel":281,"Rou":24,"Mac":257,"Las":9,"vot":853,"circode":9406,"Lep":52,"Pec":32,"Zem":41,"Hid":23,"Jad":94,"Pou":8,"Dup":15,"top":"Mélenchon","area_error":0.029834},"geometry":{"type":"Polygon","coordinates":[[[2.463379953013868,48.85725548285723],[2.4631686320181334,48.8574516034581],[2.46193836342034,48.85866756321725],[2.4618242468795724,48.8584486027953],[2.461645628467416,48.858696421134354],[2.4609631096907876,48.8575600541121],[2.460228092302714,48.85872168455162],[2.4601714752298354,48.85877978513635],[2.458208757674279,48.85993983908808],[2.4605454151891886,48.86396762405193],[2.4686476366820633,48.865792865957964],[2.463379953013868,48.85725548285723]]],"rewind":true}},{"type":"Feature","properties":{"depname":"Val-de-Marne","bvonum":"0011","comcode":94033,"cancode":9409,"bvocode":"94033_11","cirname":"6ème circonscription","exp":758,"depcode":94,"cannum":18,"canname":"Fontenay-sous-Bois","comname":"Fontenay-sous-Bois","ins":971,"Art":5,"Mel":283,"Rou":17,"Mac":218,"Las":11,"vot":767,"circode":9406,"Lep":52,"Pec":34,"Zem":38,"Hid":14,"Jad":72,"Pou":7,"Dup":7,"top":"Mélenchon","area_error":-0.022899},"geometry":{"type":"Polygon","coordinates":[[[2.474796410971667,48.84998487531294],[2.4795913756333556,48.85527144748767],[2.479845736371754,48.85516000494077],[2.4820711252813727,48.8479477385499],[2.4780029570248865,48.846125134700266],[2.474796410971667,48.84998487531294]]],"rewind":true}},{"type":"Feature","properties":{"depname":"Val-de-Marne","bvonum":"0012","comcode":94033,"cancode":9409,"bvocode":"94033_12","cirname":"6ème circonscription","exp":789,"depcode":94,"cannum":18,"canname":"Fontenay-sous-Bois","comname":"Fontenay-sous-Bois","ins":1016,"Art":5,"Mel":282,"Rou":34,"Mac":233,"Las":9,"vot":798,"circode":9406,"Lep":50,"Pec":33,"Zem":35,"Hid":10,"Jad":80,"Pou":6,"Dup":12,"top":"Mélenchon","area_error":0.009225},"geometry":{"type":"Polygon","coordinates":[[[2.479845736371754,48.85516000494077],[2.482194550551998,48.85596728496903],[2.486496631417122,48.85241907770031],[2.4863787116315663,48.84730718099344],[2.4831389880156847,48.84747551157063],[2.4820711252813727,48.8479477385499],[2.479845736371754,48.85516000494077]]],"rewind":true}},{"type":"Feature","properties":{"depname":"Val-de-Marne","bvonum":"0013","comcode":94033,"cancode":9409,"bvocode":"94033_13","cirname":"6ème circonscription","exp":723,"depcode":94,"cannum":18,"canname":"Fontenay-sous-Bois","comname":"Fontenay-sous-Bois","ins":1014,"Art":2,"Mel":233,"Rou":25,"Mac":172,"Las":8,"vot":734,"circode":9406,"Lep":86,"Pec":27,"Zem":73,"Hid":16,"Jad":59,"Pou":6,"Dup":16,"top":"Mélenchon","area_error":0.034938},"geometry":{"type":"Polygon","coordinates":[[[2.4887702377561887,48.86678152758607],[2.486609341214202,48.8651431122042],[2.4821631341805617,48.860904805390916],[2.48204156282766,48.86089316874933],[2.480260340273123,48.8640092455413],[2.480971859127104,48.868791327539554],[2.4890784307628486,48.8679829385124],[2.4887702377561887,48.86678152758607]]],"rewind":true}},{"type":"Feature","properties":{"depname":"Val-de-Marne","bvonum":"0014","comcode":94033,"cancode":9409,"bvocode":"94033_14","cirname":"6ème circonscription","exp":743,"depcode":94,"cannum":18,"canname":"Fontenay-sous-Bois","comname":"Fontenay-sous-Bois","ins":1013,"Art":2,"Mel":310,"Rou":18,"Mac":167,"Las":12,"vot":761,"circode":9406,"Lep":71,"Pec":36,"Zem":53,"Hid":13,"Jad":37,"Pou":9,"Dup":15,"top":"Mélenchon","area_error":0.036307},"geometry":{"type":"Polygon","coordinates":[[[2.482194550551998,48.85596728496903],[2.48204156282766,48.86089316874933],[2.4821631341805617,48.860904805390916],[2.489444701882638,48.85633241560067],[2.490711416902444,48.853220838337954],[2.490369261266277,48.852889853224],[2.486496631417122,48.85241907770031],[2.482194550551998,48.85596728496903]]],"rewind":true}},{"type":"Feature","properties":{"depname":"Val-de-Marne","bvonum":"0015","comcode":94033,"cancode":9409,"bvocode":"94033_15","cirname":"6ème circonscription","exp":652,"depcode":94,"cannum":18,"canname":"Fontenay-sous-Bois","comname":"Fontenay-sous-Bois","ins":951,"Art":0,"Mel":269,"Rou":28,"Mac":147,"Las":9,"vot":671,"circode":9406,"Lep":98,"Pec":25,"Zem":32,"Hid":5,"Jad":20,"Pou":4,"Dup":15,"top":"Mélenchon","area_error":0.008729},"geometry":{"type":"Polygon","coordinates":[[[2.509354037368621,48.8546555357318],[2.5087837485400772,48.860548004315476],[2.509216593629866,48.862415429902946],[2.512986206227493,48.85976529390046],[2.51429698166807,48.8564968854452],[2.518024182385893,48.856012945203176],[2.516894118208602,48.855992083661945],[2.5150575637408625,48.8558392002528],[2.5145812417940183,48.85577321066863],[2.514504555680171,48.8557378471303],[2.5133779838004364,48.85447184901928],[2.513111033843523,48.85404646439419],[2.5130262807732633,48.85363919824413],[2.51285827228537,48.8533704969454],[2.512454993982826,48.85320887896373],[2.5120348647561954,48.85304003777367],[2.51170126821169,48.85288297490226],[2.511709122954885,48.852778289530185],[2.511422800251786,48.85264526028645],[2.5112342666811944,48.852583010055724],[2.509354037368621,48.8546555357318]]],"rewind":true}},{"type":"Feature","properties":{"depname":"Val-de-Marne","bvonum":"0016","comcode":94033,"cancode":9409,"bvocode":"94033_16","cirname":"6ème circonscription","exp":747,"depcode":94,"cannum":18,"canname":"Fontenay-sous-Bois","comname":"Fontenay-sous-Bois","ins":943,"Art":2,"Mel":111,"Rou":8,"Mac":361,"Las":11,"vot":756,"circode":9406,"Lep":39,"Pec":62,"Zem":84,"Hid":6,"Jad":52,"Pou":0,"Dup":11,"top":"Macron","area_error":0.010349},"geometry":{"type":"Polygon","coordinates":[[[2.4719639863570433,48.83688236857386],[2.4759723009890333,48.8399018929581],[2.478650822948862,48.83841924011082],[2.4793135551299645,48.830196344642246],[2.4753270244920462,48.83447419008658],[2.471551676576793,48.835271194647014],[2.4719639863570433,48.83688236857386]]],"rewind":true}},{"type":"Feature","properties":{"depname":"Val-de-Marne","bvonum":"0017","comcode":94033,"cancode":9409,"bvocode":"94033_17","cirname":"6ème circonscription","exp":841,"depcode":94,"cannum":18,"canname":"Fontenay-sous-Bois","comname":"Fontenay-sous-Bois","ins":1066,"Art":2,"Mel":164,"Rou":9,"Mac":347,"Las":10,"vot":849,"circode":9406,"Lep":34,"Pec":88,"Zem":93,"Hid":12,"Jad":70,"Pou":5,"Dup":7,"top":"Macron","area_error":0.002579},"geometry":{"type":"Polygon","coordinates":[[[2.471819052946434,48.837774682482426],[2.4719639863570433,48.83688236857386],[2.471551676576793,48.835271194647014],[2.459921019660891,48.8365100169704],[2.459830468226945,48.83748064718548],[2.4596290170740858,48.8384328270214],[2.4596449271129277,48.83916420994403],[2.4595505426567867,48.83928810346142],[2.459434058904292,48.840111261789424],[2.459119726094319,48.84113299162083],[2.46035621391312,48.84056617838795],[2.46151954799507,48.8401237482025],[2.463074741248545,48.83956474433811],[2.463395745488491,48.83948025157392],[2.4638176044131956,48.8393116101954],[2.4649529785108393,48.83902475025802],[2.465871832346601,48.8387627370202],[2.4680865295061962,48.83862257969256],[2.46904319876248,48.83855409480796],[2.471066621676016,48.83870405021884],[2.4710702767089363,48.83894779085871],[2.471819052946434,48.837774682482426]]],"rewind":true}},{"type":"Feature","properties":{"depname":"Val-de-Marne","bvonum":"0018","comcode":94033,"cancode":9409,"bvocode":"94033_18","cirname":"6ème circonscription","exp":574,"depcode":94,"cannum":18,"canname":"Fontenay-sous-Bois","comname":"Fontenay-sous-Bois","ins":912,"Art":6,"Mel":331,"Rou":26,"Mac":84,"Las":4,"vot":585,"circode":9406,"Lep":69,"Pec":8,"Zem":26,"Hid":1,"Jad":8,"Pou":3,"Dup":8,"top":"Mélenchon","area_error":0.029527},"geometry":{"type":"Polygon","coordinates":[[[2.490711416902444,48.853220838337954],[2.49607350580585,48.8534898111176],[2.498246641363162,48.84628408161495],[2.4971937347438975,48.84587336384846],[2.493905257677282,48.84686019541683],[2.490369261266277,48.852889853224],[2.490711416902444,48.853220838337954]]],"rewind":true}},{"type":"Feature","properties":{"depname":"Val-de-Marne","bvonum":"0019","comcode":94033,"cancode":9409,"bvocode":"94033_19","cirname":"6ème circonscription","exp":678,"depcode":94,"cannum":18,"canname":"Fontenay-sous-Bois","comname":"Fontenay-sous-Bois","ins":948,"Art":3,"Mel":257,"Rou":24,"Mac":167,"Las":7,"vot":694,"circode":9406,"Lep":108,"Pec":11,"Zem":46,"Hid":9,"Jad":34,"Pou":6,"Dup":6,"top":"Mélenchon","area_error":0.024962},"geometry":{"type":"Polygon","coordinates":[[[2.4962800878391636,48.840323205056684],[2.4971937347438975,48.84587336384846],[2.498246641363162,48.84628408161495],[2.5016967582649956,48.84741888948573],[2.5030623278275925,48.847606622028515],[2.5053337034773717,48.845983585364635],[2.5050873196484846,48.84587578743105],[2.5041909008099426,48.84572414085872],[2.503474177258518,48.84528493574217],[2.5035146224514615,48.84547262183738],[2.5032593829421828,48.8453895440863],[2.5028643789518856,48.84503973652248],[2.502916670352546,48.84460995551525],[2.5024277709637652,48.844245327047],[2.5017006241499073,48.84404699342937],[2.501514515704,48.84376419389816],[2.501464659121531,48.84341047492307],[2.501400623570464,48.84273205800612],[2.5013349777639786,48.8424240319783],[2.500163247890535,48.8422357610358],[2.500770567011821,48.8403082100508],[2.500486207194259,48.8400519994946],[2.4993339849709386,48.840598641722536],[2.4981311325351716,48.83954654435248],[2.49756548364748,48.839979392747885],[2.4972888533710047,48.839993136956686],[2.4967442981250736,48.839754035248255],[2.49591489966284,48.83951001202045],[2.4962800878391636,48.840323205056684]]],"rewind":true}},{"type":"Feature","properties":{"depname":"Val-de-Marne","bvonum":"0002","comcode":94033,"cancode":9409,"bvocode":"94033_2","cirname":"6ème circonscription","exp":828,"depcode":94,"cannum":18,"canname":"Fontenay-sous-Bois","comname":"Fontenay-sous-Bois","ins":1057,"Art":3,"Mel":265,"Rou":31,"Mac":263,"Las":9,"vot":838,"circode":9406,"Lep":56,"Pec":36,"Zem":42,"Hid":19,"Jad":85,"Pou":7,"Dup":12,"top":"Mélenchon","area_error":0.002732},"geometry":{"type":"Polygon","coordinates":[[[2.4831389880156847,48.84747551157063],[2.4863787116315663,48.84730718099344],[2.488668656226869,48.84580967006014],[2.4885322109667953,48.84336966960618],[2.485560735865362,48.84049163888802],[2.480817768068744,48.8402088964772],[2.4831389880156847,48.84747551157063]]],"rewind":true}},{"type":"Feature","properties":{"depname":"Val-de-Marne","bvonum":"0020","comcode":94033,"cancode":9409,"bvocode":"94033_20","cirname":"6ème circonscription","exp":611,"depcode":94,"cannum":18,"canname":"Fontenay-sous-Bois","comname":"Fontenay-sous-Bois","ins":962,"Art":4,"Mel":275,"Rou":18,"Mac":154,"Las":11,"vot":620,"circode":9406,"Lep":63,"Pec":20,"Zem":29,"Hid":12,"Jad":14,"Pou":1,"Dup":10,"top":"Mélenchon","area_error":-0.012946},"geometry":{"type":"Polygon","coordinates":[[[2.491819258339965,48.85820603818216],[2.4952804954324983,48.8616786021827],[2.4998965000376816,48.86151500213778],[2.502264943677868,48.8595642088222],[2.5018083572773557,48.85680073051177],[2.50129596492295,48.856574302682866],[2.491819258339965,48.85820603818216]]],"rewind":true}},{"type":"Feature","properties":{"depname":"Val-de-Marne","bvonum":"0021","comcode":94033,"cancode":9409,"bvocode":"94033_21","cirname":"6ème circonscription","exp":644,"depcode":94,"cannum":18,"canname":"Fontenay-sous-Bois","comname":"Fontenay-sous-Bois","ins":996,"Art":4,"Mel":314,"Rou":19,"Mac":138,"Las":9,"vot":656,"circode":9406,"Lep":78,"Pec":16,"Zem":30,"Hid":9,"Jad":12,"Pou":4,"Dup":11,"top":"Mélenchon","area_error":0.001111},"geometry":{"type":"Polygon","coordinates":[[[2.489444701882638,48.85633241560067],[2.4908890975255953,48.85777927662505],[2.491819258339965,48.85820603818216],[2.50129596492295,48.856574302682866],[2.500912972286925,48.85628718422753],[2.49607350580585,48.8534898111176],[2.490711416902444,48.853220838337954],[2.489444701882638,48.85633241560067]]],"rewind":true}},{"type":"Feature","properties":{"depname":"Val-de-Marne","bvonum":"0022","comcode":94033,"cancode":9409,"bvocode":"94033_22","cirname":"6ème circonscription","exp":639,"depcode":94,"cannum":18,"canname":"Fontenay-sous-Bois","comname":"Fontenay-sous-Bois","ins":947,"Art":3,"Mel":323,"Rou":23,"Mac":111,"Las":10,"vot":656,"circode":9406,"Lep":95,"Pec":9,"Zem":36,"Hid":3,"Jad":13,"Pou":7,"Dup":6,"top":"Mélenchon","area_error":0.011315},"geometry":{"type":"Polygon","coordinates":[[[2.5087837485400772,48.860548004315476],[2.502264943677868,48.8595642088222],[2.4998965000376816,48.86151500213778],[2.4999864407941255,48.86581234072004],[2.509216593629866,48.862415429902946],[2.5087837485400772,48.860548004315476]]],"rewind":true}},{"type":"Feature","properties":{"depname":"Val-de-Marne","bvonum":"0023","comcode":94033,"cancode":9409,"bvocode":"94033_23","cirname":"6ème circonscription","exp":585,"depcode":94,"cannum":18,"canname":"Fontenay-sous-Bois","comname":"Fontenay-sous-Bois","ins":871,"Art":5,"Mel":300,"Rou":28,"Mac":86,"Las":7,"vot":603,"circode":9406,"Lep":89,"Pec":10,"Zem":30,"Hid":3,"Jad":17,"Pou":2,"Dup":8,"top":"Mélenchon","area_error":0.00431},"geometry":{"type":"Polygon","coordinates":[[[2.502264943677868,48.8595642088222],[2.5087837485400772,48.860548004315476],[2.509354037368621,48.8546555357318],[2.50754155138954,48.85450978248474],[2.5018083572773557,48.85680073051177],[2.502264943677868,48.8595642088222]]],"rewind":true}},{"type":"Feature","properties":{"depname":"Val-de-Marne","bvonum":"0024","comcode":94033,"cancode":9409,"bvocode":"94033_24","cirname":"6ème circonscription","exp":665,"depcode":94,"cannum":18,"canname":"Fontenay-sous-Bois","comname":"Fontenay-sous-Bois","ins":1033,"Art":7,"Mel":330,"Rou":29,"Mac":114,"Las":7,"vot":682,"circode":9406,"Lep":96,"Pec":21,"Zem":28,"Hid":4,"Jad":14,"Pou":5,"Dup":10,"top":"Mélenchon","area_error":0.030542},"geometry":{"type":"Polygon","coordinates":[[[2.5030623278275925,48.847606622028515],[2.50754155138954,48.85450978248474],[2.509354037368621,48.8546555357318],[2.5112342666811944,48.852583010055724],[2.510786900200618,48.85242436343798],[2.510706345993977,48.851918923537944],[2.51072212956985,48.85094641854883],[2.51041057964199,48.84933584651938],[2.51029486605145,48.84839050561227],[2.51023334601951,48.8481038079847],[2.509060310987847,48.84801208585604],[2.508369194443112,48.8479392939163],[2.5084585491185023,48.847095370137765],[2.508003039355942,48.84698785408166],[2.5076144070958257,48.8468829010024],[2.50634695437674,48.846517386950424],[2.5058446817499536,48.846243333224166],[2.5053337034773717,48.845983585364635],[2.5030623278275925,48.847606622028515]]],"rewind":true}},{"type":"Feature","properties":{"depname":"Val-de-Marne","bvonum":"0025","comcode":94033,"cancode":9409,"bvocode":"94033_25","cirname":"6ème circonscription","exp":714,"depcode":94,"cannum":18,"canname":"Fontenay-sous-Bois","comname":"Fontenay-sous-Bois","ins":1006,"Art":2,"Mel":319,"Rou":23,"Mac":151,"Las":11,"vot":730,"circode":9406,"Lep":76,"Pec":25,"Zem":45,"Hid":10,"Jad":29,"Pou":10,"Dup":13,"top":"Mélenchon","area_error":-0.061206},"geometry":{"type":"Polygon","coordinates":[[[2.5018083572773557,48.85680073051177],[2.50754155138954,48.85450978248474],[2.5030623278275925,48.847606622028515],[2.5016967582649956,48.84741888948573],[2.500912972286925,48.85628718422753],[2.50129596492295,48.856574302682866],[2.5018083572773557,48.85680073051177]]],"rewind":true}},{"type":"Feature","properties":{"depname":"Val-de-Marne","bvonum":"0026","comcode":94033,"cancode":9409,"bvocode":"94033_26","cirname":"6ème circonscription","exp":738,"depcode":94,"cannum":18,"canname":"Fontenay-sous-Bois","comname":"Fontenay-sous-Bois","ins":970,"Art":4,"Mel":261,"Rou":25,"Mac":198,"Las":15,"vot":747,"circode":9406,"Lep":88,"Pec":26,"Zem":50,"Hid":18,"Jad":38,"Pou":6,"Dup":9,"top":"Mélenchon","area_error":-0.007117},"geometry":{"type":"Polygon","coordinates":[[[2.500912972286925,48.85628718422753],[2.5016967582649956,48.84741888948573],[2.498246641363162,48.84628408161495],[2.49607350580585,48.8534898111176],[2.500912972286925,48.85628718422753]]],"rewind":true}},{"type":"Feature","properties":{"depname":"Val-de-Marne","bvonum":"0027","comcode":94033,"cancode":9409,"bvocode":"94033_27","cirname":"6ème circonscription","exp":705,"depcode":94,"cannum":18,"canname":"Fontenay-sous-Bois","comname":"Fontenay-sous-Bois","ins":1016,"Art":6,"Mel":235,"Rou":19,"Mac":181,"Las":17,"vot":729,"circode":9406,"Lep":87,"Pec":40,"Zem":64,"Hid":10,"Jad":27,"Pou":4,"Dup":15,"top":"Mélenchon","area_error":-0.018066},"geometry":{"type":"Polygon","coordinates":[[[2.4998965000376816,48.86151500213778],[2.4952804954324983,48.8616786021827],[2.4887702377561887,48.86678152758607],[2.4890784307628486,48.8679829385124],[2.499658543529363,48.8650052554826],[2.4999864407941255,48.86581234072004],[2.4998965000376816,48.86151500213778]]],"rewind":true}},{"type":"Feature","properties":{"depname":"Val-de-Marne","bvonum":"0028","comcode":94033,"cancode":9409,"bvocode":"94033_28","cirname":"6ème circonscription","exp":658,"depcode":94,"cannum":18,"canname":"Fontenay-sous-Bois","comname":"Fontenay-sous-Bois","ins":956,"Art":5,"Mel":352,"Rou":23,"Mac":106,"Las":7,"vot":669,"circode":9406,"Lep":74,"Pec":18,"Zem":20,"Hid":14,"Jad":24,"Pou":3,"Dup":12,"top":"Mélenchon","area_error":-0.05401},"geometry":{"type":"Polygon","coordinates":[[[2.4821631341805617,48.860904805390916],[2.486609341214202,48.8651431122042],[2.4908890975255953,48.85777927662505],[2.489444701882638,48.85633241560067],[2.4821631341805617,48.860904805390916]]],"rewind":true}},{"type":"Feature","properties":{"depname":"Val-de-Marne","bvonum":"0029","comcode":94033,"cancode":9409,"bvocode":"94033_29","cirname":"6ème circonscription","exp":854,"depcode":94,"cannum":18,"canname":"Fontenay-sous-Bois","comname":"Fontenay-sous-Bois","ins":1115,"Art":1,"Mel":288,"Rou":20,"Mac":239,"Las":10,"vot":867,"circode":9406,"Lep":65,"Pec":45,"Zem":77,"Hid":15,"Jad":79,"Pou":5,"Dup":10,"top":"Mélenchon","area_error":-0.013798},"geometry":{"type":"Polygon","coordinates":[[[2.468666691177288,48.865791995851666],[2.4771799563975,48.86440301235136],[2.476955041348242,48.858842112859385],[2.473727152498674,48.85852178116697],[2.470118387871234,48.86173764805595],[2.468666691177288,48.865791995851666]]],"rewind":true}},{"type":"Feature","properties":{"depname":"Val-de-Marne","bvonum":"0003","comcode":94033,"cancode":9409,"bvocode":"94033_3","cirname":"6ème circonscription","exp":828,"depcode":94,"cannum":18,"canname":"Fontenay-sous-Bois","comname":"Fontenay-sous-Bois","ins":1022,"Art":2,"Mel":287,"Rou":21,"Mac":278,"Las":8,"vot":834,"circode":9406,"Lep":45,"Pec":42,"Zem":45,"Hid":16,"Jad":72,"Pou":6,"Dup":6,"top":"Mélenchon","area_error":-0.012105},"geometry":{"type":"Polygon","coordinates":[[[2.493905257677282,48.84686019541683],[2.4971937347438975,48.84587336384846],[2.4962800878391636,48.840323205056684],[2.4951469780428965,48.8406630323502],[2.495115956892925,48.84138961024882],[2.49400438355219,48.84101916010333],[2.4885322109667953,48.84336966960618],[2.488668656226869,48.84580967006014],[2.493905257677282,48.84686019541683]]],"rewind":true}},{"type":"Feature","properties":{"depname":"Val-de-Marne","bvonum":"0030","comcode":94033,"cancode":9409,"bvocode":"94033_30","cirname":"6ème circonscription","exp":739,"depcode":94,"cannum":18,"canname":"Fontenay-sous-Bois","comname":"Fontenay-sous-Bois","ins":983,"Art":4,"Mel":214,"Rou":12,"Mac":238,"Las":11,"vot":751,"circode":9406,"Lep":67,"Pec":37,"Zem":55,"Hid":14,"Jad":69,"Pou":6,"Dup":12,"top":"Macron","area_error":-0.003333},"geometry":{"type":"Polygon","coordinates":[[[2.4771799563975,48.86440301235136],[2.480260340273123,48.8640092455413],[2.48204156282766,48.86089316874933],[2.482194550551998,48.85596728496903],[2.479845736371754,48.85516000494077],[2.4795913756333556,48.85527144748767],[2.476955041348242,48.858842112859385],[2.4771799563975,48.86440301235136]]],"rewind":true}},{"type":"Feature","properties":{"depname":"Val-de-Marne","bvonum":"0031","comcode":94033,"cancode":9409,"bvocode":"94033_31","cirname":"6ème circonscription","exp":835,"depcode":94,"cannum":18,"canname":"Fontenay-sous-Bois","comname":"Fontenay-sous-Bois","ins":1021,"Art":4,"Mel":240,"Rou":24,"Mac":287,"Las":16,"vot":845,"circode":9406,"Lep":49,"Pec":48,"Zem":41,"Hid":15,"Jad":91,"Pou":4,"Dup":16,"top":"Macron","area_error":-0.015629},"geometry":{"type":"Polygon","coordinates":[[[2.4780029570248865,48.846125134700266],[2.4820711252813727,48.8479477385499],[2.4831389880156847,48.84747551157063],[2.480817768068744,48.8402088964772],[2.478650822948862,48.83841924011082],[2.4759723009890333,48.8399018929581],[2.4780029570248865,48.846125134700266]]],"rewind":true}},{"type":"Feature","properties":{"depname":"Val-de-Marne","bvonum":"0032","comcode":94033,"cancode":9409,"bvocode":"94033_32","cirname":"6ème circonscription","exp":860,"depcode":94,"cannum":18,"canname":"Fontenay-sous-Bois","comname":"Fontenay-sous-Bois","ins":1099,"Art":1,"Mel":224,"Rou":34,"Mac":310,"Las":9,"vot":873,"circode":9406,"Lep":48,"Pec":55,"Zem":69,"Hid":16,"Jad":81,"Pou":6,"Dup":7,"top":"Macron","area_error":-0.008636},"geometry":{"type":"Polygon","coordinates":[[[2.478650822948862,48.83841924011082],[2.480817768068744,48.8402088964772],[2.485560735865362,48.84049163888802],[2.4848512525314743,48.83686152858873],[2.4839732575438562,48.836377425712485],[2.4811626580515536,48.833643129864015],[2.480817398434722,48.83325629252373],[2.4817476491519663,48.83144427836342],[2.4813859039744925,48.83101914169374],[2.4799507357007364,48.82918248916703],[2.4793135551299645,48.830196344642246],[2.478650822948862,48.83841924011082]]],"rewind":true}},{"type":"Feature","properties":{"depname":"Val-de-Marne","bvonum":"0033","comcode":94033,"cancode":9409,"bvocode":"94033_33","cirname":"6ème circonscription","exp":627,"depcode":94,"cannum":18,"canname":"Fontenay-sous-Bois","comname":"Fontenay-sous-Bois","ins":966,"Art":2,"Mel":313,"Rou":15,"Mac":127,"Las":8,"vot":636,"circode":9406,"Lep":64,"Pec":15,"Zem":35,"Hid":14,"Jad":21,"Pou":5,"Dup":8,"top":"Mélenchon","area_error":-0.002525},"geometry":{"type":"Polygon","coordinates":[[[2.4887702377561887,48.86678152758607],[2.4952804954324983,48.8616786021827],[2.491819258339965,48.85820603818216],[2.4908890975255953,48.85777927662505],[2.486609341214202,48.8651431122042],[2.4887702377561887,48.86678152758607]]],"rewind":true}},{"type":"Feature","properties":{"depname":"Val-de-Marne","bvonum":"0004","comcode":94033,"cancode":9409,"bvocode":"94033_4","cirname":"6ème circonscription","exp":924,"depcode":94,"cannum":18,"canname":"Fontenay-sous-Bois","comname":"Fontenay-sous-Bois","ins":1112,"Art":4,"Mel":263,"Rou":20,"Mac":315,"Las":17,"vot":939,"circode":9406,"Lep":70,"Pec":58,"Zem":46,"Hid":12,"Jad":108,"Pou":3,"Dup":8,"top":"Macron","area_error":0.000059},"geometry":{"type":"MultiPolygon","coordinates":[[[[2.485560735865362,48.84049163888802],[2.4885322109667953,48.84336966960618],[2.49400438355219,48.84101916010333],[2.4931976509539613,48.84072299046875],[2.4922366802210965,48.84036890610745],[2.491125683367843,48.83998851106326],[2.490855509008443,48.83944402807629],[2.4898278117513883,48.83825050051225],[2.489413365972202,48.83720455968541],[2.48904431891129,48.83637064955505],[2.4889029466935932,48.83622409773393],[2.4875366790968108,48.83490391151733],[2.48692342685524,48.83426849991527],[2.485537926404493,48.83294099887046],[2.4852859519896313,48.8338009465802],[2.4851579966630455,48.83421297896495],[2.485227377316045,48.834649999195335],[2.4854866273687057,48.83723248414133],[2.4848512525314743,48.83686152858873],[2.485560735865362,48.84049163888802]]],[[[2.4962800878391636,48.840323205056684],[2.49591489966284,48.83951001202045],[2.4946055343921927,48.83902640462906],[2.495130028289342,48.840422636189274],[2.4951469780428965,48.8406630323502],[2.4962800878391636,48.840323205056684]]]],"rewind":true}},{"type":"Feature","properties":{"depname":"Val-de-Marne","bvonum":"0005","comcode":94033,"cancode":9409,"bvocode":"94033_5","cirname":"6ème circonscription","exp":685,"depcode":94,"cannum":18,"canname":"Fontenay-sous-Bois","comname":"Fontenay-sous-Bois","ins":998,"Art":3,"Mel":256,"Rou":22,"Mac":169,"Las":6,"vot":705,"circode":9406,"Lep":79,"Pec":28,"Zem":44,"Hid":15,"Jad":39,"Pou":14,"Dup":10,"top":"Mélenchon","area_error":0.000736},"geometry":{"type":"Polygon","coordinates":[[[2.47276184931487,48.851590065609216],[2.473881454370204,48.849866719396324],[2.471819052946434,48.837774682482426],[2.4710702767089363,48.83894779085871],[2.4712078166045646,48.8402813947601],[2.4698023128938527,48.842704005329836],[2.4704138977271115,48.84447908212315],[2.4696470336282226,48.84522165062986],[2.4697702601930343,48.846331077884074],[2.4698610175441167,48.84802042221437],[2.4698563913783143,48.848499930489474],[2.4699154671616426,48.849375831155086],[2.469590925764932,48.849517126186946],[2.4696758842161555,48.8506018384223],[2.469618368194269,48.8515221831709],[2.469504948697419,48.85186459853851],[2.47276184931487,48.851590065609216]]],"rewind":true}},{"type":"Feature","properties":{"depname":"Val-de-Marne","bvonum":"0006","comcode":94033,"cancode":9409,"bvocode":"94033_6","cirname":"6ème circonscription","exp":911,"depcode":94,"cannum":18,"canname":"Fontenay-sous-Bois","comname":"Fontenay-sous-Bois","ins":1130,"Art":5,"Mel":253,"Rou":26,"Mac":328,"Las":14,"vot":922,"circode":9406,"Lep":48,"Pec":47,"Zem":62,"Hid":17,"Jad":102,"Pou":2,"Dup":7,"top":"Macron","area_error":0.023713},"geometry":{"type":"Polygon","coordinates":[[[2.471819052946434,48.837774682482426],[2.473881454370204,48.849866719396324],[2.474796410971667,48.84998487531294],[2.4780029570248865,48.846125134700266],[2.4759723009890333,48.8399018929581],[2.4719639863570433,48.83688236857386],[2.471819052946434,48.837774682482426]]],"rewind":true}},{"type":"Feature","properties":{"depname":"Val-de-Marne","bvonum":"0007","comcode":94033,"cancode":9409,"bvocode":"94033_7","cirname":"6ème circonscription","exp":819,"depcode":94,"cannum":18,"canname":"Fontenay-sous-Bois","comname":"Fontenay-sous-Bois","ins":1029,"Art":1,"Mel":269,"Rou":18,"Mac":237,"Las":12,"vot":836,"circode":9406,"Lep":56,"Pec":35,"Zem":50,"Hid":18,"Jad":101,"Pou":11,"Dup":11,"top":"Mélenchon","area_error":-0.011158},"geometry":{"type":"Polygon","coordinates":[[[2.47276184931487,48.851590065609216],[2.469504948697419,48.85186459853851],[2.4694751890185667,48.85195359684624],[2.468509920847007,48.853040085396934],[2.4684461334502283,48.8527759769525],[2.467906521821245,48.85315262652239],[2.470118387871234,48.86173764805595],[2.473727152498674,48.85852178116697],[2.47276184931487,48.851590065609216]]],"rewind":true}},{"type":"Feature","properties":{"depname":"Val-de-Marne","bvonum":"0008","comcode":94033,"cancode":9409,"bvocode":"94033_8","cirname":"6ème circonscription","exp":822,"depcode":94,"cannum":18,"canname":"Fontenay-sous-Bois","comname":"Fontenay-sous-Bois","ins":1005,"Art":4,"Mel":262,"Rou":18,"Mac":271,"Las":17,"vot":837,"circode":9406,"Lep":51,"Pec":39,"Zem":51,"Hid":19,"Jad":81,"Pou":4,"Dup":5,"top":"Macron","area_error":0.009656},"geometry":{"type":"Polygon","coordinates":[[[2.473727152498674,48.85852178116697],[2.476955041348242,48.858842112859385],[2.4795913756333556,48.85527144748767],[2.474796410971667,48.84998487531294],[2.473881454370204,48.849866719396324],[2.47276184931487,48.851590065609216],[2.473727152498674,48.85852178116697]]],"rewind":true}},{"type":"Feature","properties":{"depname":"Val-de-Marne","bvonum":"0009","comcode":94033,"cancode":9409,"bvocode":"94033_9","cirname":"6ème circonscription","exp":891,"depcode":94,"cannum":18,"canname":"Fontenay-sous-Bois","comname":"Fontenay-sous-Bois","ins":1120,"Art":5,"Mel":300,"Rou":21,"Mac":271,"Las":13,"vot":905,"circode":9406,"Lep":56,"Pec":29,"Zem":61,"Hid":14,"Jad":105,"Pou":6,"Dup":10,"top":"Mélenchon","area_error":-0.015554},"geometry":{"type":"Polygon","coordinates":[[[2.4686476366820633,48.865792865957964],[2.468666691177288,48.865791995851666],[2.470118387871234,48.86173764805595],[2.467906521821245,48.85315262652239],[2.467121869356995,48.85382058327508],[2.467051329367458,48.85366579715736],[2.4649193505154314,48.85572791378866],[2.4648781141378713,48.85582493084212],[2.4643256174417445,48.85629510035211],[2.4643428768806244,48.85638396831633],[2.463768955269066,48.85690367773823],[2.463379953013868,48.85725548285723],[2.4686476366820633,48.865792865957964]]],"rewind":true}},{"type":"Feature","properties":{"depname":"Val-de-Marne","bvonum":"0001","comcode":94034,"cancode":9410,"bvocode":"94034_1","cirname":"7ème circonscription","exp":718,"depcode":94,"cannum":17,"canname":"L'Haÿ-les-Roses","comname":"Fresnes","ins":910,"Art":7,"Mel":249,"Rou":19,"Mac":214,"Las":16,"vot":733,"circode":9407,"Lep":77,"Pec":36,"Zem":38,"Hid":13,"Jad":42,"Pou":2,"Dup":5,"top":"Mélenchon","area_error":0.00712},"geometry":{"type":"Polygon","coordinates":[[[2.3203111552598807,48.74423960200728],[2.3284782753100446,48.74339929095632],[2.333965499319831,48.739029867225426],[2.330151350300194,48.73924231686275],[2.3203043544885253,48.742120494070555],[2.3203111552598807,48.74423960200728]]],"rewind":true}},{"type":"Feature","properties":{"depname":"Val-de-Marne","bvonum":"0010","comcode":94034,"cancode":9410,"bvocode":"94034_10","cirname":"7ème circonscription","exp":684,"depcode":94,"cannum":17,"canname":"L'Haÿ-les-Roses","comname":"Fresnes","ins":1001,"Art":2,"Mel":261,"Rou":16,"Mac":197,"Las":6,"vot":690,"circode":9407,"Lep":100,"Pec":27,"Zem":25,"Hid":12,"Jad":20,"Pou":5,"Dup":13,"top":"Mélenchon","area_error":-0.001796},"geometry":{"type":"Polygon","coordinates":[[[2.3405904152137125,48.7391511526897],[2.336563788339185,48.74216492786626],[2.336626528569673,48.7426623003447],[2.346509539704324,48.74144205851633],[2.3487959064497828,48.7395763816329],[2.347599300196354,48.73996574841797],[2.3472497113112376,48.74008714168973],[2.3482870248335077,48.73880712409725],[2.34961690779105,48.738069525479155],[2.352424134526775,48.73623976522233],[2.3525089553203515,48.73619240642843],[2.3534012980341785,48.73570679667074],[2.3405904152137125,48.7391511526897]]],"rewind":true}},{"type":"Feature","properties":{"depname":"Val-de-Marne","bvonum":"0011","comcode":94034,"cancode":9410,"bvocode":"94034_11","cirname":"7ème circonscription","exp":557,"depcode":94,"cannum":17,"canname":"L'Haÿ-les-Roses","comname":"Fresnes","ins":808,"Art":3,"Mel":201,"Rou":15,"Mac":131,"Las":14,"vot":566,"circode":9407,"Lep":80,"Pec":27,"Zem":39,"Hid":12,"Jad":29,"Pou":3,"Dup":3,"top":"Mélenchon","area_error":0.020601},"geometry":{"type":"Polygon","coordinates":[[[2.3291581089210283,48.74449695683567],[2.336563788339185,48.74216492786626],[2.3405904152137125,48.7391511526897],[2.335588165010761,48.73856156093425],[2.333965499319831,48.739029867225426],[2.3284782753100446,48.74339929095632],[2.3291581089210283,48.74449695683567]]],"rewind":true}},{"type":"Feature","properties":{"depname":"Val-de-Marne","bvonum":"0012","comcode":94034,"cancode":9410,"bvocode":"94034_12","cirname":"7ème circonscription","exp":947,"depcode":94,"cannum":17,"canname":"L'Haÿ-les-Roses","comname":"Fresnes","ins":1400,"Art":7,"Mel":404,"Rou":15,"Mac":237,"Las":20,"vot":961,"circode":9407,"Lep":122,"Pec":22,"Zem":42,"Hid":10,"Jad":45,"Pou":6,"Dup":17,"top":"Mélenchon","area_error":-0.034561},"geometry":{"type":"Polygon","coordinates":[[[2.335588165010761,48.73856156093425],[2.3405904152137125,48.7391511526897],[2.3534012980341785,48.73570679667074],[2.353638916523414,48.735605202003],[2.3545149217113024,48.73526365290746],[2.3533791686677183,48.73514388995606],[2.353219125436381,48.73509558836924],[2.352459541098248,48.73487081644353],[2.352400905791101,48.734842082346056],[2.352075030647346,48.7347331305704],[2.351442546199694,48.7346250450925],[2.3509388285553343,48.73457176900948],[2.3504927760388172,48.73446374583537],[2.35008275065585,48.73433730598179],[2.349675893422898,48.7342000551129],[2.346430710737716,48.7337902254731],[2.3431500779372563,48.73467001149738],[2.3418899680532714,48.735133112870045],[2.339450222701629,48.73499659722544],[2.335588165010761,48.73856156093425]]],"rewind":true}},{"type":"Feature","properties":{"depname":"Val-de-Marne","bvonum":"0013","comcode":94034,"cancode":9410,"bvocode":"94034_13","cirname":"7ème circonscription","exp":574,"depcode":94,"cannum":17,"canname":"L'Haÿ-les-Roses","comname":"Fresnes","ins":858,"Art":3,"Mel":314,"Rou":11,"Mac":106,"Las":5,"vot":577,"circode":9407,"Lep":49,"Pec":17,"Zem":28,"Hid":7,"Jad":21,"Pou":3,"Dup":10,"top":"Mélenchon","area_error":0.014587},"geometry":{"type":"Polygon","coordinates":[[[2.330151350300194,48.73924231686275],[2.333965499319831,48.739029867225426],[2.335588165010761,48.73856156093425],[2.339450222701629,48.73499659722544],[2.339367196221157,48.73499060592618],[2.333344995776676,48.73750230703824],[2.328088886647951,48.73493034312726],[2.3224143514783466,48.73618415068643],[2.330151350300194,48.73924231686275]]],"rewind":true}},{"type":"Feature","properties":{"depname":"Val-de-Marne","bvonum":"0014","comcode":94034,"cancode":9410,"bvocode":"94034_14","cirname":"7ème circonscription","exp":664,"depcode":94,"cannum":17,"canname":"L'Haÿ-les-Roses","comname":"Fresnes","ins":906,"Art":3,"Mel":180,"Rou":14,"Mac":228,"Las":7,"vot":681,"circode":9407,"Lep":84,"Pec":34,"Zem":37,"Hid":9,"Jad":61,"Pou":2,"Dup":5,"top":"Macron","area_error":-0.038569},"geometry":{"type":"Polygon","coordinates":[[[2.3203043544885253,48.742120494070555],[2.330151350300194,48.73924231686275],[2.3224143514783466,48.73618415068643],[2.3202788102961986,48.73677114285672],[2.31998679860462,48.741918655629],[2.3203043544885253,48.742120494070555]]],"rewind":true}},{"type":"Feature","properties":{"depname":"Val-de-Marne","bvonum":"0015","comcode":94034,"cancode":9410,"bvocode":"94034_15","cirname":"7ème circonscription","exp":469,"depcode":94,"cannum":17,"canname":"L'Haÿ-les-Roses","comname":"Fresnes","ins":681,"Art":3,"Mel":207,"Rou":5,"Mac":120,"Las":7,"vot":473,"circode":9407,"Lep":40,"Pec":24,"Zem":15,"Hid":8,"Jad":34,"Pou":4,"Dup":2,"top":"Mélenchon","area_error":0.118045},"geometry":{"type":"Polygon","coordinates":[[[2.3169175302210965,48.741862040197574],[2.31998679860462,48.741918655629],[2.3202788102961986,48.73677114285672],[2.3110791202861254,48.738372974096215],[2.3169175302210965,48.741862040197574]]],"rewind":true}},{"type":"Feature","properties":{"depname":"Val-de-Marne","bvonum":"0002","comcode":94034,"cancode":9410,"bvocode":"94034_2","cirname":"7ème circonscription","exp":792,"depcode":94,"cannum":17,"canname":"L'Haÿ-les-Roses","comname":"Fresnes","ins":996,"Art":3,"Mel":183,"Rou":16,"Mac":285,"Las":11,"vot":804,"circode":9407,"Lep":46,"Pec":79,"Zem":71,"Hid":19,"Jad":67,"Pou":3,"Dup":9,"top":"Macron","area_error":-0.203366},"geometry":{"type":"Polygon","coordinates":[[[2.3169175302210965,48.741862040197574],[2.3110791202861254,48.738372974096215],[2.308225567030371,48.74688917410655],[2.3169175302210965,48.741862040197574]]],"rewind":true}},{"type":"Feature","properties":{"depname":"Val-de-Marne","bvonum":"0003","comcode":94034,"cancode":9410,"bvocode":"94034_3","cirname":"7ème circonscription","exp":734,"depcode":94,"cannum":17,"canname":"L'Haÿ-les-Roses","comname":"Fresnes","ins":1081,"Art":4,"Mel":264,"Rou":17,"Mac":214,"Las":19,"vot":757,"circode":9407,"Lep":69,"Pec":29,"Zem":51,"Hid":10,"Jad":40,"Pou":3,"Dup":14,"top":"Mélenchon","area_error":-0.017185},"geometry":{"type":"Polygon","coordinates":[[[2.318607727941835,48.74647668326913],[2.319854288556877,48.75002948472216],[2.32213206633601,48.74977032021832],[2.3291581089210283,48.74449695683567],[2.3284782753100446,48.74339929095632],[2.3203111552598807,48.74423960200728],[2.318607727941835,48.74647668326913]]],"rewind":true}},{"type":"Feature","properties":{"depname":"Val-de-Marne","bvonum":"0004","comcode":94034,"cancode":9410,"bvocode":"94034_4","cirname":"7ème circonscription","exp":769,"depcode":94,"cannum":17,"canname":"L'Haÿ-les-Roses","comname":"Fresnes","ins":1021,"Art":5,"Mel":248,"Rou":12,"Mac":248,"Las":13,"vot":780,"circode":9407,"Lep":76,"Pec":40,"Zem":42,"Hid":12,"Jad":59,"Pou":6,"Dup":8,"top":"Mélenchon","area_error":0.063974},"geometry":{"type":"Polygon","coordinates":[[[2.308225567030371,48.74688917410655],[2.3095606039019727,48.748153688907685],[2.318607727941835,48.74647668326913],[2.3203111552598807,48.74423960200728],[2.3203043544885253,48.742120494070555],[2.31998679860462,48.741918655629],[2.3169175302210965,48.741862040197574],[2.308225567030371,48.74688917410655]]],"rewind":true}},{"type":"Feature","properties":{"depname":"Val-de-Marne","bvonum":"0005","comcode":94034,"cancode":9410,"bvocode":"94034_5","cirname":"7ème circonscription","exp":639,"depcode":94,"cannum":17,"canname":"L'Haÿ-les-Roses","comname":"Fresnes","ins":872,"Art":2,"Mel":211,"Rou":7,"Mac":182,"Las":10,"vot":652,"circode":9407,"Lep":70,"Pec":39,"Zem":34,"Hid":16,"Jad":53,"Pou":3,"Dup":12,"top":"Mélenchon","area_error":0.043611},"geometry":{"type":"Polygon","coordinates":[[[2.319854288556877,48.75002948472216],[2.318607727941835,48.74647668326913],[2.3095606039019727,48.748153688907685],[2.31325614753421,48.75215076663265],[2.319854288556877,48.75002948472216]]],"rewind":true}},{"type":"Feature","properties":{"depname":"Val-de-Marne","bvonum":"0006","comcode":94034,"cancode":9410,"bvocode":"94034_6","cirname":"7ème circonscription","exp":647,"depcode":94,"cannum":17,"canname":"L'Haÿ-les-Roses","comname":"Fresnes","ins":1088,"Art":3,"Mel":211,"Rou":11,"Mac":164,"Las":8,"vot":667,"circode":9407,"Lep":116,"Pec":27,"Zem":46,"Hid":9,"Jad":31,"Pou":8,"Dup":13,"top":"Mélenchon","area_error":-0.002751},"geometry":{"type":"Polygon","coordinates":[[[2.3241679997433082,48.75112711835302],[2.32213206633601,48.74977032021832],[2.319854288556877,48.75002948472216],[2.31325614753421,48.75215076663265],[2.3142376123840473,48.75583650869882],[2.3154061215649975,48.75559258842581],[2.31658763227026,48.7550929596824],[2.316761643779713,48.75518026498623],[2.3168834812893437,48.75531478294836],[2.3177694585983684,48.755304965869065],[2.3176861778379085,48.75539621567945],[2.320798798809307,48.75483904504544],[2.3241679997433082,48.75112711835302]]],"rewind":true}},{"type":"Feature","properties":{"depname":"Val-de-Marne","bvonum":"0007","comcode":94034,"cancode":9410,"bvocode":"94034_7","cirname":"7ème circonscription","exp":738,"depcode":94,"cannum":17,"canname":"L'Haÿ-les-Roses","comname":"Fresnes","ins":1123,"Art":1,"Mel":294,"Rou":25,"Mac":214,"Las":10,"vot":756,"circode":9407,"Lep":72,"Pec":36,"Zem":28,"Hid":9,"Jad":33,"Pou":5,"Dup":11,"top":"Mélenchon","area_error":-0.003361},"geometry":{"type":"Polygon","coordinates":[[[2.32213206633601,48.74977032021832],[2.3241679997433082,48.75112711835302],[2.3319125053681162,48.74744800148553],[2.336626528569673,48.7426623003447],[2.336563788339185,48.74216492786626],[2.3291581089210283,48.74449695683567],[2.32213206633601,48.74977032021832]]],"rewind":true}},{"type":"Feature","properties":{"depname":"Val-de-Marne","bvonum":"0008","comcode":94034,"cancode":9410,"bvocode":"94034_8","cirname":"7ème circonscription","exp":599,"depcode":94,"cannum":17,"canname":"L'Haÿ-les-Roses","comname":"Fresnes","ins":941,"Art":6,"Mel":251,"Rou":9,"Mac":149,"Las":9,"vot":610,"circode":9407,"Lep":74,"Pec":26,"Zem":29,"Hid":3,"Jad":27,"Pou":7,"Dup":9,"top":"Mélenchon","area_error":-0.012063},"geometry":{"type":"Polygon","coordinates":[[[2.3319125053681162,48.74744800148553],[2.3241679997433082,48.75112711835302],[2.320798798809307,48.75483904504544],[2.3208578676422884,48.7548281851256],[2.32087500865503,48.75475842485352],[2.322000420648285,48.7546754463486],[2.3225809467810556,48.7544609231174],[2.3231186887393784,48.75278440636021],[2.3264775181137636,48.751754016216076],[2.3258800474007266,48.75258661825074],[2.325275677218527,48.75334840632127],[2.3248900512010238,48.75385157850006],[2.32482631594702,48.75402707672574],[2.3248014348404227,48.754345551815234],[2.3252533707584058,48.75426241857693],[2.3259159005928787,48.75415562741575],[2.327163413362137,48.753805760333],[2.328986359431818,48.75294391181108],[2.3310842163178767,48.7517496444091],[2.3325722080660984,48.75087985533312],[2.3325774141240685,48.750790139848135],[2.33303408099316,48.75048213420272],[2.333905986387716,48.749848837550886],[2.334204053326756,48.74964144753515],[2.3319125053681162,48.74744800148553]]],"rewind":true}},{"type":"Feature","properties":{"depname":"Val-de-Marne","bvonum":"0009","comcode":94034,"cancode":9410,"bvocode":"94034_9","cirname":"7ème circonscription","exp":833,"depcode":94,"cannum":17,"canname":"L'Haÿ-les-Roses","comname":"Fresnes","ins":1230,"Art":5,"Mel":346,"Rou":16,"Mac":221,"Las":11,"vot":847,"circode":9407,"Lep":94,"Pec":32,"Zem":39,"Hid":18,"Jad":33,"Pou":11,"Dup":7,"top":"Mélenchon","area_error":0.003901},"geometry":{"type":"Polygon","coordinates":[[[2.336626528569673,48.7426623003447],[2.3319125053681162,48.74744800148553],[2.334204053326756,48.74964144753515],[2.3353304731477036,48.74888980119932],[2.336271751366079,48.74836468725872],[2.341099752592111,48.74532138091387],[2.3413137998249587,48.74529141206237],[2.3423690748164274,48.74453695289912],[2.3427904054616486,48.7445030374878],[2.3439476367230245,48.74359255866774],[2.345263382930725,48.74249764781745],[2.346509539704324,48.74144205851633],[2.336626528569673,48.7426623003447]]],"rewind":true}},{"type":"Feature","properties":{"depname":"Val-de-Marne","bvonum":"0001","comcode":94037,"cancode":9412,"bvocode":"94037_1","cirname":"10ème circonscription","exp":465,"depcode":94,"cannum":15,"canname":"Le Kremlin-Bicêtre","comname":"Gentilly","ins":680,"Art":3,"Mel":194,"Rou":48,"Mac":68,"Las":5,"vot":477,"circode":9410,"Lep":87,"Pec":12,"Zem":23,"Hid":5,"Jad":9,"Pou":7,"Dup":4,"top":"Mélenchon","area_error":0.006136},"geometry":{"type":"Polygon","coordinates":[[[2.3447811958218967,48.81719280259288],[2.3401753508748957,48.8183601615247],[2.33983968908201,48.818843809581544],[2.345314970577587,48.82321931911687],[2.34831185554835,48.821532106064076],[2.3447811958218967,48.81719280259288]]],"rewind":true}},{"type":"Feature","properties":{"depname":"Val-de-Marne","bvonum":"0010","comcode":94037,"cancode":9412,"bvocode":"94037_10","cirname":"11ème circonscription","exp":313,"depcode":94,"cannum":15,"canname":"Le Kremlin-Bicêtre","comname":"Gentilly","ins":451,"Art":0,"Mel":151,"Rou":19,"Mac":52,"Las":6,"vot":315,"circode":9411,"Lep":52,"Pec":6,"Zem":7,"Hid":2,"Jad":9,"Pou":2,"Dup":7,"top":"Mélenchon","area_error":0.010444},"geometry":{"type":"Polygon","coordinates":[[[2.3277655744762886,48.81501270338303],[2.328878834538094,48.81210070850773],[2.3272246097852864,48.812243797733736],[2.3265265361344327,48.81249264978286],[2.326445065939194,48.8116721112875],[2.32632469420458,48.8114998270827],[2.326249702660349,48.8111114427386],[2.3237062362344307,48.81173599481572],[2.3238773592009476,48.81223939085145],[2.3228201737487693,48.81243029140688],[2.3227057394933124,48.8121631602663],[2.3225239225324237,48.81218145500155],[2.3219644702413493,48.812237598847],[2.3217337310416837,48.81226073317694],[2.3214947343585264,48.81228384739589],[2.3206372498179957,48.81235615167139],[2.319141171457751,48.81243894241527],[2.3186849773582208,48.81242402149835],[2.3182298812151867,48.81240639751922],[2.3277655744762886,48.81501270338303]]],"rewind":true}},{"type":"Feature","properties":{"depname":"Val-de-Marne","bvonum":"0011","comcode":94037,"cancode":9412,"bvocode":"94037_11","cirname":"11ème circonscription","exp":693,"depcode":94,"cannum":15,"canname":"Le Kremlin-Bicêtre","comname":"Gentilly","ins":852,"Art":3,"Mel":310,"Rou":17,"Mac":159,"Las":8,"vot":706,"circode":9411,"Lep":63,"Pec":16,"Zem":35,"Hid":17,"Jad":58,"Pou":4,"Dup":3,"top":"Mélenchon","area_error":-0.017109},"geometry":{"type":"Polygon","coordinates":[[[2.3277655744762886,48.81501270338303],[2.3182298812151867,48.81240639751922],[2.3179837504604675,48.81237337392478],[2.3218602560748254,48.8179936861351],[2.327618718713501,48.81812015350162],[2.3277655744762886,48.81501270338303]]],"rewind":true}},{"type":"Feature","properties":{"depname":"Val-de-Marne","bvonum":"0012","comcode":94037,"cancode":9412,"bvocode":"94037_12","cirname":"10ème circonscription","exp":597,"depcode":94,"cannum":15,"canname":"Le Kremlin-Bicêtre","comname":"Gentilly","ins":861,"Art":2,"Mel":237,"Rou":34,"Mac":151,"Las":8,"vot":616,"circode":9410,"Lep":61,"Pec":21,"Zem":35,"Hid":11,"Jad":21,"Pou":5,"Dup":11,"top":"Mélenchon","area_error":-0.029094},"geometry":{"type":"Polygon","coordinates":[[[2.342463648172341,48.809911195504014],[2.3454284439699027,48.815345167589086],[2.349194903526131,48.811074209000665],[2.348843788420286,48.81044788582783],[2.3482336420420826,48.809515094879636],[2.347652775158523,48.80886960306442],[2.3457982217440083,48.8072494253848],[2.3445497139111464,48.80644080137335],[2.342463648172341,48.809911195504014]]],"rewind":true}},{"type":"Feature","properties":{"depname":"Val-de-Marne","bvonum":"0002","comcode":94037,"cancode":9412,"bvocode":"94037_2","cirname":"10ème circonscription","exp":618,"depcode":94,"cannum":15,"canname":"Le Kremlin-Bicêtre","comname":"Gentilly","ins":806,"Art":1,"Mel":277,"Rou":35,"Mac":115,"Las":9,"vot":624,"circode":9410,"Lep":57,"Pec":22,"Zem":39,"Hid":8,"Jad":41,"Pou":3,"Dup":11,"top":"Mélenchon","area_error":-0.006119},"geometry":{"type":"Polygon","coordinates":[[[2.3401753508748957,48.8183601615247],[2.3447811958218967,48.81719280259288],[2.3454284439699027,48.815345167589086],[2.342463648172341,48.809911195504014],[2.3402897080663023,48.81137752971512],[2.3401753508748957,48.8183601615247]]],"rewind":true}},{"type":"Feature","properties":{"depname":"Val-de-Marne","bvonum":"0003","comcode":94037,"cancode":9412,"bvocode":"94037_3","cirname":"10ème circonscription","exp":728,"depcode":94,"cannum":15,"canname":"Le Kremlin-Bicêtre","comname":"Gentilly","ins":1071,"Art":2,"Mel":381,"Rou":32,"Mac":134,"Las":6,"vot":751,"circode":9410,"Lep":75,"Pec":16,"Zem":37,"Hid":12,"Jad":11,"Pou":13,"Dup":9,"top":"Mélenchon","area_error":0.000427},"geometry":{"type":"Polygon","coordinates":[[[2.3454284439699027,48.815345167589086],[2.3447811958218967,48.81719280259288],[2.34831185554835,48.821532106064076],[2.351652607843457,48.8192703730268],[2.351509073893339,48.81866903951558],[2.351596302683309,48.818140107127824],[2.350653954161779,48.81527199714646],[2.3502211257984724,48.81387479764436],[2.349245064060494,48.81115379169268],[2.349194903526131,48.811074209000665],[2.3454284439699027,48.815345167589086]]],"rewind":true}},{"type":"Feature","properties":{"depname":"Val-de-Marne","bvonum":"0004","comcode":94037,"cancode":9412,"bvocode":"94037_4","cirname":"10ème circonscription","exp":546,"depcode":94,"cannum":15,"canname":"Le Kremlin-Bicêtre","comname":"Gentilly","ins":731,"Art":3,"Mel":254,"Rou":37,"Mac":110,"Las":5,"vot":567,"circode":9410,"Lep":76,"Pec":8,"Zem":16,"Hid":7,"Jad":14,"Pou":6,"Dup":10,"top":"Mélenchon","area_error":0.021955},"geometry":{"type":"Polygon","coordinates":[[[2.338079270495072,48.8089616662429],[2.3402897080663023,48.81137752971512],[2.342463648172341,48.809911195504014],[2.3445497139111464,48.80644080137335],[2.3444554086824008,48.8063936937777],[2.343790062950983,48.80591420947706],[2.343374108344212,48.8053199995759],[2.3428867667156137,48.80440644203524],[2.3427809447402153,48.80413972244597],[2.3423902611939944,48.80313267444234],[2.3423441287135676,48.80301185120803],[2.3409306521186046,48.80387140117152],[2.338079270495072,48.8089616662429]]],"rewind":true}},{"type":"Feature","properties":{"depname":"Val-de-Marne","bvonum":"0005","comcode":94037,"cancode":9412,"bvocode":"94037_5","cirname":"10ème circonscription","exp":812,"depcode":94,"cannum":15,"canname":"Le Kremlin-Bicêtre","comname":"Gentilly","ins":1044,"Art":3,"Mel":339,"Rou":48,"Mac":188,"Las":17,"vot":828,"circode":9410,"Lep":69,"Pec":21,"Zem":40,"Hid":17,"Jad":62,"Pou":3,"Dup":5,"top":"Mélenchon","area_error":-0.017778},"geometry":{"type":"Polygon","coordinates":[[[2.33725980857641,48.8093020688587],[2.338079270495072,48.8089616662429],[2.3409306521186046,48.80387140117152],[2.3354405676770584,48.80096299575238],[2.3347872553046427,48.80136638558627],[2.33484997870496,48.80246702820977],[2.334876579383244,48.80299161511025],[2.33451411362517,48.803198881718615],[2.333472177181523,48.80404137142595],[2.3322136305681167,48.80550781558646],[2.3322015200126587,48.805561648490084],[2.33725980857641,48.8093020688587]]],"rewind":true}},{"type":"Feature","properties":{"depname":"Val-de-Marne","bvonum":"0006","comcode":94037,"cancode":9412,"bvocode":"94037_6","cirname":"10ème circonscription","exp":507,"depcode":94,"cannum":15,"canname":"Le Kremlin-Bicêtre","comname":"Gentilly","ins":778,"Art":3,"Mel":288,"Rou":17,"Mac":94,"Las":3,"vot":513,"circode":9410,"Lep":49,"Pec":9,"Zem":11,"Hid":4,"Jad":10,"Pou":11,"Dup":8,"top":"Mélenchon","area_error":-0.0174},"geometry":{"type":"Polygon","coordinates":[[[2.3409306521186046,48.80387140117152],[2.3423441287135676,48.80301185120803],[2.3421894287081693,48.8026194594703],[2.340007884131949,48.79850434609652],[2.3389407900245733,48.7951596210085],[2.3382529213566823,48.79582223075934],[2.3361766398100263,48.798021230264354],[2.3361384705806687,48.80081656835113],[2.3354405676770584,48.80096299575238],[2.3409306521186046,48.80387140117152]]],"rewind":true}},{"type":"Feature","properties":{"depname":"Val-de-Marne","bvonum":"0007","comcode":94037,"cancode":9412,"bvocode":"94037_7","cirname":"11ème circonscription","exp":727,"depcode":94,"cannum":15,"canname":"Le Kremlin-Bicêtre","comname":"Gentilly","ins":942,"Art":7,"Mel":283,"Rou":32,"Mac":179,"Las":6,"vot":741,"circode":9411,"Lep":35,"Pec":35,"Zem":48,"Hid":16,"Jad":73,"Pou":4,"Dup":9,"top":"Mélenchon","area_error":-0.01754},"geometry":{"type":"Polygon","coordinates":[[[2.3401753508748957,48.8183601615247],[2.3402897080663023,48.81137752971512],[2.338079270495072,48.8089616662429],[2.33725980857641,48.8093020688587],[2.3350484326583314,48.8170274517988],[2.33983968908201,48.818843809581544],[2.3401753508748957,48.8183601615247]]],"rewind":true}},{"type":"Feature","properties":{"depname":"Val-de-Marne","bvonum":"0008","comcode":94037,"cancode":9412,"bvocode":"94037_8","cirname":"11ème circonscription","exp":698,"depcode":94,"cannum":15,"canname":"Le Kremlin-Bicêtre","comname":"Gentilly","ins":852,"Art":5,"Mel":306,"Rou":27,"Mac":168,"Las":5,"vot":711,"circode":9411,"Lep":43,"Pec":14,"Zem":30,"Hid":18,"Jad":71,"Pou":4,"Dup":7,"top":"Mélenchon","area_error":-0.008354},"geometry":{"type":"Polygon","coordinates":[[[2.33209399310239,48.810182153033864],[2.3309526959425053,48.81117468849413],[2.3310540502709407,48.81136043890569],[2.3298269799160725,48.8121397857272],[2.329709317764132,48.81150462336068],[2.32907687160308,48.81208695064423],[2.328878834538094,48.81210070850773],[2.3277655744762886,48.81501270338303],[2.327618718713501,48.81812015350162],[2.33361410530052,48.817620369842146],[2.33209399310239,48.810182153033864]]],"rewind":true}},{"type":"Feature","properties":{"depname":"Val-de-Marne","bvonum":"0009","comcode":94037,"cancode":9412,"bvocode":"94037_9","cirname":"11ème circonscription","exp":729,"depcode":94,"cannum":15,"canname":"Le Kremlin-Bicêtre","comname":"Gentilly","ins":900,"Art":3,"Mel":276,"Rou":28,"Mac":210,"Las":12,"vot":740,"circode":9411,"Lep":33,"Pec":28,"Zem":46,"Hid":12,"Jad":71,"Pou":4,"Dup":6,"top":"Mélenchon","area_error":0.027987},"geometry":{"type":"Polygon","coordinates":[[[2.33361410530052,48.817620369842146],[2.3350484326583314,48.8170274517988],[2.33725980857641,48.8093020688587],[2.3322015200126587,48.805561648490084],[2.3321609758979043,48.8057442930069],[2.332509766625189,48.80729466799973],[2.332522377116947,48.80735048701225],[2.3329928432629066,48.8093209727888],[2.33209399310239,48.810182153033864],[2.33361410530052,48.817620369842146]]],"rewind":true}},{"type":"Feature","properties":{"depname":"Val-de-Marne","bvonum":"0001","comcode":94038,"cancode":9410,"bvocode":"94038_1","cirname":"7ème circonscription","exp":825,"depcode":94,"cannum":17,"canname":"L'Haÿ-les-Roses","comname":"L'Hay-les-Roses","ins":1135,"Art":6,"Mel":306,"Rou":18,"Mac":227,"Las":9,"vot":849,"circode":9407,"Lep":104,"Pec":41,"Zem":45,"Hid":13,"Jad":33,"Pou":9,"Dup":14,"top":"Mélenchon","area_error":-0.005554},"geometry":{"type":"Polygon","coordinates":[[[2.335776201853836,48.76663928797413],[2.336600105726727,48.76611759862404],[2.3395991873351636,48.764649831240064],[2.3396137445757863,48.76482124214636],[2.3408228830440847,48.76419913363932],[2.3413020184798214,48.7650012758189],[2.3435423165152267,48.760617122872],[2.34202232750868,48.75699129763944],[2.3368190633453887,48.75973053243875],[2.335776201853836,48.76663928797413]]],"rewind":true}},{"type":"Feature","properties":{"depname":"Val-de-Marne","bvonum":"0010","comcode":94038,"cancode":9410,"bvocode":"94038_10","cirname":"7ème circonscription","exp":630,"depcode":94,"cannum":17,"canname":"L'Haÿ-les-Roses","comname":"L'Hay-les-Roses","ins":907,"Art":3,"Mel":267,"Rou":13,"Mac":148,"Las":8,"vot":644,"circode":9407,"Lep":67,"Pec":32,"Zem":29,"Hid":10,"Jad":41,"Pou":1,"Dup":11,"top":"Mélenchon","area_error":0.007405},"geometry":{"type":"Polygon","coordinates":[[[2.323573137679644,48.757763450254174],[2.3250442548212087,48.75429618097716],[2.3248014348404227,48.754345551815234],[2.32482631594702,48.75402707672574],[2.3248900512010238,48.75385157850006],[2.325275677218527,48.75334840632127],[2.3253577653139,48.75325090722736],[2.325784564015406,48.75201475041427],[2.3231186887393784,48.75278440636021],[2.3225809467810556,48.7544609231174],[2.322000420648285,48.7546754463486],[2.32087500865503,48.75475842485352],[2.3208578676422884,48.7548281851256],[2.3176861778379085,48.75539621567945],[2.3177694585983684,48.755304965869065],[2.3168834812893437,48.75531478294836],[2.316761643779713,48.75518026498623],[2.31658763227026,48.7550929596824],[2.3154061215649975,48.75559258842581],[2.3142376123840473,48.75583650869882],[2.318902881903587,48.75922134004514],[2.323573137679644,48.757763450254174]]],"rewind":true}},{"type":"Feature","properties":{"depname":"Val-de-Marne","bvonum":"0011","comcode":94038,"cancode":9410,"bvocode":"94038_11","cirname":"7ème circonscription","exp":614,"depcode":94,"cannum":17,"canname":"L'Haÿ-les-Roses","comname":"L'Hay-les-Roses","ins":820,"Art":1,"Mel":173,"Rou":6,"Mac":202,"Las":10,"vot":626,"circode":9407,"Lep":70,"Pec":53,"Zem":31,"Hid":10,"Jad":46,"Pou":6,"Dup":6,"top":"Macron","area_error":0.018993},"geometry":{"type":"MultiPolygon","coordinates":[[[[2.3336657748151737,48.75411313385488],[2.3338505868425243,48.75399130053164],[2.3334173733984183,48.75018967230725],[2.33303408099316,48.75048213420272],[2.3325774141240685,48.750790139848135],[2.3325722080660984,48.75087985533312],[2.3310842163178767,48.7517496444091],[2.328986359431818,48.75294391181108],[2.327163413362137,48.753805760333],[2.3250442548212087,48.75429618097716],[2.323573137679644,48.757763450254174],[2.325330950775286,48.75755679781096],[2.3336657748151737,48.75411313385488]]],[[[2.3253577653139,48.75325090722736],[2.3258800474007266,48.75258661825074],[2.3264775181137636,48.751754016216076],[2.325784564015406,48.75201475041427],[2.3253577653139,48.75325090722736]]]],"rewind":true}},{"type":"Feature","properties":{"depname":"Val-de-Marne","bvonum":"0012","comcode":94038,"cancode":9410,"bvocode":"94038_12","cirname":"7ème circonscription","exp":747,"depcode":94,"cannum":17,"canname":"L'Haÿ-les-Roses","comname":"L'Hay-les-Roses","ins":949,"Art":3,"Mel":159,"Rou":17,"Mac":266,"Las":23,"vot":758,"circode":9407,"Lep":78,"Pec":63,"Zem":45,"Hid":17,"Jad":59,"Pou":1,"Dup":16,"top":"Macron","area_error":-0.058213},"geometry":{"type":"Polygon","coordinates":[[[2.3338505868425243,48.75399130053164],[2.343386462931963,48.746954612557325],[2.34336498636444,48.7469118106237],[2.34333984813129,48.746416980861255],[2.343267990747715,48.745628784590274],[2.3430954440473957,48.7452307546035],[2.3427570394125237,48.74517720104258],[2.342255282264928,48.74518291701821],[2.34176880509512,48.74519674173795],[2.3413137998249587,48.74529141206237],[2.341099752592111,48.74532138091387],[2.336271751366079,48.74836468725872],[2.3353304731477036,48.74888980119932],[2.33488942564062,48.74919775061963],[2.3344466910777815,48.749480433423216],[2.334006366902285,48.749779794603924],[2.3335574358638755,48.75008933151052],[2.3334173733984183,48.75018967230725],[2.3338505868425243,48.75399130053164]]],"rewind":true}},{"type":"Feature","properties":{"depname":"Val-de-Marne","bvonum":"0013","comcode":94038,"cancode":9410,"bvocode":"94038_13","cirname":"7ème circonscription","exp":713,"depcode":94,"cannum":17,"canname":"L'Haÿ-les-Roses","comname":"L'Hay-les-Roses","ins":1015,"Art":5,"Mel":255,"Rou":16,"Mac":184,"Las":9,"vot":727,"circode":9407,"Lep":94,"Pec":42,"Zem":35,"Hid":19,"Jad":38,"Pou":7,"Dup":9,"top":"Mélenchon","area_error":0.014982},"geometry":{"type":"Polygon","coordinates":[[[2.34202232750868,48.75699129763944],[2.3435423165152267,48.760617122872],[2.3463896003735587,48.75924071387],[2.349166411706882,48.75354844282275],[2.3490157912329037,48.75331143413317],[2.3445472112064136,48.75112263855],[2.34202232750868,48.75699129763944]]],"rewind":true}},{"type":"Feature","properties":{"depname":"Val-de-Marne","bvonum":"0014","comcode":94038,"cancode":9410,"bvocode":"94038_14","cirname":"7ème circonscription","exp":595,"depcode":94,"cannum":17,"canname":"L'Haÿ-les-Roses","comname":"L'Hay-les-Roses","ins":1000,"Art":2,"Mel":336,"Rou":9,"Mac":111,"Las":4,"vot":613,"circode":9407,"Lep":74,"Pec":12,"Zem":19,"Hid":11,"Jad":8,"Pou":6,"Dup":3,"top":"Mélenchon","area_error":-0.035718},"geometry":{"type":"Polygon","coordinates":[[[2.3445472112064136,48.75112263855],[2.3490157912329037,48.75331143413317],[2.351553524732681,48.743242143273555],[2.3502053254433233,48.743526559372846],[2.3496059511906515,48.743680809942035],[2.348734541028944,48.74397279228817],[2.3483187060271367,48.744148989181475],[2.3480422494091577,48.74563248047904],[2.3479489953717256,48.74637671437973],[2.3457655837624656,48.74761164885035],[2.344903015779008,48.74844263013713],[2.3445472112064136,48.75112263855]]],"rewind":true}},{"type":"Feature","properties":{"depname":"Val-de-Marne","bvonum":"0015","comcode":94038,"cancode":9410,"bvocode":"94038_15","cirname":"7ème circonscription","exp":589,"depcode":94,"cannum":17,"canname":"L'Haÿ-les-Roses","comname":"L'Hay-les-Roses","ins":849,"Art":3,"Mel":248,"Rou":14,"Mac":132,"Las":13,"vot":594,"circode":9407,"Lep":67,"Pec":36,"Zem":31,"Hid":5,"Jad":21,"Pou":5,"Dup":14,"top":"Mélenchon","area_error":-0.021209},"geometry":{"type":"Polygon","coordinates":[[[2.35197316096934,48.75278408460455],[2.349166411706882,48.75354844282275],[2.3463896003735587,48.75924071387],[2.347862155608597,48.76094942011606],[2.347852461363632,48.76060433467615],[2.3484104926705056,48.76033003331358],[2.3493220740160288,48.75998821889812],[2.3503732789338434,48.75875567799126],[2.352016567371944,48.75897749187873],[2.35302835664695,48.75839560291762],[2.3527089245395016,48.75793776728317],[2.3531831950620825,48.757527495672456],[2.35197316096934,48.75278408460455]]],"rewind":true}},{"type":"Feature","properties":{"depname":"Val-de-Marne","bvonum":"0016","comcode":94038,"cancode":9410,"bvocode":"94038_16","cirname":"7ème circonscription","exp":684,"depcode":94,"cannum":17,"canname":"L'Haÿ-les-Roses","comname":"L'Hay-les-Roses","ins":948,"Art":2,"Mel":184,"Rou":24,"Mac":209,"Las":11,"vot":709,"circode":9407,"Lep":109,"Pec":42,"Zem":54,"Hid":9,"Jad":29,"Pou":7,"Dup":4,"top":"Macron","area_error":0.034651},"geometry":{"type":"Polygon","coordinates":[[[2.349166411706882,48.75354844282275],[2.35197316096934,48.75278408460455],[2.3534181918440042,48.74959202710826],[2.3550317464345083,48.74584687423217],[2.3548849254237676,48.74597401790661],[2.3551228370325568,48.74473129823809],[2.35517029768058,48.74451693612232],[2.3553935539185855,48.743740257460274],[2.355482289785546,48.7427559205227],[2.355333107049442,48.74255785774547],[2.3547711357828933,48.7427301803756],[2.3533498532782566,48.74298017817438],[2.35232321897854,48.74314771654315],[2.3515600966401964,48.743240860440515],[2.351553524732681,48.743242143273555],[2.3490157912329037,48.75331143413317],[2.349166411706882,48.75354844282275]]],"rewind":true}},{"type":"Feature","properties":{"depname":"Val-de-Marne","bvonum":"0017","comcode":94038,"cancode":9410,"bvocode":"94038_17","cirname":"7ème circonscription","exp":478,"depcode":94,"cannum":17,"canname":"L'Haÿ-les-Roses","comname":"L'Hay-les-Roses","ins":754,"Art":4,"Mel":182,"Rou":10,"Mac":123,"Las":13,"vot":480,"circode":9407,"Lep":76,"Pec":12,"Zem":26,"Hid":3,"Jad":13,"Pou":4,"Dup":12,"top":"Mélenchon","area_error":0.111786},"geometry":{"type":"Polygon","coordinates":[[[2.35197316096934,48.75278408460455],[2.3531831950620825,48.757527495672456],[2.353225777760143,48.7574923007475],[2.3536870734526225,48.7571373278221],[2.354224356630049,48.756703630824326],[2.3545544967063687,48.7564428335247],[2.3549943102868585,48.75606862384643],[2.356096312399926,48.75653555036835],[2.3570764003215965,48.75689570841834],[2.3595214365610646,48.75466496381217],[2.3534181918440042,48.74959202710826],[2.35197316096934,48.75278408460455]]],"rewind":true}},{"type":"Feature","properties":{"depname":"Val-de-Marne","bvonum":"0018","comcode":94038,"cancode":9410,"bvocode":"94038_18","cirname":"7ème circonscription","exp":671,"depcode":94,"cannum":17,"canname":"L'Haÿ-les-Roses","comname":"L'Hay-les-Roses","ins":1008,"Art":1,"Mel":344,"Rou":12,"Mac":132,"Las":11,"vot":687,"circode":9407,"Lep":65,"Pec":37,"Zem":40,"Hid":3,"Jad":17,"Pou":5,"Dup":4,"top":"Mélenchon","area_error":-0.091801},"geometry":{"type":"Polygon","coordinates":[[[2.3534181918440042,48.74959202710826],[2.3595214365610646,48.75466496381217],[2.3622194580737093,48.75216204158894],[2.3601840584079175,48.75105295774851],[2.35938885895101,48.75046290932676],[2.3586159025611417,48.74979562479193],[2.358054694791533,48.74919236308079],[2.3576572787814407,48.74879367864862],[2.3574901961475323,48.74854164772686],[2.357412317268951,48.7481165075919],[2.35727929674735,48.74672854459677],[2.3571104570224426,48.745189881484585],[2.357269205205685,48.74430387554314],[2.357019905907829,48.744363793454355],[2.3566129433605636,48.74453296116306],[2.355200727927011,48.7456862813098],[2.3550317464345083,48.74584687423217],[2.3534181918440042,48.74959202710826]]],"rewind":true}},{"type":"Feature","properties":{"depname":"Val-de-Marne","bvonum":"0019","comcode":94038,"cancode":9410,"bvocode":"94038_19","cirname":"7ème circonscription","exp":888,"depcode":94,"cannum":17,"canname":"L'Haÿ-les-Roses","comname":"L'Hay-les-Roses","ins":1371,"Art":3,"Mel":446,"Rou":16,"Mac":206,"Las":14,"vot":908,"circode":9407,"Lep":98,"Pec":28,"Zem":39,"Hid":4,"Jad":17,"Pou":9,"Dup":8,"top":"Mélenchon","area_error":-0.005313},"geometry":{"type":"Polygon","coordinates":[[[2.3595214365610646,48.75466496381217],[2.3570764003215965,48.75689570841834],[2.358248467019572,48.75734740864786],[2.358757884124716,48.756596126629645],[2.3605774033057907,48.75670194881719],[2.360446682887725,48.756868501295514],[2.361652579996807,48.75673621717443],[2.3632642565749626,48.7564286913694],[2.3637647260662367,48.75629936437676],[2.365618907660508,48.75596586765719],[2.36738524736775,48.7555293679829],[2.369332636140264,48.75483881443104],[2.3717517800618966,48.753617216384264],[2.37261150578848,48.75300054750373],[2.37322128248011,48.75043103704484],[2.373326696143921,48.749987295419636],[2.37176368298276,48.7505713831485],[2.369368427532335,48.75117990876896],[2.367042159567003,48.7516386005563],[2.36361330467947,48.7525190005279],[2.3634092613778472,48.75252059564055],[2.362237695267054,48.75216565076202],[2.3622194580737093,48.75216204158894],[2.3595214365610646,48.75466496381217]]],"rewind":true}},{"type":"Feature","properties":{"depname":"Val-de-Marne","bvonum":"0002","comcode":94038,"cancode":9410,"bvocode":"94038_2","cirname":"7ème circonscription","exp":814,"depcode":94,"cannum":17,"canname":"L'Haÿ-les-Roses","comname":"L'Hay-les-Roses","ins":1115,"Art":4,"Mel":227,"Rou":20,"Mac":241,"Las":16,"vot":832,"circode":9407,"Lep":104,"Pec":49,"Zem":76,"Hid":15,"Jad":52,"Pou":2,"Dup":8,"top":"Macron","area_error":-0.005689},"geometry":{"type":"Polygon","coordinates":[[[2.3463896003735587,48.75924071387],[2.3435423165152267,48.760617122872],[2.3413020184798214,48.7650012758189],[2.3416773844177,48.76576703862487],[2.341752949169005,48.76599922681252],[2.3418313076672175,48.76626808034998],[2.342227368233038,48.7656951657331],[2.342837683061889,48.764919723674346],[2.3428805490764377,48.7651415109628],[2.3429910506724636,48.76536362865522],[2.3430167636115584,48.765529732445856],[2.343019514338602,48.7658711784627],[2.343030606348714,48.766700509698516],[2.343039242656848,48.767373728724465],[2.34305056313005,48.768423613134026],[2.3430917766250343,48.76867986602576],[2.3433787320160677,48.769989217066055],[2.3433838399091345,48.770182679086275],[2.343357176648752,48.771415991992384],[2.34337824288861,48.77391732288292],[2.343904318171222,48.772861224900765],[2.34439018938587,48.771880362918],[2.345424459285136,48.77011172365025],[2.345303680523865,48.7680351572749],[2.345375559903696,48.765392724446826],[2.3475935200203883,48.76396104749883],[2.3475936886552145,48.7635195621437],[2.3479324470027967,48.76287105411301],[2.347862155608597,48.76094942011606],[2.3463896003735587,48.75924071387]]],"rewind":true}},{"type":"Feature","properties":{"depname":"Val-de-Marne","bvonum":"0003","comcode":94038,"cancode":9410,"bvocode":"94038_3","cirname":"7ème circonscription","exp":546,"depcode":94,"cannum":17,"canname":"L'Haÿ-les-Roses","comname":"L'Hay-les-Roses","ins":737,"Art":4,"Mel":153,"Rou":10,"Mac":183,"Las":4,"vot":555,"circode":9407,"Lep":41,"Pec":60,"Zem":28,"Hid":11,"Jad":35,"Pou":3,"Dup":14,"top":"Macron","area_error":0.080389},"geometry":{"type":"Polygon","coordinates":[[[2.3368190633453887,48.75973053243875],[2.34202232750868,48.75699129763944],[2.3445472112064136,48.75112263855],[2.344903015779008,48.74844263013713],[2.344525085519479,48.74896661705465],[2.344388876276682,48.74914194004614],[2.3439181308098327,48.749859044586],[2.343681374800774,48.74994345876615],[2.3436507018300645,48.74984055623585],[2.3437578798107723,48.74917291831557],[2.34316905110845,48.75022711310081],[2.3431713884243,48.7501293679497],[2.33655832393148,48.758267858833285],[2.335945240783701,48.7601114040842],[2.3368190633453887,48.75973053243875]]],"rewind":true}},{"type":"Feature","properties":{"depname":"Val-de-Marne","bvonum":"0004","comcode":94038,"cancode":9410,"bvocode":"94038_4","cirname":"7ème circonscription","exp":736,"depcode":94,"cannum":17,"canname":"L'Haÿ-les-Roses","comname":"L'Hay-les-Roses","ins":907,"Art":3,"Mel":175,"Rou":27,"Mac":248,"Las":12,"vot":746,"circode":9407,"Lep":79,"Pec":62,"Zem":47,"Hid":17,"Jad":57,"Pou":1,"Dup":8,"top":"Macron","area_error":0.041441},"geometry":{"type":"Polygon","coordinates":[[[2.335945240783701,48.7601114040842],[2.3306259771067745,48.76429029953381],[2.331545712342853,48.7694386114318],[2.3339229635372716,48.76920621374115],[2.333891342207793,48.768902875368845],[2.334865028732282,48.76857532993197],[2.3347888998453166,48.768449665517544],[2.3358133405952413,48.76809644009136],[2.3352163520169227,48.76689832416828],[2.335776201853836,48.76663928797413],[2.3368190633453887,48.75973053243875],[2.335945240783701,48.7601114040842]]],"rewind":true}},{"type":"Feature","properties":{"depname":"Val-de-Marne","bvonum":"0005","comcode":94038,"cancode":9410,"bvocode":"94038_5","cirname":"7ème circonscription","exp":872,"depcode":94,"cannum":17,"canname":"L'Haÿ-les-Roses","comname":"L'Hay-les-Roses","ins":1081,"Art":1,"Mel":195,"Rou":18,"Mac":320,"Las":12,"vot":891,"circode":9407,"Lep":94,"Pec":65,"Zem":60,"Hid":18,"Jad":71,"Pou":4,"Dup":14,"top":"Macron","area_error":-0.012338},"geometry":{"type":"Polygon","coordinates":[[[2.3306259771067745,48.76429029953381],[2.321669809892535,48.767035664011836],[2.322154119484921,48.76867722660875],[2.3222628025327974,48.76862938397269],[2.32321184573963,48.76776022648886],[2.323198763989058,48.7685937988294],[2.324369540780026,48.7684515119555],[2.3242699685460417,48.76923427398757],[2.3244163189028377,48.7711500538734],[2.3256440770035445,48.7710751124971],[2.325812787980887,48.77117945910608],[2.325898791834268,48.771161137438746],[2.3265964327565527,48.77094727946032],[2.3272958590323887,48.7706482187406],[2.3280788076189225,48.7705264481641],[2.3291563808128157,48.770004989470735],[2.3296178181977814,48.769816214355984],[2.3300489517977727,48.76967704733706],[2.331545712342853,48.7694386114318],[2.3306259771067745,48.76429029953381]]],"rewind":true}},{"type":"Feature","properties":{"depname":"Val-de-Marne","bvonum":"0006","comcode":94038,"cancode":9410,"bvocode":"94038_6","cirname":"7ème circonscription","exp":797,"depcode":94,"cannum":17,"canname":"L'Haÿ-les-Roses","comname":"L'Hay-les-Roses","ins":1010,"Art":3,"Mel":195,"Rou":19,"Mac":295,"Las":14,"vot":812,"circode":9407,"Lep":51,"Pec":67,"Zem":40,"Hid":22,"Jad":78,"Pou":3,"Dup":10,"top":"Macron","area_error":0.005217},"geometry":{"type":"Polygon","coordinates":[[[2.322744755554642,48.76389385173771],[2.3247577767773984,48.7649719991154],[2.321669809892535,48.767035664011836],[2.3306259771067745,48.76429029953381],[2.335945240783701,48.7601114040842],[2.33655832393148,48.758267858833285],[2.334565719164257,48.75907138788315],[2.3279723278390927,48.761635510352484],[2.322744755554642,48.76389385173771]]],"rewind":true}},{"type":"Feature","properties":{"depname":"Val-de-Marne","bvonum":"0007","comcode":94038,"cancode":9410,"bvocode":"94038_7","cirname":"7ème circonscription","exp":703,"depcode":94,"cannum":17,"canname":"L'Haÿ-les-Roses","comname":"L'Hay-les-Roses","ins":879,"Art":1,"Mel":149,"Rou":16,"Mac":297,"Las":3,"vot":714,"circode":9407,"Lep":42,"Pec":55,"Zem":38,"Hid":12,"Jad":72,"Pou":0,"Dup":18,"top":"Macron","area_error":-0.01206},"geometry":{"type":"Polygon","coordinates":[[[2.3279723278390927,48.761635510352484],[2.325330950775286,48.75755679781096],[2.323573137679644,48.757763450254174],[2.318902881903587,48.75922134004514],[2.322744755554642,48.76389385173771],[2.3279723278390927,48.761635510352484]]],"rewind":true}},{"type":"Feature","properties":{"depname":"Val-de-Marne","bvonum":"0008","comcode":94038,"cancode":9410,"bvocode":"94038_8","cirname":"7ème circonscription","exp":846,"depcode":94,"cannum":17,"canname":"L'Haÿ-les-Roses","comname":"L'Hay-les-Roses","ins":1047,"Art":2,"Mel":200,"Rou":20,"Mac":308,"Las":22,"vot":861,"circode":9407,"Lep":66,"Pec":76,"Zem":58,"Hid":16,"Jad":64,"Pou":1,"Dup":13,"top":"Macron","area_error":-0.008344},"geometry":{"type":"Polygon","coordinates":[[[2.325330950775286,48.75755679781096],[2.3279723278390927,48.761635510352484],[2.334565719164257,48.75907138788315],[2.3336657748151737,48.75411313385488],[2.325330950775286,48.75755679781096]]],"rewind":true}},{"type":"Feature","properties":{"depname":"Val-de-Marne","bvonum":"0009","comcode":94038,"cancode":9410,"bvocode":"94038_9","cirname":"7ème circonscription","exp":888,"depcode":94,"cannum":17,"canname":"L'Haÿ-les-Roses","comname":"L'Hay-les-Roses","ins":1116,"Art":8,"Mel":232,"Rou":26,"Mac":286,"Las":23,"vot":908,"circode":9407,"Lep":100,"Pec":65,"Zem":45,"Hid":21,"Jad":61,"Pou":4,"Dup":17,"top":"Macron","area_error":-0.014527},"geometry":{"type":"Polygon","coordinates":[[[2.33655832393148,48.758267858833285],[2.3431713884243,48.7501293679497],[2.3431913953177337,48.75000840033697],[2.342790323153846,48.75064263166098],[2.34203659513718,48.75178085892575],[2.341955903690662,48.75152893381486],[2.341828088720287,48.7513949902005],[2.3415526585380473,48.75123047013744],[2.3412146499032724,48.751121398682535],[2.3406945583759464,48.7510039412233],[2.3419385650759073,48.74956687354655],[2.3419969591241316,48.74959653632005],[2.343550350997444,48.74719412060568],[2.3435064966577928,48.74711592640653],[2.3434730931347048,48.74706081314973],[2.3434372571182993,48.74701462090688],[2.343400601814008,48.7469796891741],[2.343386462931963,48.746954612557325],[2.3338505868425243,48.75399130053164],[2.3336657748151737,48.75411313385488],[2.334565719164257,48.75907138788315],[2.33655832393148,48.758267858833285]]],"rewind":true}},{"type":"Feature","properties":{"depname":"Val-de-Marne","bvonum":"0001","comcode":94041,"cancode":9411,"bvocode":"94041_1","cirname":"10ème circonscription","exp":751,"depcode":94,"cannum":5,"canname":"Ivry-sur-Seine","comname":"Ivry-sur-Seine","ins":961,"Art":2,"Mel":357,"Rou":54,"Mac":161,"Las":7,"vot":762,"circode":9410,"Lep":49,"Pec":14,"Zem":38,"Hid":7,"Jad":43,"Pou":9,"Dup":10,"top":"Mélenchon","area_error":-0.046434},"geometry":{"type":"Polygon","coordinates":[[[2.3844094337073924,48.80195224320889],[2.3889579983700355,48.805865661153746],[2.391463482902312,48.80326922621857],[2.3916821784160347,48.8022557138488],[2.389807809752236,48.797102655615056],[2.3890171492276835,48.79726413284437],[2.3844094337073924,48.80195224320889]]],"rewind":true}},{"type":"Feature","properties":{"depname":"Val-de-Marne","bvonum":"0010","comcode":94041,"cancode":9411,"bvocode":"94041_10","cirname":"10ème circonscription","exp":650,"depcode":94,"cannum":5,"canname":"Ivry-sur-Seine","comname":"Ivry-sur-Seine","ins":846,"Art":7,"Mel":380,"Rou":13,"Mac":117,"Las":8,"vot":659,"circode":9410,"Lep":51,"Pec":5,"Zem":13,"Hid":10,"Jad":34,"Pou":7,"Dup":5,"top":"Mélenchon","area_error":0.021637},"geometry":{"type":"Polygon","coordinates":[[[2.404111319858306,48.79377848246179],[2.4008621223543916,48.79961680131838],[2.397902455761981,48.80577036012192],[2.3984065578368416,48.8051239028779],[2.40065797124793,48.8026350047461],[2.402518048336301,48.80058418549305],[2.4030615887241873,48.80007234921877],[2.40363096461601,48.79964430393538],[2.404250576271852,48.79912265440683],[2.40494607438732,48.798848569663846],[2.40504118361076,48.7988230476159],[2.405590607315597,48.798642636771],[2.40596984805027,48.79849102021734],[2.4067657125791455,48.798137776547456],[2.4071679353423883,48.79792766758454],[2.4077848718810184,48.7974047614053],[2.4080763817737925,48.7968204484619],[2.4081427023819946,48.796419631567765],[2.4082024164300053,48.79599302047824],[2.408266522985528,48.795545389451654],[2.408279859847845,48.795278160807136],[2.404111319858306,48.79377848246179]]],"rewind":true}},{"type":"Feature","properties":{"depname":"Val-de-Marne","bvonum":"0011","comcode":94041,"cancode":9411,"bvocode":"94041_11","cirname":"10ème circonscription","exp":790,"depcode":94,"cannum":5,"canname":"Ivry-sur-Seine","comname":"Ivry-sur-Seine","ins":1029,"Art":5,"Mel":432,"Rou":42,"Mac":131,"Las":9,"vot":801,"circode":9410,"Lep":50,"Pec":10,"Zem":36,"Hid":15,"Jad":49,"Pou":4,"Dup":7,"top":"Mélenchon","area_error":-0.035422},"geometry":{"type":"Polygon","coordinates":[[[2.3974107750068163,48.7969914748098],[2.395634833816507,48.80384240897457],[2.4008621223543916,48.79961680131838],[2.404111319858306,48.79377848246179],[2.4035596975117572,48.791406677049814],[2.3974107750068163,48.7969914748098]]],"rewind":true}},{"type":"Feature","properties":{"depname":"Val-de-Marne","bvonum":"0012","comcode":94041,"cancode":9411,"bvocode":"94041_12","cirname":"10ème circonscription","exp":423,"depcode":94,"cannum":5,"canname":"Ivry-sur-Seine","comname":"Ivry-sur-Seine","ins":684,"Art":2,"Mel":173,"Rou":24,"Mac":101,"Las":6,"vot":429,"circode":9410,"Lep":53,"Pec":13,"Zem":20,"Hid":8,"Jad":12,"Pou":2,"Dup":9,"top":"Mélenchon","area_error":0.062493},"geometry":{"type":"Polygon","coordinates":[[[2.3957243164896984,48.79723237067116],[2.3974107750068163,48.7969914748098],[2.4035596975117572,48.791406677049814],[2.40438330442175,48.78925793594347],[2.396276782489019,48.79300841077885],[2.395587962241528,48.793721735171],[2.3957243164896984,48.79723237067116]]],"rewind":true}},{"type":"Feature","properties":{"depname":"Val-de-Marne","bvonum":"0013","comcode":94041,"cancode":9411,"bvocode":"94041_13","cirname":"10ème circonscription","exp":636,"depcode":94,"cannum":5,"canname":"Ivry-sur-Seine","comname":"Ivry-sur-Seine","ins":825,"Art":8,"Mel":312,"Rou":34,"Mac":123,"Las":4,"vot":648,"circode":9410,"Lep":43,"Pec":16,"Zem":21,"Hid":22,"Jad":38,"Pou":4,"Dup":11,"top":"Mélenchon","area_error":-0.020423},"geometry":{"type":"Polygon","coordinates":[[[2.3923056002487866,48.80794819664106],[2.395634833816507,48.80384240897457],[2.3974107750068163,48.7969914748098],[2.3957243164896984,48.79723237067116],[2.3916821784160347,48.8022557138488],[2.391463482902312,48.80326922621857],[2.3923056002487866,48.80794819664106]]],"rewind":true}},{"type":"Feature","properties":{"depname":"Val-de-Marne","bvonum":"0014","comcode":94041,"cancode":9411,"bvocode":"94041_14","cirname":"10ème circonscription","exp":517,"depcode":94,"cannum":5,"canname":"Ivry-sur-Seine","comname":"Ivry-sur-Seine","ins":666,"Art":8,"Mel":245,"Rou":27,"Mac":106,"Las":7,"vot":522,"circode":9410,"Lep":43,"Pec":16,"Zem":27,"Hid":3,"Jad":26,"Pou":2,"Dup":7,"top":"Mélenchon","area_error":0.018093},"geometry":{"type":"Polygon","coordinates":[[[2.389807809752236,48.797102655615056],[2.3916821784160347,48.8022557138488],[2.3957243164896984,48.79723237067116],[2.395587962241528,48.793721735171],[2.389807809752236,48.797102655615056]]],"rewind":true}},{"type":"Feature","properties":{"depname":"Val-de-Marne","bvonum":"0015","comcode":94041,"cancode":9411,"bvocode":"94041_15","cirname":"10ème circonscription","exp":467,"depcode":94,"cannum":5,"canname":"Ivry-sur-Seine","comname":"Ivry-sur-Seine","ins":666,"Art":5,"Mel":233,"Rou":21,"Mac":84,"Las":5,"vot":478,"circode":9410,"Lep":58,"Pec":8,"Zem":12,"Hid":7,"Jad":21,"Pou":3,"Dup":10,"top":"Mélenchon","area_error":0.03124},"geometry":{"type":"Polygon","coordinates":[[[2.3974746302488863,48.788702667327215],[2.4060438029855726,48.78651013730446],[2.4125510381773316,48.77823911871478],[2.4121503647669527,48.7786771589815],[2.410388442351561,48.780514206802835],[2.410535738555642,48.7802058229669],[2.4087448977525647,48.7822868143843],[2.408111809448607,48.7833877298138],[2.4073985272555958,48.7838623321204],[2.4073090112846787,48.78385952962067],[2.4074377622416057,48.7835014190396],[2.40729225139024,48.78306591352268],[2.4069536799252833,48.78257147908066],[2.4067913693581,48.7826459198417],[2.405481918362019,48.7843200012225],[2.4050518928064357,48.784568625541255],[2.4049209348235654,48.78460948671002],[2.4046843372025144,48.78449954164214],[2.404170114628668,48.784265816746185],[2.4038269790713,48.78421831776987],[2.4033093763005677,48.78420693145155],[2.402068943338892,48.7841443759995],[2.4016169521878874,48.78451743758716],[2.400653803448609,48.78537426603844],[2.40032395686166,48.78542336304057],[2.3974746302488863,48.788702667327215]]],"rewind":true}},{"type":"Feature","properties":{"depname":"Val-de-Marne","bvonum":"0016","comcode":94041,"cancode":9411,"bvocode":"94041_16","cirname":"10ème circonscription","exp":950,"depcode":94,"cannum":5,"canname":"Ivry-sur-Seine","comname":"Ivry-sur-Seine","ins":1204,"Art":2,"Mel":510,"Rou":24,"Mac":202,"Las":8,"vot":977,"circode":9410,"Lep":66,"Pec":23,"Zem":40,"Hid":17,"Jad":42,"Pou":8,"Dup":8,"top":"Mélenchon","area_error":0.018924},"geometry":{"type":"Polygon","coordinates":[[[2.4060438029855726,48.78651013730446],[2.40438330442175,48.78925793594347],[2.4035596975117572,48.791406677049814],[2.404111319858306,48.79377848246179],[2.408279859847845,48.795278160807136],[2.4082943115872952,48.79487056248844],[2.40839275722312,48.7935100232814],[2.4085385481954455,48.791499559375865],[2.4086416705252973,48.79033287297485],[2.4100310289723,48.78638141259055],[2.4100874370938152,48.78633532648785],[2.4096196697957133,48.78546354203321],[2.408482032076868,48.7850128021545],[2.412726811976789,48.77843567841846],[2.413139632723176,48.77788788671825],[2.41338294720659,48.7775097981444],[2.4135020395667746,48.777164313295465],[2.4126131911179844,48.778175868777446],[2.4125510381773316,48.77823911871478],[2.4060438029855726,48.78651013730446]]],"rewind":true}},{"type":"Feature","properties":{"depname":"Val-de-Marne","bvonum":"0002","comcode":94041,"cancode":9411,"bvocode":"94041_2","cirname":"10ème circonscription","exp":625,"depcode":94,"cannum":5,"canname":"Ivry-sur-Seine","comname":"Ivry-sur-Seine","ins":874,"Art":3,"Mel":328,"Rou":58,"Mac":84,"Las":4,"vot":643,"circode":9410,"Lep":65,"Pec":8,"Zem":22,"Hid":6,"Jad":31,"Pou":11,"Dup":5,"top":"Mélenchon","area_error":0.00078},"geometry":{"type":"Polygon","coordinates":[[[2.391463482902312,48.80326922621857],[2.3889579983700355,48.805865661153746],[2.384513207937655,48.811022138598666],[2.38465663738586,48.81240106506444],[2.389511577290235,48.8113435566347],[2.390372284465357,48.81052798732372],[2.3923056002487866,48.80794819664106],[2.391463482902312,48.80326922621857]]],"rewind":true}},{"type":"Feature","properties":{"depname":"Val-de-Marne","bvonum":"0020","comcode":94041,"cancode":9411,"bvocode":"94041_20","cirname":"10ème circonscription","exp":688,"depcode":94,"cannum":5,"canname":"Ivry-sur-Seine","comname":"Ivry-sur-Seine","ins":905,"Art":6,"Mel":294,"Rou":27,"Mac":151,"Las":12,"vot":698,"circode":9410,"Lep":77,"Pec":21,"Zem":33,"Hid":15,"Jad":38,"Pou":2,"Dup":12,"top":"Mélenchon","area_error":-0.056235},"geometry":{"type":"Polygon","coordinates":[[[2.3737626977575,48.79382925649656],[2.3664065710666753,48.80582536372128],[2.3683400469349256,48.80638518624171],[2.3687192401608015,48.806138628691635],[2.3725841097666973,48.80133973228311],[2.3747214113237263,48.79631680694922],[2.3737626977575,48.79382925649656]]],"rewind":true}},{"type":"Feature","properties":{"depname":"Val-de-Marne","bvonum":"0021","comcode":94041,"cancode":9411,"bvocode":"94041_21","cirname":"10ème circonscription","exp":757,"depcode":94,"cannum":5,"canname":"Ivry-sur-Seine","comname":"Ivry-sur-Seine","ins":950,"Art":6,"Mel":372,"Rou":26,"Mac":148,"Las":8,"vot":773,"circode":9410,"Lep":71,"Pec":20,"Zem":20,"Hid":13,"Jad":65,"Pou":6,"Dup":2,"top":"Mélenchon","area_error":0.079754},"geometry":{"type":"Polygon","coordinates":[[[2.3664065710666753,48.80582536372128],[2.3737626977575,48.79382925649656],[2.373705669352635,48.792300365193256],[2.3736128954202056,48.7922480497709],[2.3719145322218758,48.79137200406168],[2.371287510619952,48.792561635935336],[2.37093130245492,48.79320294729428],[2.3710484985476215,48.7932505869574],[2.3705464869497623,48.7937158140388],[2.370398259957425,48.793923322184],[2.3687441128226254,48.7963082436955],[2.368180022322961,48.797312869964486],[2.367447266145915,48.79856143367476],[2.367538001673938,48.79866348969075],[2.368683593386882,48.7989514265008],[2.368403904453163,48.8000904583378],[2.3653176183706983,48.80267518107152],[2.365433474556093,48.80275682976547],[2.3643833006929276,48.806133458705624],[2.364184484972088,48.8065088697858],[2.3664065710666753,48.80582536372128]]],"rewind":true}},{"type":"Feature","properties":{"depname":"Val-de-Marne","bvonum":"0022","comcode":94041,"cancode":9411,"bvocode":"94041_22","cirname":"10ème circonscription","exp":769,"depcode":94,"cannum":5,"canname":"Ivry-sur-Seine","comname":"Ivry-sur-Seine","ins":1100,"Art":4,"Mel":405,"Rou":29,"Mac":133,"Las":8,"vot":786,"circode":9410,"Lep":106,"Pec":11,"Zem":32,"Hid":9,"Jad":21,"Pou":4,"Dup":7,"top":"Mélenchon","area_error":-0.041278},"geometry":{"type":"Polygon","coordinates":[[[2.3725841097666973,48.80133973228311],[2.3687192401608015,48.806138628691635],[2.3716254316718963,48.810407570074325],[2.377828587837626,48.80265107536403],[2.37782662538197,48.802639108502724],[2.3725841097666973,48.80133973228311]]],"rewind":true}},{"type":"Feature","properties":{"depname":"Val-de-Marne","bvonum":"0024","comcode":94041,"cancode":9411,"bvocode":"94041_24","cirname":"10ème circonscription","exp":674,"depcode":94,"cannum":5,"canname":"Ivry-sur-Seine","comname":"Ivry-sur-Seine","ins":832,"Art":6,"Mel":300,"Rou":28,"Mac":131,"Las":6,"vot":685,"circode":9410,"Lep":58,"Pec":19,"Zem":26,"Hid":16,"Jad":62,"Pou":12,"Dup":10,"top":"Mélenchon","area_error":0.152007},"geometry":{"type":"Polygon","coordinates":[[[2.3833152475091435,48.81354230474713],[2.3813001990964064,48.82390164835656],[2.382097262082004,48.82368220567614],[2.389511577290235,48.8113435566347],[2.38465663738586,48.81240106506444],[2.3833152475091435,48.81354230474713]]],"rewind":true}},{"type":"Feature","properties":{"depname":"Val-de-Marne","bvonum":"0025","comcode":94041,"cancode":9411,"bvocode":"94041_25","cirname":"10ème circonscription","exp":592,"depcode":94,"cannum":5,"canname":"Ivry-sur-Seine","comname":"Ivry-sur-Seine","ins":874,"Art":4,"Mel":306,"Rou":16,"Mac":126,"Las":9,"vot":610,"circode":9410,"Lep":48,"Pec":15,"Zem":29,"Hid":10,"Jad":20,"Pou":8,"Dup":1,"top":"Mélenchon","area_error":0.002145},"geometry":{"type":"Polygon","coordinates":[[[2.37782662538197,48.802639108502724],[2.3811212950962015,48.79809908122477],[2.3811890222556618,48.79783054334354],[2.3747214113237263,48.79631680694922],[2.3725841097666973,48.80133973228311],[2.37782662538197,48.802639108502724]]],"rewind":true}},{"type":"Feature","properties":{"depname":"Val-de-Marne","bvonum":"0026","comcode":94041,"cancode":9411,"bvocode":"94041_26","cirname":"10ème circonscription","exp":765,"depcode":94,"cannum":5,"canname":"Ivry-sur-Seine","comname":"Ivry-sur-Seine","ins":1059,"Art":1,"Mel":374,"Rou":22,"Mac":160,"Las":7,"vot":779,"circode":9410,"Lep":72,"Pec":16,"Zem":34,"Hid":16,"Jad":48,"Pou":6,"Dup":9,"top":"Mélenchon","area_error":-0.001688},"geometry":{"type":"Polygon","coordinates":[[[2.366185063921269,48.816562059912556],[2.3683400469349256,48.80638518624171],[2.3664065710666753,48.80582536372128],[2.364184484972088,48.8065088697858],[2.3638119891399465,48.807210858687576],[2.365589828792737,48.80812138457328],[2.3636346322668835,48.813837900864776],[2.363777177746114,48.8138720743005],[2.363138324550621,48.81526105094335],[2.362778437211397,48.81611202854455],[2.3627749768209028,48.81642937194596],[2.3626873312265873,48.81684583903819],[2.3628508671363875,48.816870118668945],[2.3624318555250987,48.81758797698994],[2.3617875362642766,48.81870813036567],[2.364183820113797,48.819371379679026],[2.366185063921269,48.816562059912556]]],"rewind":true}},{"type":"Feature","properties":{"depname":"Val-de-Marne","bvonum":"0027","comcode":94041,"cancode":9411,"bvocode":"94041_27","cirname":"10ème circonscription","exp":723,"depcode":94,"cannum":5,"canname":"Ivry-sur-Seine","comname":"Ivry-sur-Seine","ins":985,"Art":7,"Mel":358,"Rou":21,"Mac":131,"Las":10,"vot":736,"circode":9410,"Lep":101,"Pec":21,"Zem":24,"Hid":7,"Jad":32,"Pou":5,"Dup":6,"top":"Mélenchon","area_error":0.023313},"geometry":{"type":"Polygon","coordinates":[[[2.3898647342147843,48.7924337905476],[2.390140372094908,48.7924431792111],[2.3949989278317174,48.79085298792385],[2.3974746302488863,48.788702667327215],[2.40032395686166,48.78542336304057],[2.400313362126,48.785424964077826],[2.399881944288102,48.78541488273123],[2.399281491530144,48.785610139350275],[2.3984143595496246,48.785260492409584],[2.397770430628911,48.7849323079035],[2.3964396938001067,48.78554614707692],[2.3958864995192917,48.7856934539934],[2.3954472609530244,48.78593005802586],[2.394959389363314,48.78598778861881],[2.394241673868241,48.78590109176066],[2.3939851199946514,48.786119043579134],[2.393199478482953,48.78621227178474],[2.391504187488335,48.78611859649694],[2.391335078598958,48.786124869861275],[2.39123938884627,48.78626460934379],[2.3912674309699713,48.78682526546497],[2.3912217254243924,48.78690508784748],[2.3912295448893133,48.787413916844756],[2.391200331298516,48.78787514034847],[2.3910096132899015,48.78917687817534],[2.3909683524043475,48.7894692024144],[2.3906739639172483,48.79059510221474],[2.3905217417860425,48.79067890021725],[2.3898647342147843,48.7924337905476]]],"rewind":true}},{"type":"Feature","properties":{"depname":"Val-de-Marne","bvonum":"0028","comcode":94041,"cancode":9411,"bvocode":"94041_28","cirname":"10ème circonscription","exp":716,"depcode":94,"cannum":5,"canname":"Ivry-sur-Seine","comname":"Ivry-sur-Seine","ins":924,"Art":3,"Mel":368,"Rou":32,"Mac":145,"Las":11,"vot":733,"circode":9410,"Lep":38,"Pec":17,"Zem":27,"Hid":9,"Jad":47,"Pou":7,"Dup":12,"top":"Mélenchon","area_error":0.015613},"geometry":{"type":"Polygon","coordinates":[[[2.380359039779533,48.81501557401226],[2.3793987895889717,48.8149663846427],[2.372711545245271,48.81993361716784],[2.371794859968306,48.82247407890045],[2.3776958750299757,48.823238915974414],[2.380359039779533,48.81501557401226]]],"rewind":true}},{"type":"Feature","properties":{"depname":"Val-de-Marne","bvonum":"0029","comcode":94041,"cancode":9411,"bvocode":"94041_29","cirname":"10ème circonscription","exp":788,"depcode":94,"cannum":5,"canname":"Ivry-sur-Seine","comname":"Ivry-sur-Seine","ins":1102,"Art":4,"Mel":406,"Rou":19,"Mac":170,"Las":5,"vot":800,"circode":9410,"Lep":69,"Pec":25,"Zem":29,"Hid":8,"Jad":32,"Pou":10,"Dup":11,"top":"Mélenchon","area_error":0.015409},"geometry":{"type":"Polygon","coordinates":[[[2.373248127354491,48.8125391328425],[2.378247494671792,48.8114684101632],[2.379677684759762,48.8085737346575],[2.377828587837626,48.80265107536403],[2.3716254316718963,48.810407570074325],[2.373248127354491,48.8125391328425]]],"rewind":true}},{"type":"Feature","properties":{"depname":"Val-de-Marne","bvonum":"0003","comcode":94041,"cancode":9411,"bvocode":"94041_3","cirname":"10ème circonscription","exp":664,"depcode":94,"cannum":5,"canname":"Ivry-sur-Seine","comname":"Ivry-sur-Seine","ins":878,"Art":4,"Mel":326,"Rou":53,"Mac":95,"Las":9,"vot":674,"circode":9410,"Lep":73,"Pec":16,"Zem":41,"Hid":9,"Jad":26,"Pou":9,"Dup":3,"top":"Mélenchon","area_error":-0.026371},"geometry":{"type":"Polygon","coordinates":[[[2.3858619909860077,48.79514960079791],[2.3890171492276835,48.79726413284437],[2.389807809752236,48.797102655615056],[2.395587962241528,48.793721735171],[2.396276782489019,48.79300841077885],[2.3949989278317174,48.79085298792385],[2.390140372094908,48.7924431792111],[2.3858619909860077,48.79514960079791]]],"rewind":true}},{"type":"Feature","properties":{"depname":"Val-de-Marne","bvonum":"0030","comcode":94041,"cancode":9411,"bvocode":"94041_30","cirname":"10ème circonscription","exp":697,"depcode":94,"cannum":5,"canname":"Ivry-sur-Seine","comname":"Ivry-sur-Seine","ins":945,"Art":2,"Mel":299,"Rou":15,"Mac":180,"Las":10,"vot":709,"circode":9410,"Lep":68,"Pec":31,"Zem":31,"Hid":12,"Jad":37,"Pou":4,"Dup":8,"top":"Mélenchon","area_error":-0.038448},"geometry":{"type":"Polygon","coordinates":[[[2.372711545245271,48.81993361716784],[2.370877992438509,48.81575630149403],[2.366185063921269,48.816562059912556],[2.364183820113797,48.819371379679026],[2.371794859968306,48.82247407890045],[2.372711545245271,48.81993361716784]]],"rewind":true}},{"type":"Feature","properties":{"depname":"Val-de-Marne","bvonum":"0031","comcode":94041,"cancode":9411,"bvocode":"94041_31","cirname":"10ème circonscription","exp":857,"depcode":94,"cannum":5,"canname":"Ivry-sur-Seine","comname":"Ivry-sur-Seine","ins":1091,"Art":1,"Mel":352,"Rou":25,"Mac":230,"Las":15,"vot":866,"circode":9410,"Lep":44,"Pec":26,"Zem":52,"Hid":22,"Jad":71,"Pou":10,"Dup":9,"top":"Mélenchon","area_error":-0.009184},"geometry":{"type":"Polygon","coordinates":[[[2.370877992438509,48.81575630149403],[2.372711545245271,48.81993361716784],[2.3793987895889717,48.8149663846427],[2.378247494671792,48.8114684101632],[2.373248127354491,48.8125391328425],[2.370877992438509,48.81575630149403]]],"rewind":true}},{"type":"Feature","properties":{"depname":"Val-de-Marne","bvonum":"0032","comcode":94041,"cancode":9411,"bvocode":"94041_32","cirname":"10ème circonscription","exp":766,"depcode":94,"cannum":5,"canname":"Ivry-sur-Seine","comname":"Ivry-sur-Seine","ins":1021,"Art":2,"Mel":325,"Rou":27,"Mac":214,"Las":8,"vot":781,"circode":9410,"Lep":55,"Pec":26,"Zem":49,"Hid":14,"Jad":32,"Pou":1,"Dup":13,"top":"Mélenchon","area_error":0.031485},"geometry":{"type":"Polygon","coordinates":[[[2.366185063921269,48.816562059912556],[2.370877992438509,48.81575630149403],[2.373248127354491,48.8125391328425],[2.3716254316718963,48.810407570074325],[2.3687192401608015,48.806138628691635],[2.3683400469349256,48.80638518624171],[2.366185063921269,48.816562059912556]]],"rewind":true}},{"type":"Feature","properties":{"depname":"Val-de-Marne","bvonum":"0033","comcode":94041,"cancode":9411,"bvocode":"94041_33","cirname":"10ème circonscription","exp":657,"depcode":94,"cannum":5,"canname":"Ivry-sur-Seine","comname":"Ivry-sur-Seine","ins":842,"Art":3,"Mel":341,"Rou":51,"Mac":124,"Las":4,"vot":663,"circode":9410,"Lep":49,"Pec":6,"Zem":29,"Hid":10,"Jad":26,"Pou":11,"Dup":3,"top":"Mélenchon","area_error":0.020317},"geometry":{"type":"Polygon","coordinates":[[[2.378247494671792,48.8114684101632],[2.3793987895889717,48.8149663846427],[2.380359039779533,48.81501557401226],[2.3833152475091435,48.81354230474713],[2.38465663738586,48.81240106506444],[2.384513207937655,48.811022138598666],[2.3819694378813643,48.80705643830793],[2.379677684759762,48.8085737346575],[2.378247494671792,48.8114684101632]]],"rewind":true}},{"type":"Feature","properties":{"depname":"Val-de-Marne","bvonum":"0034","comcode":94041,"cancode":9411,"bvocode":"94041_34","cirname":"10ème circonscription","exp":671,"depcode":94,"cannum":5,"canname":"Ivry-sur-Seine","comname":"Ivry-sur-Seine","ins":895,"Art":2,"Mel":262,"Rou":12,"Mac":209,"Las":5,"vot":686,"circode":9410,"Lep":62,"Pec":26,"Zem":40,"Hid":9,"Jad":30,"Pou":8,"Dup":6,"top":"Mélenchon","area_error":-0.036757},"geometry":{"type":"Polygon","coordinates":[[[2.3737626977575,48.79382925649656],[2.3747214113237263,48.79631680694922],[2.3811890222556618,48.79783054334354],[2.382493737517539,48.79627535794945],[2.37828964967161,48.79041416009378],[2.378152269826871,48.79137147161936],[2.377934452919113,48.791863034096885],[2.3777890271405964,48.7921884561198],[2.3775499562623,48.79267491933483],[2.3768341447482824,48.793940026886226],[2.3766953055418973,48.79388219820705],[2.373800526090539,48.79235379429572],[2.373705669352635,48.792300365193256],[2.3737626977575,48.79382925649656]]],"rewind":true}},{"type":"Feature","properties":{"depname":"Val-de-Marne","bvonum":"0035","comcode":94041,"cancode":9411,"bvocode":"94041_35","cirname":"10ème circonscription","exp":557,"depcode":94,"cannum":5,"canname":"Ivry-sur-Seine","comname":"Ivry-sur-Seine","ins":777,"Art":2,"Mel":284,"Rou":25,"Mac":93,"Las":6,"vot":564,"circode":9410,"Lep":73,"Pec":17,"Zem":16,"Hid":9,"Jad":14,"Pou":6,"Dup":12,"top":"Mélenchon","area_error":0.260178},"geometry":{"type":"Polygon","coordinates":[[[2.3858619909860077,48.79514960079791],[2.390140372094908,48.7924431792111],[2.3898647342147843,48.7924337905476],[2.3783978711725147,48.78966850760517],[2.3783311534926663,48.78999110616147],[2.37828964967161,48.79041416009378],[2.382493737517539,48.79627535794945],[2.3858619909860077,48.79514960079791]]],"rewind":true}},{"type":"Feature","properties":{"depname":"Val-de-Marne","bvonum":"0036","comcode":94041,"cancode":9411,"bvocode":"94041_36","cirname":"10ème circonscription","exp":661,"depcode":94,"cannum":5,"canname":"Ivry-sur-Seine","comname":"Ivry-sur-Seine","ins":846,"Art":4,"Mel":311,"Rou":19,"Mac":158,"Las":6,"vot":679,"circode":9410,"Lep":53,"Pec":8,"Zem":28,"Hid":5,"Jad":45,"Pou":5,"Dup":19,"top":"Mélenchon","area_error":-0.071817},"geometry":{"type":"Polygon","coordinates":[[[2.3776958750299757,48.823238915974414],[2.3813001990964064,48.82390164835656],[2.3833152475091435,48.81354230474713],[2.380359039779533,48.81501557401226],[2.3776958750299757,48.823238915974414]]],"rewind":true}},{"type":"Feature","properties":{"depname":"Val-de-Marne","bvonum":"0004","comcode":94041,"cancode":9411,"bvocode":"94041_4","cirname":"10ème circonscription","exp":679,"depcode":94,"cannum":5,"canname":"Ivry-sur-Seine","comname":"Ivry-sur-Seine","ins":849,"Art":3,"Mel":289,"Rou":32,"Mac":155,"Las":11,"vot":687,"circode":9410,"Lep":55,"Pec":23,"Zem":24,"Hid":5,"Jad":57,"Pou":13,"Dup":12,"top":"Mélenchon","area_error":0.013887},"geometry":{"type":"Polygon","coordinates":[[[2.3832159620360938,48.80280411649503],[2.3844094337073924,48.80195224320889],[2.3890171492276835,48.79726413284437],[2.3858619909860077,48.79514960079791],[2.382493737517539,48.79627535794945],[2.3811890222556618,48.79783054334354],[2.3811212950962015,48.79809908122477],[2.3832159620360938,48.80280411649503]]],"rewind":true}},{"type":"Feature","properties":{"depname":"Val-de-Marne","bvonum":"0005","comcode":94041,"cancode":9411,"bvocode":"94041_5","cirname":"10ème circonscription","exp":628,"depcode":94,"cannum":5,"canname":"Ivry-sur-Seine","comname":"Ivry-sur-Seine","ins":856,"Art":6,"Mel":291,"Rou":25,"Mac":148,"Las":6,"vot":639,"circode":9410,"Lep":52,"Pec":23,"Zem":33,"Hid":6,"Jad":25,"Pou":4,"Dup":9,"top":"Mélenchon","area_error":0.002672},"geometry":{"type":"Polygon","coordinates":[[[2.37782662538197,48.802639108502724],[2.377828587837626,48.80265107536403],[2.379677684759762,48.8085737346575],[2.3819694378813643,48.80705643830793],[2.3832159620360938,48.80280411649503],[2.3811212950962015,48.79809908122477],[2.37782662538197,48.802639108502724]]],"rewind":true}},{"type":"Feature","properties":{"depname":"Val-de-Marne","bvonum":"0006","comcode":94041,"cancode":9411,"bvocode":"94041_6","cirname":"10ème circonscription","exp":644,"depcode":94,"cannum":5,"canname":"Ivry-sur-Seine","comname":"Ivry-sur-Seine","ins":813,"Art":0,"Mel":326,"Rou":28,"Mac":143,"Las":5,"vot":658,"circode":9410,"Lep":40,"Pec":9,"Zem":29,"Hid":9,"Jad":44,"Pou":6,"Dup":5,"top":"Mélenchon","area_error":-0.04491},"geometry":{"type":"Polygon","coordinates":[[[2.396276782489019,48.79300841077885],[2.40438330442175,48.78925793594347],[2.4060438029855726,48.78651013730446],[2.3974746302488863,48.788702667327215],[2.3949989278317174,48.79085298792385],[2.396276782489019,48.79300841077885]]],"rewind":true}},{"type":"Feature","properties":{"depname":"Val-de-Marne","bvonum":"0007","comcode":94041,"cancode":9411,"bvocode":"94041_7","cirname":"10ème circonscription","exp":655,"depcode":94,"cannum":5,"canname":"Ivry-sur-Seine","comname":"Ivry-sur-Seine","ins":881,"Art":3,"Mel":353,"Rou":31,"Mac":104,"Las":7,"vot":664,"circode":9410,"Lep":61,"Pec":17,"Zem":25,"Hid":8,"Jad":31,"Pou":6,"Dup":9,"top":"Mélenchon","area_error":0.008201},"geometry":{"type":"Polygon","coordinates":[[[2.3923056002487866,48.80794819664106],[2.390372284465357,48.81052798732372],[2.392608454666846,48.811995945372644],[2.3929556619589913,48.81159822559943],[2.394060100258073,48.81026187475623],[2.394707976811107,48.80944154019557],[2.396356763052284,48.807501584217],[2.397902455761981,48.80577036012192],[2.4008621223543916,48.79961680131838],[2.395634833816507,48.80384240897457],[2.3923056002487866,48.80794819664106]]],"rewind":true}},{"type":"Feature","properties":{"depname":"Val-de-Marne","bvonum":"0008","comcode":94041,"cancode":9411,"bvocode":"94041_8","cirname":"10ème circonscription","exp":833,"depcode":94,"cannum":5,"canname":"Ivry-sur-Seine","comname":"Ivry-sur-Seine","ins":1041,"Art":2,"Mel":386,"Rou":30,"Mac":210,"Las":10,"vot":854,"circode":9410,"Lep":47,"Pec":12,"Zem":39,"Hid":10,"Jad":80,"Pou":4,"Dup":3,"top":"Mélenchon","area_error":-0.080858},"geometry":{"type":"Polygon","coordinates":[[[2.390372284465357,48.81052798732372],[2.389511577290235,48.8113435566347],[2.382097262082004,48.82368220567614],[2.3847335868572883,48.82395370980098],[2.388065246173372,48.81797079747567],[2.3901843992780964,48.8150734016963],[2.39103176046344,48.81397480098609],[2.392608454666846,48.811995945372644],[2.390372284465357,48.81052798732372]]],"rewind":true}},{"type":"Feature","properties":{"depname":"Val-de-Marne","bvonum":"0009","comcode":94041,"cancode":9411,"bvocode":"94041_9","cirname":"10ème circonscription","exp":689,"depcode":94,"cannum":5,"canname":"Ivry-sur-Seine","comname":"Ivry-sur-Seine","ins":900,"Art":1,"Mel":401,"Rou":59,"Mac":82,"Las":9,"vot":703,"circode":9410,"Lep":50,"Pec":9,"Zem":28,"Hid":10,"Jad":29,"Pou":8,"Dup":3,"top":"Mélenchon","area_error":-0.002499},"geometry":{"type":"Polygon","coordinates":[[[2.3819694378813643,48.80705643830793],[2.384513207937655,48.811022138598666],[2.3889579983700355,48.805865661153746],[2.3844094337073924,48.80195224320889],[2.3832159620360938,48.80280411649503],[2.3819694378813643,48.80705643830793]]],"rewind":true}},{"type":"Feature","properties":{"depname":"Val-de-Marne","bvonum":"0001","comcode":94042,"cancode":9405,"bvocode":"94042_1","cirname":"8ème circonscription","exp":995,"depcode":94,"cannum":16,"canname":"Charenton-le-Pont","comname":"Joinville-le-Pont","ins":1224,"Art":4,"Mel":266,"Rou":24,"Mac":312,"Las":12,"vot":1005,"circode":9408,"Lep":111,"Pec":62,"Zem":100,"Hid":12,"Jad":70,"Pou":5,"Dup":17,"top":"Macron","area_error":0.013703},"geometry":{"type":"Polygon","coordinates":[[[2.477136162766287,48.806957968624836],[2.4789012217543815,48.809012943523534],[2.48548372257673,48.808403876021224],[2.487886928562653,48.80550333128945],[2.486616369540317,48.803207432724314],[2.4837726783957126,48.80174792730345],[2.477136162766287,48.806957968624836]]],"rewind":true}},{"type":"Feature","properties":{"depname":"Val-de-Marne","bvonum":"0010","comcode":94042,"cancode":9405,"bvocode":"94042_10","cirname":"8ème circonscription","exp":903,"depcode":94,"cannum":16,"canname":"Charenton-le-Pont","comname":"Joinville-le-Pont","ins":1195,"Art":4,"Mel":275,"Rou":8,"Mac":293,"Las":14,"vot":921,"circode":9408,"Lep":94,"Pec":44,"Zem":82,"Hid":14,"Jad":55,"Pou":7,"Dup":13,"top":"Macron","area_error":-0.098347},"geometry":{"type":"Polygon","coordinates":[[[2.5031444974016686,48.80657343081429],[2.5031382854923123,48.806443166008854],[2.503152703879411,48.806237256767645],[2.503186650746779,48.80606350512708],[2.5031638329075867,48.805924603571],[2.5030868294791024,48.80570992843482],[2.502926537519249,48.80531347313393],[2.5029141144250993,48.80529006828594],[2.5028042649576436,48.8052276770093],[2.503436126745357,48.80509405435182],[2.4949408791855747,48.79959917509176],[2.4912446080338744,48.804679317136866],[2.5031444974016686,48.80657343081429]]],"rewind":true}},{"type":"Feature","properties":{"depname":"Val-de-Marne","bvonum":"0011","comcode":94042,"cancode":9405,"bvocode":"94042_11","cirname":"8ème circonscription","exp":813,"depcode":94,"cannum":16,"canname":"Charenton-le-Pont","comname":"Joinville-le-Pont","ins":1078,"Art":2,"Mel":207,"Rou":14,"Mac":258,"Las":16,"vot":834,"circode":9408,"Lep":95,"Pec":52,"Zem":89,"Hid":12,"Jad":50,"Pou":3,"Dup":15,"top":"Macron","area_error":0.045507},"geometry":{"type":"Polygon","coordinates":[[[2.4949408791855747,48.79959917509176],[2.503436126745357,48.80509405435182],[2.503485572356876,48.805085464197354],[2.5031480992959216,48.80398495540355],[2.502333637091864,48.80116184251478],[2.5018546689061028,48.7992314688916],[2.501753662502527,48.798861779240525],[2.501583868785347,48.79848624637231],[2.501341196543106,48.798136885554946],[2.500740025210273,48.79727636156468],[2.5004359685322375,48.79681845287],[2.5001761872090307,48.796486723343534],[2.4998439005899957,48.79611879934864],[2.49904721706444,48.79516690767095],[2.498268945543961,48.79551539736925],[2.497933677615876,48.7956577117315],[2.49762733087902,48.79578648153881],[2.49749335534134,48.79584045014747],[2.49663642854797,48.79613196723674],[2.4959422336773684,48.79631669698306],[2.4954883076704015,48.796423362775485],[2.4950914157510553,48.796512523601876],[2.494460120702932,48.79668162575824],[2.4949408791855747,48.79959917509176]]],"rewind":true}},{"type":"Feature","properties":{"depname":"Val-de-Marne","bvonum":"0012","comcode":94042,"cancode":9405,"bvocode":"94042_12","cirname":"8ème circonscription","exp":832,"depcode":94,"cannum":16,"canname":"Charenton-le-Pont","comname":"Joinville-le-Pont","ins":1053,"Art":7,"Mel":182,"Rou":18,"Mac":288,"Las":17,"vot":841,"circode":9408,"Lep":69,"Pec":57,"Zem":103,"Hid":12,"Jad":59,"Pou":2,"Dup":18,"top":"Macron","area_error":0.022203},"geometry":{"type":"Polygon","coordinates":[[[2.487886928562653,48.80550333128945],[2.4887786956952116,48.80564741653046],[2.4912446080338744,48.804679317136866],[2.4949408791855747,48.79959917509176],[2.494460120702932,48.79668162575824],[2.49415779530518,48.79677238989187],[2.493863864748721,48.7968671829706],[2.4907762798488715,48.79824576780343],[2.4904858612626652,48.79771983260142],[2.4904547777680044,48.79767155946824],[2.486616369540317,48.803207432724314],[2.487886928562653,48.80550333128945]]],"rewind":true}},{"type":"Feature","properties":{"depname":"Val-de-Marne","bvonum":"0002","comcode":94042,"cancode":9405,"bvocode":"94042_2","cirname":"8ème circonscription","exp":694,"depcode":94,"cannum":16,"canname":"Charenton-le-Pont","comname":"Joinville-le-Pont","ins":897,"Art":1,"Mel":168,"Rou":17,"Mac":247,"Las":9,"vot":712,"circode":9408,"Lep":55,"Pec":51,"Zem":54,"Hid":11,"Jad":56,"Pou":9,"Dup":16,"top":"Macron","area_error":-0.013795},"geometry":{"type":"Polygon","coordinates":[[[2.488205077590045,48.81147369212104],[2.48548372257673,48.808403876021224],[2.4789012217543815,48.809012943523534],[2.481702337183311,48.813009956547816],[2.48304612096645,48.81284429454],[2.4833381936766683,48.81365670591148],[2.4835032636596543,48.81385511503813],[2.4850811894709812,48.81464488817236],[2.488205077590045,48.81147369212104]]],"rewind":true}},{"type":"Feature","properties":{"depname":"Val-de-Marne","bvonum":"0003","comcode":94042,"cancode":9405,"bvocode":"94042_3","cirname":"8ème circonscription","exp":743,"depcode":94,"cannum":16,"canname":"Charenton-le-Pont","comname":"Joinville-le-Pont","ins":917,"Art":3,"Mel":197,"Rou":16,"Mac":214,"Las":14,"vot":755,"circode":9408,"Lep":89,"Pec":46,"Zem":102,"Hid":9,"Jad":35,"Pou":8,"Dup":10,"top":"Macron","area_error":-0.023517},"geometry":{"type":"Polygon","coordinates":[[[2.4837726783957126,48.80174792730345],[2.4831106971269614,48.80022109542154],[2.4809048358205517,48.798997242468516],[2.4810722293985528,48.79917117890545],[2.48046571573792,48.799577378047545],[2.4789930750364633,48.80069432345081],[2.47818608401507,48.80073737468134],[2.478058324437828,48.80115731628016],[2.47786420920348,48.80145943720258],[2.4761599022688556,48.8030606932306],[2.474234315518141,48.80451714412075],[2.477136162766287,48.806957968624836],[2.4837726783957126,48.80174792730345]]],"rewind":true}},{"type":"Feature","properties":{"depname":"Val-de-Marne","bvonum":"0004","comcode":94042,"cancode":9405,"bvocode":"94042_4","cirname":"8ème circonscription","exp":863,"depcode":94,"cannum":16,"canname":"Charenton-le-Pont","comname":"Joinville-le-Pont","ins":1080,"Art":1,"Mel":180,"Rou":15,"Mac":315,"Las":19,"vot":882,"circode":9408,"Lep":77,"Pec":66,"Zem":64,"Hid":13,"Jad":100,"Pou":5,"Dup":8,"top":"Macron","area_error":-0.010108},"geometry":{"type":"Polygon","coordinates":[[[2.4831106971269614,48.80022109542154],[2.4837726783957126,48.80174792730345],[2.486616369540317,48.803207432724314],[2.4904547777680044,48.79767155946824],[2.4903903392566824,48.79757092331214],[2.49021871963241,48.79730549704202],[2.4900930632210923,48.79712723253323],[2.4899869304767064,48.79697596952637],[2.4898946068462626,48.79683764289415],[2.48980432777112,48.79669545809595],[2.4896618780672437,48.79647966479],[2.4890568004713787,48.79575808838285],[2.4884736730722055,48.795142647261],[2.4882820492271036,48.795127313383055],[2.4877714622580065,48.79500261935618],[2.487592462659488,48.7948817018917],[2.487501107710292,48.79471388601048],[2.4873121039659285,48.79445071206394],[2.4863529345026754,48.79313804733722],[2.486191659031413,48.7929199121467],[2.4831106971269614,48.80022109542154]]],"rewind":true}},{"type":"Feature","properties":{"depname":"Val-de-Marne","bvonum":"0005","comcode":94042,"cancode":9405,"bvocode":"94042_5","cirname":"8ème circonscription","exp":858,"depcode":94,"cannum":16,"canname":"Charenton-le-Pont","comname":"Joinville-le-Pont","ins":1149,"Art":7,"Mel":314,"Rou":6,"Mac":224,"Las":18,"vot":877,"circode":9408,"Lep":100,"Pec":46,"Zem":59,"Hid":14,"Jad":44,"Pou":5,"Dup":21,"top":"Mélenchon","area_error":-0.003621},"geometry":{"type":"Polygon","coordinates":[[[2.4831106971269614,48.80022109542154],[2.486191659031413,48.7929199121467],[2.48617605841149,48.79289924490696],[2.4857997567009362,48.79292863607943],[2.4852989042806772,48.79297365962399],[2.485033898095817,48.79306253483026],[2.484769560337938,48.7928918730424],[2.48490275333884,48.79198837588576],[2.48491268819973,48.791834939203376],[2.4843099891180733,48.79111496317019],[2.4841111577486017,48.79079184258896],[2.483974155152481,48.79054472890515],[2.483879171900829,48.79038305995145],[2.483801624780779,48.790276034177715],[2.4837264922333193,48.79019902417684],[2.48366261342149,48.79013490584192],[2.483583184183837,48.790055296687086],[2.48353529192015,48.790007362719926],[2.478122237249787,48.79489245137692],[2.4782816115875272,48.795191585081824],[2.478569080993387,48.79606684671325],[2.4809048358205517,48.798997242468516],[2.4831106971269614,48.80022109542154]]],"rewind":true}},{"type":"Feature","properties":{"depname":"Val-de-Marne","bvonum":"0006","comcode":94042,"cancode":9405,"bvocode":"94042_6","cirname":"8ème circonscription","exp":761,"depcode":94,"cannum":16,"canname":"Charenton-le-Pont","comname":"Joinville-le-Pont","ins":1044,"Art":7,"Mel":313,"Rou":18,"Mac":198,"Las":9,"vot":778,"circode":9408,"Lep":81,"Pec":30,"Zem":39,"Hid":9,"Jad":35,"Pou":6,"Dup":16,"top":"Mélenchon","area_error":0.017546},"geometry":{"type":"Polygon","coordinates":[[[2.48353529192015,48.790007362719926],[2.4835157472869223,48.7899878160779],[2.483436283635011,48.78990843787503],[2.4834345229274217,48.789906680808414],[2.4829375627908172,48.78958179219386],[2.482681562037368,48.7893112931617],[2.482574452690607,48.789098226243475],[2.4825297609613277,48.7890085449433],[2.4824687680046527,48.78878130116173],[2.4825291443025423,48.788317862499476],[2.4822529735442838,48.78837328672998],[2.482101191973915,48.7884920731336],[2.481862673426678,48.78883163045546],[2.4817854018111567,48.78919226241531],[2.48184760310311,48.789438765444935],[2.481981660016274,48.78972013821092],[2.481926450898241,48.7900195224837],[2.481696135293083,48.79025612524947],[2.4809856445996856,48.7908232010199],[2.477808042661444,48.7890025144182],[2.477153389981251,48.7889436164653],[2.474161468860445,48.790402886004934],[2.4734718858191327,48.790724217548174],[2.4726990573254093,48.79121602101697],[2.47153044962385,48.7918898279803],[2.470258324761419,48.79267361849307],[2.4682297239959774,48.7943911556146],[2.468902307372016,48.79504281398977],[2.469455674082258,48.794557810705],[2.4699119307648956,48.7942074031138],[2.4703752249858177,48.79394751468377],[2.4705390407864285,48.7940673770602],[2.4719878784286484,48.7932326349487],[2.4724441387459555,48.79384612085614],[2.47260293661963,48.79401225594657],[2.4749290113898748,48.792490268037675],[2.476348429981094,48.793354343637915],[2.4768810477999135,48.793727264504554],[2.4772142559379957,48.79399545532655],[2.478122237249787,48.79489245137692],[2.48353529192015,48.790007362719926]]],"rewind":true}},{"type":"Feature","properties":{"depname":"Val-de-Marne","bvonum":"0007","comcode":94042,"cancode":9405,"bvocode":"94042_7","cirname":"8ème circonscription","exp":961,"depcode":94,"cannum":16,"canname":"Charenton-le-Pont","comname":"Joinville-le-Pont","ins":1193,"Art":1,"Mel":187,"Rou":12,"Mac":355,"Las":18,"vot":974,"circode":9408,"Lep":99,"Pec":49,"Zem":129,"Hid":12,"Jad":75,"Pou":6,"Dup":18,"top":"Macron","area_error":-0.010385},"geometry":{"type":"Polygon","coordinates":[[[2.4994104113765423,48.81032620923907],[2.488205077590045,48.81147369212104],[2.4850811894709812,48.81464488817236],[2.48520716674156,48.81469389378924],[2.4861998299492942,48.81496225904748],[2.487235369727883,48.815645005689525],[2.4903531265520558,48.814045189792964],[2.490631198839239,48.81408157255417],[2.4909243236206975,48.81411900906369],[2.4916458931323087,48.81421465028698],[2.493249153788079,48.81421887835554],[2.494127508595862,48.81417993231458],[2.498093048621469,48.81346424697725],[2.5006933484903944,48.811354563850735],[2.5005634303078685,48.81124136812733],[2.501688843932769,48.81091246584854],[2.5016406696171534,48.81044615917455],[2.501547427819962,48.80985271896613],[2.502146371013578,48.80967715041913],[2.4994104113765423,48.81032620923907]]],"rewind":true}},{"type":"Feature","properties":{"depname":"Val-de-Marne","bvonum":"0008","comcode":94042,"cancode":9405,"bvocode":"94042_8","cirname":"8ème circonscription","exp":845,"depcode":94,"cannum":16,"canname":"Charenton-le-Pont","comname":"Joinville-le-Pont","ins":1053,"Art":3,"Mel":169,"Rou":25,"Mac":364,"Las":20,"vot":856,"circode":9408,"Lep":55,"Pec":47,"Zem":77,"Hid":12,"Jad":61,"Pou":3,"Dup":9,"top":"Macron","area_error":0.075472},"geometry":{"type":"Polygon","coordinates":[[[2.48548372257673,48.808403876021224],[2.488205077590045,48.81147369212104],[2.4994104113765423,48.81032620923907],[2.4887786956952116,48.80564741653046],[2.487886928562653,48.80550333128945],[2.48548372257673,48.808403876021224]]],"rewind":true}},{"type":"Feature","properties":{"depname":"Val-de-Marne","bvonum":"0009","comcode":94042,"cancode":9405,"bvocode":"94042_9","cirname":"8ème circonscription","exp":841,"depcode":94,"cannum":16,"canname":"Charenton-le-Pont","comname":"Joinville-le-Pont","ins":1084,"Art":2,"Mel":183,"Rou":15,"Mac":316,"Las":13,"vot":848,"circode":9408,"Lep":83,"Pec":44,"Zem":72,"Hid":12,"Jad":73,"Pou":15,"Dup":13,"top":"Macron","area_error":-0.019017},"geometry":{"type":"Polygon","coordinates":[[[2.4912446080338744,48.804679317136866],[2.4887786956952116,48.80564741653046],[2.4994104113765423,48.81032620923907],[2.502146371013578,48.80967715041913],[2.5025017875921334,48.80957304588918],[2.5017706491666,48.809013193073646],[2.501662659871415,48.8089541835684],[2.5023419744865847,48.80800098125334],[2.5029642355063633,48.80713832925416],[2.503075289733733,48.807000659791235],[2.5031652786615215,48.806883433726945],[2.503175743352128,48.80676180291243],[2.503158568890913,48.80667984040263],[2.5031458930560975,48.8065881595097],[2.5031444974016686,48.80657343081429],[2.4912446080338744,48.804679317136866]]],"rewind":true}},{"type":"Feature","properties":{"depname":"Val-de-Marne","bvonum":"0001","comcode":94043,"cancode":9412,"bvocode":"94043_1","cirname":"10ème circonscription","exp":615,"depcode":94,"cannum":15,"canname":"Le Kremlin-Bicêtre","comname":"Le Kremlin-Bicêtre","ins":829,"Art":4,"Mel":244,"Rou":9,"Mac":163,"Las":7,"vot":627,"circode":9410,"Lep":67,"Pec":18,"Zem":42,"Hid":7,"Jad":34,"Pou":9,"Dup":11,"top":"Mélenchon","area_error":0.01948},"geometry":{"type":"Polygon","coordinates":[[[2.344371528581465,48.806346253264486],[2.3444554086824008,48.8063936937777],[2.3457982217440083,48.8072494253848],[2.347652775158523,48.80886960306442],[2.3482336420420826,48.809515094879636],[2.348843788420286,48.81044788582783],[2.349245064060494,48.81115379169268],[2.3495987083208845,48.81217283928423],[2.3515841987830246,48.81117059906522],[2.3517752181966727,48.8085126657287],[2.3496158123108515,48.804076548648844],[2.34847282243239,48.80345109210418],[2.344883842717946,48.8058944915155],[2.344371528581465,48.806346253264486]]],"rewind":true}},{"type":"Feature","properties":{"depname":"Val-de-Marne","bvonum":"0010","comcode":94043,"cancode":9412,"bvocode":"94043_10","cirname":"10ème circonscription","exp":664,"depcode":94,"cannum":15,"canname":"Le Kremlin-Bicêtre","comname":"Le Kremlin-Bicêtre","ins":960,"Art":2,"Mel":238,"Rou":8,"Mac":210,"Las":10,"vot":676,"circode":9410,"Lep":62,"Pec":30,"Zem":34,"Hid":13,"Jad":44,"Pou":7,"Dup":6,"top":"Mélenchon","area_error":0.015701},"geometry":{"type":"Polygon","coordinates":[[[2.354638690720969,48.796450179478114],[2.3548460473974573,48.79900396713674],[2.361067574427309,48.80342552111086],[2.36273604636866,48.7969925306645],[2.362547480404408,48.79693424415352],[2.3613193332710054,48.79673848252764],[2.360713539986011,48.79654586254324],[2.3606903338181042,48.79673797319219],[2.3600602807946762,48.796551108943],[2.358881287613206,48.79583922705873],[2.3578596749151557,48.79684452440592],[2.3559426648414425,48.7959056699549],[2.3555763167473485,48.795804033681286],[2.3553367958173563,48.79574037195996],[2.3551176956846636,48.7956178035007],[2.354638690720969,48.796450179478114]]],"rewind":true}},{"type":"Feature","properties":{"depname":"Val-de-Marne","bvonum":"0011","comcode":94043,"cancode":9412,"bvocode":"94043_11","cirname":"10ème circonscription","exp":500,"depcode":94,"cannum":15,"canname":"Le Kremlin-Bicêtre","comname":"Le Kremlin-Bicêtre","ins":771,"Art":0,"Mel":215,"Rou":15,"Mac":106,"Las":7,"vot":508,"circode":9410,"Lep":71,"Pec":21,"Zem":30,"Hid":10,"Jad":19,"Pou":2,"Dup":4,"top":"Mélenchon","area_error":0.0084},"geometry":{"type":"Polygon","coordinates":[[[2.349213342817854,48.798185219049266],[2.354638690720969,48.796450179478114],[2.3551176956846636,48.7956178035007],[2.354913391654879,48.79549421914854],[2.3543957930993855,48.79523784996361],[2.35329091339975,48.7946917249548],[2.353714101817217,48.79401096157995],[2.35381720232128,48.793766263025255],[2.3540621229318424,48.792819614994045],[2.354263602173283,48.79178669327059],[2.3542844699923657,48.79148409801866],[2.354425009646275,48.791391135036314],[2.3553232667056156,48.79016095599057],[2.355381266606624,48.79006167629385],[2.35492930950798,48.790048672315535],[2.347896390396389,48.79517948247962],[2.3475979203834636,48.796322661609416],[2.349213342817854,48.798185219049266]]],"rewind":true}},{"type":"Feature","properties":{"depname":"Val-de-Marne","bvonum":"0012","comcode":94043,"cancode":9412,"bvocode":"94043_12","cirname":"10ème circonscription","exp":548,"depcode":94,"cannum":15,"canname":"Le Kremlin-Bicêtre","comname":"Le Kremlin-Bicêtre","ins":812,"Art":3,"Mel":245,"Rou":16,"Mac":120,"Las":10,"vot":561,"circode":9410,"Lep":67,"Pec":22,"Zem":37,"Hid":3,"Jad":19,"Pou":2,"Dup":4,"top":"Mélenchon","area_error":0.001572},"geometry":{"type":"Polygon","coordinates":[[[2.344883842717946,48.8058944915155],[2.345604388698236,48.7974727204496],[2.339719645963601,48.79749038628768],[2.339647647884539,48.7975389444026],[2.340007884131949,48.79850434609652],[2.3421894287081693,48.8026194594703],[2.342597868290166,48.80367319465375],[2.3428867667156137,48.80440644203524],[2.343374108344212,48.8053199995759],[2.343790062950983,48.80591420947706],[2.344371528581465,48.806346253264486],[2.344883842717946,48.8058944915155]]],"rewind":true}},{"type":"Feature","properties":{"depname":"Val-de-Marne","bvonum":"0013","comcode":94043,"cancode":9412,"bvocode":"94043_13","cirname":"10ème circonscription","exp":491,"depcode":94,"cannum":15,"canname":"Le Kremlin-Bicêtre","comname":"Le Kremlin-Bicêtre","ins":715,"Art":1,"Mel":237,"Rou":8,"Mac":98,"Las":7,"vot":502,"circode":9410,"Lep":52,"Pec":9,"Zem":27,"Hid":6,"Jad":36,"Pou":3,"Dup":7,"top":"Mélenchon","area_error":-0.003892},"geometry":{"type":"Polygon","coordinates":[[[2.345604388698236,48.7974727204496],[2.344883842717946,48.8058944915155],[2.34847282243239,48.80345109210418],[2.349213342817854,48.798185219049266],[2.3475979203834636,48.796322661609416],[2.345604388698236,48.7974727204496]]],"rewind":true}},{"type":"Feature","properties":{"depname":"Val-de-Marne","bvonum":"0014","comcode":94043,"cancode":9412,"bvocode":"94043_14","cirname":"10ème circonscription","exp":633,"depcode":94,"cannum":15,"canname":"Le Kremlin-Bicêtre","comname":"Le Kremlin-Bicêtre","ins":957,"Art":4,"Mel":305,"Rou":17,"Mac":126,"Las":12,"vot":648,"circode":9410,"Lep":64,"Pec":15,"Zem":43,"Hid":11,"Jad":22,"Pou":5,"Dup":9,"top":"Mélenchon","area_error":-0.026809},"geometry":{"type":"Polygon","coordinates":[[[2.3475979203834636,48.796322661609416],[2.347896390396389,48.79517948247962],[2.345286409161447,48.7892324765512],[2.339719645963601,48.79749038628768],[2.345604388698236,48.7974727204496],[2.3475979203834636,48.796322661609416]]],"rewind":true}},{"type":"Feature","properties":{"depname":"Val-de-Marne","bvonum":"0015","comcode":94043,"cancode":9412,"bvocode":"94043_15","cirname":"10ème circonscription","exp":501,"depcode":94,"cannum":15,"canname":"Le Kremlin-Bicêtre","comname":"Le Kremlin-Bicêtre","ins":758,"Art":4,"Mel":172,"Rou":8,"Mac":127,"Las":10,"vot":509,"circode":9410,"Lep":88,"Pec":15,"Zem":30,"Hid":12,"Jad":21,"Pou":7,"Dup":7,"top":"Mélenchon","area_error":-0.004068},"geometry":{"type":"Polygon","coordinates":[[[2.345286409161447,48.7892324765512],[2.347896390396389,48.79517948247962],[2.35492930950798,48.790048672315535],[2.3538147230782376,48.79019225133686],[2.3519093003078044,48.7907622960976],[2.351375177096801,48.78993713617028],[2.3502211312493464,48.78997803401848],[2.3494778388561985,48.78920427213089],[2.3486050481574092,48.78815831683885],[2.3473834543297185,48.789627540076125],[2.346908548131616,48.78925338840987],[2.3455566857128645,48.7878452516371],[2.345286409161447,48.7892324765512]]],"rewind":true}},{"type":"Feature","properties":{"depname":"Val-de-Marne","bvonum":"0016","comcode":94043,"cancode":9412,"bvocode":"94043_16","cirname":"10ème circonscription","exp":600,"depcode":94,"cannum":15,"canname":"Le Kremlin-Bicêtre","comname":"Le Kremlin-Bicêtre","ins":886,"Art":2,"Mel":255,"Rou":22,"Mac":151,"Las":11,"vot":610,"circode":9410,"Lep":66,"Pec":21,"Zem":28,"Hid":8,"Jad":24,"Pou":3,"Dup":9,"top":"Mélenchon","area_error":0.012258},"geometry":{"type":"Polygon","coordinates":[[[2.339719645963601,48.79749038628768],[2.345286409161447,48.7892324765512],[2.3455566857128645,48.7878452516371],[2.3453358702737077,48.7875598973253],[2.3456726671937775,48.78691288599713],[2.3453917361431547,48.786609853184316],[2.3445413718944934,48.7860099379165],[2.3440430674274424,48.78587959827905],[2.3433030134256274,48.78696161012694],[2.343007651253326,48.78727412894],[2.3430027461464635,48.78742109192672],[2.341686200594983,48.78880400932586],[2.3417323124670975,48.789038008127456],[2.339266462498173,48.791701680686145],[2.338995859136605,48.79198448132077],[2.33880633575651,48.793046118340065],[2.3387684182817066,48.79343926957792],[2.338775467754494,48.794171493173586],[2.3389407900245733,48.7951596210085],[2.339647647884539,48.7975389444026],[2.339719645963601,48.79749038628768]]],"rewind":true}},{"type":"Feature","properties":{"depname":"Val-de-Marne","bvonum":"0002","comcode":94043,"cancode":9412,"bvocode":"94043_2","cirname":"10ème circonscription","exp":715,"depcode":94,"cannum":15,"canname":"Le Kremlin-Bicêtre","comname":"Le Kremlin-Bicêtre","ins":1026,"Art":4,"Mel":300,"Rou":19,"Mac":181,"Las":10,"vot":734,"circode":9410,"Lep":58,"Pec":25,"Zem":36,"Hid":16,"Jad":54,"Pou":2,"Dup":10,"top":"Mélenchon","area_error":0.010488},"geometry":{"type":"Polygon","coordinates":[[[2.3572484555415447,48.81560727882137],[2.3515841987830246,48.81117059906522],[2.3495987083208845,48.81217283928423],[2.3502211257984724,48.81387479764436],[2.350653954161779,48.81527199714646],[2.351596302683309,48.818140107127824],[2.351509073893339,48.81866903951558],[2.351652607843457,48.8192703730268],[2.356587616353559,48.819307255705255],[2.3572484555415447,48.81560727882137]]],"rewind":true}},{"type":"Feature","properties":{"depname":"Val-de-Marne","bvonum":"0003","comcode":94043,"cancode":9412,"bvocode":"94043_3","cirname":"10ème circonscription","exp":720,"depcode":94,"cannum":15,"canname":"Le Kremlin-Bicêtre","comname":"Le Kremlin-Bicêtre","ins":999,"Art":2,"Mel":276,"Rou":14,"Mac":206,"Las":12,"vot":735,"circode":9410,"Lep":61,"Pec":36,"Zem":42,"Hid":7,"Jad":41,"Pou":8,"Dup":15,"top":"Mélenchon","area_error":-0.030167},"geometry":{"type":"Polygon","coordinates":[[[2.3515841987830246,48.81117059906522],[2.3572484555415447,48.81560727882137],[2.3597599489100127,48.81186255395833],[2.358102519769519,48.8088309596753],[2.3517752181966727,48.8085126657287],[2.3515841987830246,48.81117059906522]]],"rewind":true}},{"type":"Feature","properties":{"depname":"Val-de-Marne","bvonum":"0004","comcode":94043,"cancode":9412,"bvocode":"94043_4","cirname":"10ème circonscription","exp":701,"depcode":94,"cannum":15,"canname":"Le Kremlin-Bicêtre","comname":"Le Kremlin-Bicêtre","ins":1012,"Art":3,"Mel":337,"Rou":8,"Mac":179,"Las":5,"vot":713,"circode":9410,"Lep":35,"Pec":19,"Zem":46,"Hid":15,"Jad":41,"Pou":2,"Dup":11,"top":"Mélenchon","area_error":0.002255},"geometry":{"type":"Polygon","coordinates":[[[2.3597599489100127,48.81186255395833],[2.3572484555415447,48.81560727882137],[2.356587616353559,48.819307255705255],[2.3617875362642766,48.81870813036567],[2.3624318555250987,48.81758797698994],[2.3628508671363875,48.816870118668945],[2.3626873312265873,48.81684583903819],[2.3627749768209028,48.81642937194596],[2.362778437211397,48.81611202854455],[2.363138324550621,48.81526105094335],[2.363777177746114,48.8138720743005],[2.3636346322668835,48.813837900864776],[2.36437926739858,48.81190463160587],[2.3597599489100127,48.81186255395833]]],"rewind":true}},{"type":"Feature","properties":{"depname":"Val-de-Marne","bvonum":"0005","comcode":94043,"cancode":9412,"bvocode":"94043_5","cirname":"10ème circonscription","exp":582,"depcode":94,"cannum":15,"canname":"Le Kremlin-Bicêtre","comname":"Le Kremlin-Bicêtre","ins":807,"Art":5,"Mel":199,"Rou":23,"Mac":179,"Las":4,"vot":592,"circode":9410,"Lep":48,"Pec":25,"Zem":31,"Hid":15,"Jad":38,"Pou":0,"Dup":15,"top":"Mélenchon","area_error":0.002723},"geometry":{"type":"Polygon","coordinates":[[[2.3517752181966727,48.8085126657287],[2.358102519769519,48.8088309596753],[2.3579028392746357,48.807588732353516],[2.3533811286874444,48.80278982910875],[2.3496158123108515,48.804076548648844],[2.3517752181966727,48.8085126657287]]],"rewind":true}},{"type":"Feature","properties":{"depname":"Val-de-Marne","bvonum":"0006","comcode":94043,"cancode":9412,"bvocode":"94043_6","cirname":"10ème circonscription","exp":750,"depcode":94,"cannum":15,"canname":"Le Kremlin-Bicêtre","comname":"Le Kremlin-Bicêtre","ins":1003,"Art":2,"Mel":252,"Rou":17,"Mac":243,"Las":12,"vot":757,"circode":9410,"Lep":56,"Pec":37,"Zem":59,"Hid":9,"Jad":47,"Pou":6,"Dup":10,"top":"Mélenchon","area_error":-0.001991},"geometry":{"type":"Polygon","coordinates":[[[2.3597599489100127,48.81186255395833],[2.36437926739858,48.81190463160587],[2.365589828792737,48.80812138457328],[2.3638119891399465,48.807210858687576],[2.3641061388128155,48.806643823315554],[2.364567510016973,48.8057738384719],[2.36170929049256,48.80502301361812],[2.3579028392746357,48.807588732353516],[2.358102519769519,48.8088309596753],[2.3597599489100127,48.81186255395833]]],"rewind":true}},{"type":"Feature","properties":{"depname":"Val-de-Marne","bvonum":"0007","comcode":94043,"cancode":9412,"bvocode":"94043_7","cirname":"10ème circonscription","exp":780,"depcode":94,"cannum":15,"canname":"Le Kremlin-Bicêtre","comname":"Le Kremlin-Bicêtre","ins":1027,"Art":3,"Mel":278,"Rou":33,"Mac":251,"Las":11,"vot":791,"circode":9410,"Lep":68,"Pec":32,"Zem":35,"Hid":18,"Jad":36,"Pou":8,"Dup":7,"top":"Mélenchon","area_error":-0.034813},"geometry":{"type":"Polygon","coordinates":[[[2.361067574427309,48.80342552111086],[2.36170929049256,48.80502301361812],[2.364567510016973,48.8057738384719],[2.365433474556093,48.80275682976547],[2.3653176183706983,48.80267518107152],[2.368403904453163,48.8000904583378],[2.368683593386882,48.7989514265008],[2.367538001673938,48.79866348969075],[2.367447266145915,48.79856143367476],[2.3648909959725892,48.7977074734437],[2.364058059091776,48.79743815854578],[2.3631616764021763,48.79712303585754],[2.36273604636866,48.7969925306645],[2.361067574427309,48.80342552111086]]],"rewind":true}},{"type":"Feature","properties":{"depname":"Val-de-Marne","bvonum":"0008","comcode":94043,"cancode":9412,"bvocode":"94043_8","cirname":"10ème circonscription","exp":721,"depcode":94,"cannum":15,"canname":"Le Kremlin-Bicêtre","comname":"Le Kremlin-Bicêtre","ins":977,"Art":1,"Mel":245,"Rou":18,"Mac":251,"Las":6,"vot":734,"circode":9410,"Lep":60,"Pec":26,"Zem":36,"Hid":16,"Jad":55,"Pou":6,"Dup":1,"top":"Macron","area_error":-0.023303},"geometry":{"type":"Polygon","coordinates":[[[2.3533811286874444,48.80278982910875],[2.3579028392746357,48.807588732353516],[2.36170929049256,48.80502301361812],[2.361067574427309,48.80342552111086],[2.3548460473974573,48.79900396713674],[2.3533811286874444,48.80278982910875]]],"rewind":true}},{"type":"Feature","properties":{"depname":"Val-de-Marne","bvonum":"0009","comcode":94043,"cancode":9412,"bvocode":"94043_9","cirname":"10ème circonscription","exp":626,"depcode":94,"cannum":15,"canname":"Le Kremlin-Bicêtre","comname":"Le Kremlin-Bicêtre","ins":875,"Art":3,"Mel":261,"Rou":23,"Mac":138,"Las":13,"vot":639,"circode":9410,"Lep":60,"Pec":29,"Zem":35,"Hid":7,"Jad":38,"Pou":5,"Dup":14,"top":"Mélenchon","area_error":0.001679},"geometry":{"type":"Polygon","coordinates":[[[2.34847282243239,48.80345109210418],[2.3496158123108515,48.804076548648844],[2.3533811286874444,48.80278982910875],[2.3548460473974573,48.79900396713674],[2.354638690720969,48.796450179478114],[2.349213342817854,48.798185219049266],[2.34847282243239,48.80345109210418]]],"rewind":true}},{"type":"Feature","properties":{"depname":"Val-de-Marne","bvonum":"0001","comcode":94044,"cancode":9421,"bvocode":"94044_1","cirname":"3ème circonscription","exp":695,"depcode":94,"cannum":6,"canname":"Villeneuve-Saint-Georges","comname":"Limeil-Brévannes","ins":968,"Art":5,"Mel":258,"Rou":20,"Mac":167,"Las":11,"vot":711,"circode":9403,"Lep":110,"Pec":31,"Zem":46,"Hid":7,"Jad":19,"Pou":4,"Dup":17,"top":"Mélenchon","area_error":0.174287},"geometry":{"type":"Polygon","coordinates":[[[2.499236368173389,48.7372079942944],[2.502716268878297,48.7375703719845],[2.5075997847909246,48.73583770742197],[2.507997296425209,48.73373927380707],[2.4927168434702853,48.733166250479],[2.492699925592961,48.733200999607426],[2.4925551899073457,48.73331744322009],[2.4923282078190483,48.7333297906909],[2.492312867138634,48.73333059399256],[2.499236368173389,48.7372079942944]]],"rewind":true}},{"type":"Feature","properties":{"depname":"Val-de-Marne","bvonum":"0010","comcode":94044,"cancode":9421,"bvocode":"94044_10","cirname":"3ème circonscription","exp":775,"depcode":94,"cannum":6,"canname":"Villeneuve-Saint-Georges","comname":"Limeil-Brévannes","ins":1079,"Art":8,"Mel":295,"Rou":18,"Mac":174,"Las":10,"vot":793,"circode":9403,"Lep":149,"Pec":26,"Zem":43,"Hid":7,"Jad":30,"Pou":4,"Dup":11,"top":"Mélenchon","area_error":0.000476},"geometry":{"type":"Polygon","coordinates":[[[2.507997296425209,48.73373927380707],[2.5075997847909246,48.73583770742197],[2.5115017115430947,48.73617858385958],[2.516129768840576,48.73561123830776],[2.5210955957377776,48.7336765068219],[2.5163203647201335,48.73166601846107],[2.5095507697883317,48.73239971621927],[2.507997296425209,48.73373927380707]]],"rewind":true}},{"type":"Feature","properties":{"depname":"Val-de-Marne","bvonum":"0011","comcode":94044,"cancode":9421,"bvocode":"94044_11","cirname":"3ème circonscription","exp":715,"depcode":94,"cannum":6,"canname":"Villeneuve-Saint-Georges","comname":"Limeil-Brévannes","ins":954,"Art":2,"Mel":289,"Rou":17,"Mac":152,"Las":10,"vot":728,"circode":9403,"Lep":142,"Pec":25,"Zem":34,"Hid":8,"Jad":12,"Pou":4,"Dup":20,"top":"Mélenchon","area_error":0.087072},"geometry":{"type":"Polygon","coordinates":[[[2.5163776934577466,48.73146337200077],[2.52161918905949,48.73117941034643],[2.519774401291931,48.73012936638004],[2.5023269597973563,48.726435567760355],[2.502527949019514,48.72728657904449],[2.502848974373554,48.72773607255727],[2.5024682181558,48.72785603844454],[2.4992811491961846,48.72793089626083],[2.4986942613052445,48.72804350259177],[2.4985853699002045,48.72806436339935],[2.5163776934577466,48.73146337200077]]],"rewind":true}},{"type":"Feature","properties":{"depname":"Val-de-Marne","bvonum":"0012","comcode":94044,"cancode":9421,"bvocode":"94044_12","cirname":"3ème circonscription","exp":633,"depcode":94,"cannum":6,"canname":"Villeneuve-Saint-Georges","comname":"Limeil-Brévannes","ins":887,"Art":3,"Mel":242,"Rou":11,"Mac":146,"Las":12,"vot":645,"circode":9403,"Lep":87,"Pec":50,"Zem":37,"Hid":7,"Jad":20,"Pou":2,"Dup":16,"top":"Mélenchon","area_error":0.011499},"geometry":{"type":"Polygon","coordinates":[[[2.5122902020031814,48.7393414616619],[2.51863393415096,48.740605584974944],[2.520103669679129,48.73948070818633],[2.5204477172552986,48.73924497878201],[2.521353330452248,48.73871582956347],[2.522389642869575,48.738206590416084],[2.516129768840576,48.73561123830776],[2.5115017115430947,48.73617858385958],[2.5122902020031814,48.7393414616619]]],"rewind":true}},{"type":"Feature","properties":{"depname":"Val-de-Marne","bvonum":"0013","comcode":94044,"cancode":9421,"bvocode":"94044_13","cirname":"3ème circonscription","exp":893,"depcode":94,"cannum":6,"canname":"Villeneuve-Saint-Georges","comname":"Limeil-Brévannes","ins":1272,"Art":8,"Mel":462,"Rou":13,"Mac":167,"Las":9,"vot":916,"circode":9403,"Lep":124,"Pec":27,"Zem":40,"Hid":7,"Jad":18,"Pou":10,"Dup":8,"top":"Mélenchon","area_error":-0.1378},"geometry":{"type":"Polygon","coordinates":[[[2.499236368173389,48.7372079942944],[2.492312867138634,48.73333059399256],[2.49221770526706,48.73333494585382],[2.4920560262757085,48.73360880609106],[2.4919342791974284,48.733780107788746],[2.49177807133008,48.734093260314886],[2.4913965323187743,48.7341309776451],[2.4910281582069955,48.734603378395825],[2.490555124644807,48.73529508175781],[2.490163558702138,48.7352182571964],[2.489231095750088,48.735053866502874],[2.4885582858922675,48.734877566660934],[2.4866714807807235,48.734482636533464],[2.4846441405427337,48.73449000395962],[2.48451762171847,48.7361412365188],[2.48458759288224,48.73682032478657],[2.485128559404698,48.73813023070254],[2.4852396615644263,48.73830480399087],[2.499236368173389,48.7372079942944]]],"rewind":true}},{"type":"Feature","properties":{"depname":"Val-de-Marne","bvonum":"0002","comcode":94044,"cancode":9421,"bvocode":"94044_2","cirname":"3ème circonscription","exp":797,"depcode":94,"cannum":6,"canname":"Villeneuve-Saint-Georges","comname":"Limeil-Brévannes","ins":1025,"Art":3,"Mel":255,"Rou":17,"Mac":201,"Las":15,"vot":820,"circode":9403,"Lep":133,"Pec":53,"Zem":60,"Hid":6,"Jad":34,"Pou":5,"Dup":15,"top":"Mélenchon","area_error":-0.017428},"geometry":{"type":"Polygon","coordinates":[[[2.503484063397343,48.73975605154493],[2.5037543603859516,48.73964891228714],[2.504479014922492,48.740007383842745],[2.5048827172989947,48.74030838790063],[2.505645133884597,48.74077897452583],[2.506188864561759,48.74105671295714],[2.50729255891871,48.74169923679952],[2.5075244403953585,48.7418176847576],[2.5122902020031814,48.7393414616619],[2.5115017115430947,48.73617858385958],[2.5075997847909246,48.73583770742197],[2.502716268878297,48.7375703719845],[2.503484063397343,48.73975605154493]]],"rewind":true}},{"type":"Feature","properties":{"depname":"Val-de-Marne","bvonum":"0003","comcode":94044,"cancode":9421,"bvocode":"94044_3","cirname":"3ème circonscription","exp":725,"depcode":94,"cannum":6,"canname":"Villeneuve-Saint-Georges","comname":"Limeil-Brévannes","ins":946,"Art":2,"Mel":236,"Rou":12,"Mac":188,"Las":12,"vot":737,"circode":9403,"Lep":107,"Pec":55,"Zem":44,"Hid":14,"Jad":38,"Pou":3,"Dup":14,"top":"Mélenchon","area_error":-0.001836},"geometry":{"type":"Polygon","coordinates":[[[2.5210955957377776,48.7336765068219],[2.516129768840576,48.73561123830776],[2.522389642869575,48.738206590416084],[2.523237172792686,48.7378428624507],[2.5234226972249547,48.73777832240293],[2.523784398456467,48.73765223946666],[2.524048274381522,48.73756236045382],[2.5242995537327273,48.73763657671774],[2.5273407194888247,48.7363013881852],[2.527643279851908,48.736196414683626],[2.528454733920594,48.73549829073418],[2.5291701824626873,48.734956506714866],[2.528675949665914,48.73491948375235],[2.5295286131678014,48.7344048186509],[2.5297977650333148,48.73422711957646],[2.52966823895519,48.7342249181828],[2.529758865604119,48.7341108163415],[2.5210955957377776,48.7336765068219]]],"rewind":true}},{"type":"Feature","properties":{"depname":"Val-de-Marne","bvonum":"0004","comcode":94044,"cancode":9421,"bvocode":"94044_4","cirname":"3ème circonscription","exp":899,"depcode":94,"cannum":6,"canname":"Villeneuve-Saint-Georges","comname":"Limeil-Brévannes","ins":1265,"Art":5,"Mel":452,"Rou":17,"Mac":175,"Las":7,"vot":920,"circode":9403,"Lep":112,"Pec":40,"Zem":37,"Hid":10,"Jad":20,"Pou":7,"Dup":17,"top":"Mélenchon","area_error":-0.141645},"geometry":{"type":"Polygon","coordinates":[[[2.507997296425209,48.73373927380707],[2.5095507697883317,48.73239971621927],[2.496130372333664,48.72976523190715],[2.4955410265069435,48.73000241618639],[2.4945753191977587,48.730344651478916],[2.494434112355689,48.7305377628096],[2.494293488146598,48.73059327784338],[2.493755040548293,48.73063478961676],[2.4933986838824453,48.731008456437465],[2.4932873928358914,48.73120355394533],[2.4932698975236445,48.73124950959952],[2.493124931119766,48.73162204952236],[2.4928785039439263,48.732272344078275],[2.492898172199122,48.7326194686189],[2.492809284061554,48.7327581054387],[2.492768188363919,48.733061590519455],[2.4927168434702853,48.733166250479],[2.507997296425209,48.73373927380707]]],"rewind":true}},{"type":"Feature","properties":{"depname":"Val-de-Marne","bvonum":"0005","comcode":94044,"cancode":9421,"bvocode":"94044_5","cirname":"3ème circonscription","exp":608,"depcode":94,"cannum":6,"canname":"Villeneuve-Saint-Georges","comname":"Limeil-Brévannes","ins":768,"Art":5,"Mel":216,"Rou":15,"Mac":156,"Las":7,"vot":625,"circode":9403,"Lep":80,"Pec":44,"Zem":43,"Hid":11,"Jad":11,"Pou":2,"Dup":18,"top":"Mélenchon","area_error":0.042477},"geometry":{"type":"Polygon","coordinates":[[[2.52161918905949,48.73117941034643],[2.534695234936439,48.7324873975247],[2.53488022809545,48.732453420661884],[2.5349267044281314,48.732444450150965],[2.5362261177514047,48.73242330263947],[2.53778681795564,48.7325185105385],[2.538283269135039,48.732568127972925],[2.539009373738889,48.73266704297716],[2.539234844360996,48.73270488485415],[2.5395534269025046,48.732788808163214],[2.5406137185951163,48.7331332556757],[2.541094081633171,48.732934763644224],[2.5422446407810284,48.73250322204466],[2.5433632955388092,48.7320077403848],[2.54568873848946,48.7312438714155],[2.5461793035294424,48.73105258526014],[2.5454423897024707,48.730963499677344],[2.544457442521356,48.7310805727212],[2.54155519773503,48.73108066071634],[2.536710911455006,48.73116703802932],[2.5363909037592736,48.73091508377067],[2.536923216872458,48.73060340675077],[2.5324678972342034,48.731104964023245],[2.519774401291931,48.73012936638004],[2.52161918905949,48.73117941034643]]],"rewind":true}},{"type":"Feature","properties":{"depname":"Val-de-Marne","bvonum":"0006","comcode":94044,"cancode":9421,"bvocode":"94044_6","cirname":"3ème circonscription","exp":673,"depcode":94,"cannum":6,"canname":"Villeneuve-Saint-Georges","comname":"Limeil-Brévannes","ins":973,"Art":5,"Mel":280,"Rou":20,"Mac":132,"Las":11,"vot":684,"circode":9403,"Lep":129,"Pec":27,"Zem":26,"Hid":3,"Jad":18,"Pou":5,"Dup":17,"top":"Mélenchon","area_error":-0.014669},"geometry":{"type":"Polygon","coordinates":[[[2.5095507697883317,48.73239971621927],[2.5163203647201335,48.73166601846107],[2.5163776934577466,48.73146337200077],[2.4985853699002045,48.72806436339935],[2.4983438422079964,48.728109160634084],[2.4975808683756067,48.72823832126113],[2.49637074428694,48.72831866870058],[2.4959741900286065,48.728334553139234],[2.494567062179799,48.7283833192171],[2.4947348420861375,48.72848937453084],[2.4986893069399367,48.72915927156116],[2.498229549490296,48.72926021482304],[2.497027892956017,48.72946740886844],[2.4962204302718765,48.729730655816624],[2.496130372333664,48.72976523190715],[2.5095507697883317,48.73239971621927]]],"rewind":true}},{"type":"Feature","properties":{"depname":"Val-de-Marne","bvonum":"0007","comcode":94044,"cancode":9421,"bvocode":"94044_7","cirname":"3ème circonscription","exp":615,"depcode":94,"cannum":6,"canname":"Villeneuve-Saint-Georges","comname":"Limeil-Brévannes","ins":847,"Art":2,"Mel":215,"Rou":14,"Mac":152,"Las":9,"vot":630,"circode":9403,"Lep":99,"Pec":38,"Zem":27,"Hid":8,"Jad":33,"Pou":4,"Dup":14,"top":"Mélenchon","area_error":-0.016907},"geometry":{"type":"Polygon","coordinates":[[[2.5163203647201335,48.73166601846107],[2.5210955957377776,48.7336765068219],[2.529758865604119,48.7341108163415],[2.52979070447853,48.734072689927864],[2.529994961092472,48.73388288464298],[2.530331359232288,48.7336179696843],[2.530554490070806,48.733411380985075],[2.531731430213987,48.73353650418605],[2.5327089680593358,48.7330660722736],[2.534101746734465,48.73265629991797],[2.534695234936439,48.7324873975247],[2.52161918905949,48.73117941034643],[2.5163776934577466,48.73146337200077],[2.5163203647201335,48.73166601846107]]],"rewind":true}},{"type":"Feature","properties":{"depname":"Val-de-Marne","bvonum":"0008","comcode":94044,"cancode":9421,"bvocode":"94044_8","cirname":"3ème circonscription","exp":811,"depcode":94,"cannum":6,"canname":"Villeneuve-Saint-Georges","comname":"Limeil-Brévannes","ins":1096,"Art":3,"Mel":278,"Rou":11,"Mac":201,"Las":14,"vot":839,"circode":9403,"Lep":122,"Pec":71,"Zem":48,"Hid":9,"Jad":27,"Pou":6,"Dup":21,"top":"Mélenchon","area_error":0.114816},"geometry":{"type":"Polygon","coordinates":[[[2.502716268878297,48.7375703719845],[2.499236368173389,48.7372079942944],[2.4852396615644263,48.73830480399087],[2.4856393537009276,48.73888202997537],[2.4850774578703634,48.73908598842877],[2.4876015532001485,48.740158955701176],[2.491619513186417,48.740924783155016],[2.4936396379203076,48.7404853044419],[2.4977052042732866,48.739817770897375],[2.50056161093481,48.7406456683898],[2.50191553469406,48.74017508751139],[2.5024605784212426,48.740023007013974],[2.50284673612071,48.7399263068653],[2.503426653942393,48.7397722596568],[2.503484063397343,48.73975605154493],[2.502716268878297,48.7375703719845]]],"rewind":true}},{"type":"Feature","properties":{"depname":"Val-de-Marne","bvonum":"0009","comcode":94044,"cancode":9421,"bvocode":"94044_9","cirname":"3ème circonscription","exp":668,"depcode":94,"cannum":6,"canname":"Villeneuve-Saint-Georges","comname":"Limeil-Brévannes","ins":864,"Art":2,"Mel":165,"Rou":12,"Mac":224,"Las":11,"vot":674,"circode":9403,"Lep":112,"Pec":46,"Zem":57,"Hid":8,"Jad":19,"Pou":3,"Dup":9,"top":"Macron","area_error":-0.008439},"geometry":{"type":"Polygon","coordinates":[[[2.5122902020031814,48.7393414616619],[2.5075244403953585,48.7418176847576],[2.5086831866915564,48.74274228058846],[2.509471821245849,48.74303131317538],[2.5111636134306847,48.74365961104415],[2.511497072620379,48.7437688186104],[2.5124511097849562,48.74401462679467],[2.5134869793523,48.744309289708],[2.514608010721572,48.744495330260975],[2.5149734259633774,48.7441971177111],[2.5153871147026643,48.74375523029677],[2.51582338103622,48.7431965808287],[2.51639325838722,48.7426126318366],[2.5167473514400465,48.7422825950986],[2.517833684342142,48.7413591952624],[2.51863393415096,48.740605584974944],[2.5122902020031814,48.7393414616619]]],"rewind":true}},{"type":"Feature","properties":{"depname":"Val-de-Marne","bvonum":"0001","comcode":94046,"cancode":9413,"bvocode":"94046_1","cirname":"8ème circonscription","exp":785,"depcode":94,"cannum":3,"canname":"Maisons-Alfort","comname":"Maisons-Alfort","ins":986,"Art":7,"Mel":190,"Rou":10,"Mac":288,"Las":15,"vot":794,"circode":9408,"Lep":63,"Pec":59,"Zem":56,"Hid":11,"Jad":68,"Pou":3,"Dup":15,"top":"Macron","area_error":0.000341},"geometry":{"type":"Polygon","coordinates":[[[2.4395585754005675,48.78254114089443],[2.443855304434098,48.7755739966679],[2.4344767432352636,48.776281808463125],[2.434364412801279,48.7765535000512],[2.433824979901641,48.777784032811184],[2.4338145512018343,48.77780663062136],[2.4395585754005675,48.78254114089443]]],"rewind":true}},{"type":"Feature","properties":{"depname":"Val-de-Marne","bvonum":"0010","comcode":94046,"cancode":9413,"bvocode":"94046_10","cirname":"8ème circonscription","exp":810,"depcode":94,"cannum":3,"canname":"Maisons-Alfort","comname":"Maisons-Alfort","ins":1127,"Art":0,"Mel":241,"Rou":24,"Mac":232,"Las":18,"vot":825,"circode":9408,"Lep":92,"Pec":50,"Zem":67,"Hid":9,"Jad":53,"Pou":7,"Dup":17,"top":"Mélenchon","area_error":0.058814},"geometry":{"type":"Polygon","coordinates":[[[2.4449164190913075,48.77484778668807],[2.445901354111596,48.780826680517],[2.453855819916534,48.7788431005407],[2.4498484996576946,48.77338321069797],[2.4458829508824156,48.7730523204252],[2.4449164190913075,48.77484778668807]]],"rewind":true}},{"type":"Feature","properties":{"depname":"Val-de-Marne","bvonum":"0011","comcode":94046,"cancode":9413,"bvocode":"94046_11","cirname":"8ème circonscription","exp":589,"depcode":94,"cannum":3,"canname":"Maisons-Alfort","comname":"Maisons-Alfort","ins":760,"Art":1,"Mel":132,"Rou":15,"Mac":180,"Las":5,"vot":605,"circode":9408,"Lep":94,"Pec":39,"Zem":53,"Hid":15,"Jad":36,"Pou":5,"Dup":14,"top":"Macron","area_error":0.075626},"geometry":{"type":"Polygon","coordinates":[[[2.4551865876144388,48.7841860326155],[2.4607456188465373,48.77948044535025],[2.4606452272357315,48.77938413536944],[2.461060729417359,48.7790773815085],[2.459304507482784,48.7767056052786],[2.45928719896957,48.7766404662993],[2.459015148727547,48.77580619635013],[2.454276244877139,48.77901570685226],[2.45420122966877,48.78364104134844],[2.4551865876144388,48.7841860326155]]],"rewind":true}},{"type":"Feature","properties":{"depname":"Val-de-Marne","bvonum":"0012","comcode":94046,"cancode":9413,"bvocode":"94046_12","cirname":"8ème circonscription","exp":833,"depcode":94,"cannum":3,"canname":"Maisons-Alfort","comname":"Maisons-Alfort","ins":1110,"Art":1,"Mel":153,"Rou":17,"Mac":291,"Las":22,"vot":851,"circode":9408,"Lep":109,"Pec":88,"Zem":60,"Hid":18,"Jad":49,"Pou":8,"Dup":17,"top":"Macron","area_error":-0.064766},"geometry":{"type":"Polygon","coordinates":[[[2.454276244877139,48.77901570685226],[2.459015148727547,48.77580619635013],[2.4587647789561515,48.77519414495217],[2.458634757253237,48.7747674306945],[2.4585267953913026,48.77433769436112],[2.4578410946546354,48.77323893034323],[2.456639767130547,48.7714474172332],[2.4498484996576946,48.77338321069797],[2.453855819916534,48.7788431005407],[2.454276244877139,48.77901570685226]]],"rewind":true}},{"type":"Feature","properties":{"depname":"Val-de-Marne","bvonum":"0013","comcode":94046,"cancode":9413,"bvocode":"94046_13","cirname":"8ème circonscription","exp":631,"depcode":94,"cannum":3,"canname":"Maisons-Alfort","comname":"Maisons-Alfort","ins":842,"Art":3,"Mel":164,"Rou":12,"Mac":154,"Las":25,"vot":644,"circode":9408,"Lep":118,"Pec":29,"Zem":48,"Hid":5,"Jad":44,"Pou":11,"Dup":18,"top":"Mélenchon","area_error":0.050652},"geometry":{"type":"Polygon","coordinates":[[[2.4459203234307574,48.7720729589929],[2.4458829508824156,48.7730523204252],[2.4498484996576946,48.77338321069797],[2.456639767130547,48.7714474172332],[2.45591723104773,48.7705644787484],[2.454355057102055,48.76731183966542],[2.454325664782206,48.7671685027318],[2.4459203234307574,48.7720729589929]]],"rewind":true}},{"type":"Feature","properties":{"depname":"Val-de-Marne","bvonum":"0014","comcode":94046,"cancode":9413,"bvocode":"94046_14","cirname":"8ème circonscription","exp":582,"depcode":94,"cannum":3,"canname":"Maisons-Alfort","comname":"Maisons-Alfort","ins":819,"Art":4,"Mel":167,"Rou":8,"Mac":143,"Las":21,"vot":597,"circode":9408,"Lep":114,"Pec":39,"Zem":40,"Hid":4,"Jad":22,"Pou":6,"Dup":14,"top":"Mélenchon","area_error":-0.031555},"geometry":{"type":"Polygon","coordinates":[[[2.445671590280286,48.7716870880547],[2.4459203234307574,48.7720729589929],[2.454325664782206,48.7671685027318],[2.454172154744585,48.76648513811478],[2.453376372561107,48.765959016965255],[2.4521072018921983,48.76541008225674],[2.4525559608963086,48.76402444169694],[2.4527389985620607,48.76351784857957],[2.45282574418595,48.76332420631454],[2.4479337329957764,48.76629919049574],[2.445671590280286,48.7716870880547]]],"rewind":true}},{"type":"Feature","properties":{"depname":"Val-de-Marne","bvonum":"0015","comcode":94046,"cancode":9413,"bvocode":"94046_15","cirname":"8ème circonscription","exp":628,"depcode":94,"cannum":3,"canname":"Maisons-Alfort","comname":"Maisons-Alfort","ins":830,"Art":4,"Mel":201,"Rou":14,"Mac":179,"Las":14,"vot":640,"circode":9408,"Lep":72,"Pec":36,"Zem":38,"Hid":10,"Jad":44,"Pou":7,"Dup":9,"top":"Mélenchon","area_error":0.003268},"geometry":{"type":"Polygon","coordinates":[[[2.444682270704802,48.771247050964924],[2.440171944366803,48.76476238027567],[2.440156707593188,48.76479962361742],[2.4400822015273085,48.7649910118242],[2.439999133375071,48.7652157101874],[2.4395106446945447,48.7661658017121],[2.437901701212563,48.76916462155135],[2.437337448370018,48.7699783892454],[2.435984379412128,48.77269794791258],[2.444682270704802,48.771247050964924]]],"rewind":true}},{"type":"Feature","properties":{"depname":"Val-de-Marne","bvonum":"0016","comcode":94046,"cancode":9413,"bvocode":"94046_16","cirname":"8ème circonscription","exp":610,"depcode":94,"cannum":3,"canname":"Maisons-Alfort","comname":"Maisons-Alfort","ins":875,"Art":7,"Mel":271,"Rou":14,"Mac":120,"Las":14,"vot":621,"circode":9408,"Lep":81,"Pec":21,"Zem":42,"Hid":2,"Jad":20,"Pou":5,"Dup":13,"top":"Mélenchon","area_error":0.032446},"geometry":{"type":"Polygon","coordinates":[[[2.444682270704802,48.771247050964924],[2.445671590280286,48.7716870880547],[2.4479337329957764,48.76629919049574],[2.44279242709113,48.76311468814227],[2.4405597431243664,48.763984558653235],[2.4403901175761735,48.76431448647504],[2.440171944366803,48.76476238027567],[2.444682270704802,48.771247050964924]]],"rewind":true}},{"type":"Feature","properties":{"depname":"Val-de-Marne","bvonum":"0017","comcode":94046,"cancode":9413,"bvocode":"94046_17","cirname":"8ème circonscription","exp":576,"depcode":94,"cannum":3,"canname":"Maisons-Alfort","comname":"Maisons-Alfort","ins":872,"Art":7,"Mel":279,"Rou":10,"Mac":114,"Las":8,"vot":592,"circode":9408,"Lep":81,"Pec":25,"Zem":18,"Hid":6,"Jad":14,"Pou":5,"Dup":9,"top":"Mélenchon","area_error":0.10356},"geometry":{"type":"Polygon","coordinates":[[[2.44279242709113,48.76311468814227],[2.450878971843754,48.75948232730947],[2.4510703810065753,48.75928484067769],[2.4517990026643552,48.75797880785075],[2.45188283217216,48.757784814897065],[2.4436039964116,48.757261459163786],[2.443299048693864,48.7577982469007],[2.44309699666609,48.758175821423],[2.4415959955815483,48.76150913629368],[2.4405597431243664,48.763984558653235],[2.44279242709113,48.76311468814227]]],"rewind":true}},{"type":"Feature","properties":{"depname":"Val-de-Marne","bvonum":"0018","comcode":94046,"cancode":9413,"bvocode":"94046_18","cirname":"8ème circonscription","exp":725,"depcode":94,"cannum":3,"canname":"Maisons-Alfort","comname":"Maisons-Alfort","ins":949,"Art":3,"Mel":223,"Rou":14,"Mac":215,"Las":20,"vot":737,"circode":9408,"Lep":104,"Pec":47,"Zem":45,"Hid":10,"Jad":26,"Pou":6,"Dup":12,"top":"Mélenchon","area_error":-0.090021},"geometry":{"type":"Polygon","coordinates":[[[2.4479337329957764,48.76629919049574],[2.45282574418595,48.76332420631454],[2.452942078438726,48.76302935772548],[2.453091644146857,48.76282091499162],[2.451561749778491,48.761465098512886],[2.449325516693627,48.7609389924357],[2.450343166816538,48.760074551076784],[2.450878971843754,48.75948232730947],[2.44279242709113,48.76311468814227],[2.4479337329957764,48.76629919049574]]],"rewind":true}},{"type":"Feature","properties":{"depname":"Val-de-Marne","bvonum":"0019","comcode":94046,"cancode":9413,"bvocode":"94046_19","cirname":"8ème circonscription","exp":673,"depcode":94,"cannum":3,"canname":"Maisons-Alfort","comname":"Maisons-Alfort","ins":1011,"Art":12,"Mel":321,"Rou":15,"Mac":108,"Las":8,"vot":690,"circode":9408,"Lep":133,"Pec":25,"Zem":15,"Hid":6,"Jad":16,"Pou":5,"Dup":9,"top":"Mélenchon","area_error":-0.059426},"geometry":{"type":"Polygon","coordinates":[[[2.45188283217216,48.757784814897065],[2.452434688167814,48.7562006927812],[2.4516115441837214,48.75456406511582],[2.4505793333753365,48.75366141565099],[2.4514364854458033,48.751130445799134],[2.448960171661262,48.75101717190251],[2.4476180219649257,48.75253090658415],[2.4448445458017787,48.7553479262616],[2.444765234606191,48.755436778009916],[2.44374649770997,48.75702489031318],[2.4436039964116,48.757261459163786],[2.45188283217216,48.757784814897065]]],"rewind":true}},{"type":"Feature","properties":{"depname":"Val-de-Marne","bvonum":"0002","comcode":94046,"cancode":9413,"bvocode":"94046_2","cirname":"8ème circonscription","exp":852,"depcode":94,"cannum":3,"canname":"Maisons-Alfort","comname":"Maisons-Alfort","ins":1053,"Art":5,"Mel":189,"Rou":28,"Mac":295,"Las":12,"vot":871,"circode":9408,"Lep":87,"Pec":57,"Zem":80,"Hid":19,"Jad":62,"Pou":4,"Dup":14,"top":"Macron","area_error":-0.008977},"geometry":{"type":"Polygon","coordinates":[[[2.443855304434098,48.7755739966679],[2.4449164190913075,48.77484778668807],[2.4458829508824156,48.7730523204252],[2.4459203234307574,48.7720729589929],[2.445671590280286,48.7716870880547],[2.444682270704802,48.771247050964924],[2.435984379412128,48.77269794791258],[2.4356723595350385,48.7733556890431],[2.4356341304983857,48.773450803678756],[2.435323713480786,48.774230533340884],[2.4344767432352636,48.776281808463125],[2.443855304434098,48.7755739966679]]],"rewind":true}},{"type":"Feature","properties":{"depname":"Val-de-Marne","bvonum":"0020","comcode":94046,"cancode":9413,"bvocode":"94046_20","cirname":"8ème circonscription","exp":606,"depcode":94,"cannum":3,"canname":"Maisons-Alfort","comname":"Maisons-Alfort","ins":814,"Art":3,"Mel":177,"Rou":18,"Mac":173,"Las":8,"vot":617,"circode":9408,"Lep":61,"Pec":41,"Zem":42,"Hid":18,"Jad":44,"Pou":6,"Dup":15,"top":"Mélenchon","area_error":-0.110395},"geometry":{"type":"Polygon","coordinates":[[[2.432071485256573,48.79120380873111],[2.429851045094758,48.78967533447097],[2.429646336099588,48.790139947931536],[2.428886479790443,48.79173274016822],[2.42869226472328,48.792018756577384],[2.4284780617650235,48.792208029682335],[2.4279276498722484,48.79286149827301],[2.4268480041026144,48.794125980606246],[2.4254117585835284,48.7952764445519],[2.4246185480875155,48.79597302846946],[2.423963876888671,48.796674413504014],[2.4236976489240853,48.796949390493815],[2.4225549321726545,48.79816081780107],[2.421368180161911,48.79940900205261],[2.420390944869905,48.80037814599094],[2.4183894821620537,48.80163366401382],[2.419214202083331,48.802167580403584],[2.420203296089446,48.8024181168345],[2.432071485256573,48.79120380873111]]],"rewind":true}},{"type":"Feature","properties":{"depname":"Val-de-Marne","bvonum":"0021","comcode":94046,"cancode":9413,"bvocode":"94046_21","cirname":"8ème circonscription","exp":799,"depcode":94,"cannum":3,"canname":"Maisons-Alfort","comname":"Maisons-Alfort","ins":1017,"Art":3,"Mel":182,"Rou":21,"Mac":273,"Las":17,"vot":812,"circode":9408,"Lep":65,"Pec":51,"Zem":89,"Hid":17,"Jad":71,"Pou":2,"Dup":8,"top":"Macron","area_error":0.008646},"geometry":{"type":"Polygon","coordinates":[[[2.434312777833485,48.79491477442799],[2.4340654716781107,48.79321222895736],[2.423516862013505,48.8021421145634],[2.423579903156417,48.802144646100245],[2.42451397586172,48.80222522157863],[2.426300745913834,48.802391319563085],[2.426995454769908,48.802424377448716],[2.4279687253477267,48.80239872470195],[2.42896733178047,48.80235238703894],[2.4297707339914734,48.8022725469435],[2.4307944406436164,48.802052874576724],[2.431109383137432,48.80208224521432],[2.434312777833485,48.79491477442799]]],"rewind":true}},{"type":"Feature","properties":{"depname":"Val-de-Marne","bvonum":"0022","comcode":94046,"cancode":9413,"bvocode":"94046_22","cirname":"8ème circonscription","exp":607,"depcode":94,"cannum":3,"canname":"Maisons-Alfort","comname":"Maisons-Alfort","ins":836,"Art":2,"Mel":174,"Rou":13,"Mac":182,"Las":13,"vot":622,"circode":9408,"Lep":76,"Pec":39,"Zem":60,"Hid":8,"Jad":30,"Pou":1,"Dup":9,"top":"Macron","area_error":-0.004324},"geometry":{"type":"Polygon","coordinates":[[[2.434312777833485,48.79491477442799],[2.431109383137432,48.80208224521432],[2.4321741878619534,48.80217420743774],[2.4326825866470587,48.80223084930429],[2.433433868932524,48.80236721517712],[2.4341678325535443,48.80255121841767],[2.435202333898914,48.8028692102648],[2.437271234038534,48.803315067423],[2.4385174258070563,48.8033709012964],[2.4391843837707157,48.80347367501132],[2.434312777833485,48.79491477442799]]],"rewind":true}},{"type":"Feature","properties":{"depname":"Val-de-Marne","bvonum":"0023","comcode":94046,"cancode":9413,"bvocode":"94046_23","cirname":"8ème circonscription","exp":755,"depcode":94,"cannum":3,"canname":"Maisons-Alfort","comname":"Maisons-Alfort","ins":998,"Art":4,"Mel":204,"Rou":18,"Mac":237,"Las":7,"vot":770,"circode":9408,"Lep":76,"Pec":50,"Zem":70,"Hid":15,"Jad":59,"Pou":5,"Dup":10,"top":"Macron","area_error":0.00335},"geometry":{"type":"Polygon","coordinates":[[[2.4340654716781107,48.79321222895736],[2.434312777833485,48.79491477442799],[2.4391843837707157,48.80347367501132],[2.4395514407175654,48.803551581851785],[2.440672526057221,48.803743208018],[2.441772099119289,48.80391402690194],[2.438843466647216,48.7940411066829],[2.434066950297202,48.7932057332825],[2.4340654716781107,48.79321222895736]]],"rewind":true}},{"type":"Feature","properties":{"depname":"Val-de-Marne","bvonum":"0024","comcode":94046,"cancode":9413,"bvocode":"94046_24","cirname":"8ème circonscription","exp":568,"depcode":94,"cannum":3,"canname":"Maisons-Alfort","comname":"Maisons-Alfort","ins":738,"Art":4,"Mel":102,"Rou":13,"Mac":227,"Las":8,"vot":573,"circode":9408,"Lep":53,"Pec":60,"Zem":53,"Hid":7,"Jad":35,"Pou":0,"Dup":6,"top":"Macron","area_error":-0.022813},"geometry":{"type":"Polygon","coordinates":[[[2.438843466647216,48.7940411066829],[2.441772099119289,48.80391402690194],[2.4418850273543256,48.80393094375842],[2.4441387855295553,48.7996116709673],[2.44266657449059,48.79478791931327],[2.441092080132083,48.79437404614895],[2.438843466647216,48.7940411066829]]],"rewind":true}},{"type":"Feature","properties":{"depname":"Val-de-Marne","bvonum":"0025","comcode":94046,"cancode":9413,"bvocode":"94046_25","cirname":"8ème circonscription","exp":708,"depcode":94,"cannum":3,"canname":"Maisons-Alfort","comname":"Maisons-Alfort","ins":899,"Art":4,"Mel":202,"Rou":20,"Mac":206,"Las":12,"vot":717,"circode":9408,"Lep":75,"Pec":40,"Zem":54,"Hid":17,"Jad":51,"Pou":3,"Dup":24,"top":"Macron","area_error":0.009392},"geometry":{"type":"Polygon","coordinates":[[[2.4523988019150154,48.801597457122185],[2.4441387855295553,48.7996116709673],[2.4418850273543256,48.80393094375842],[2.44337862322897,48.80399886926175],[2.4449259464826767,48.8041064406456],[2.445877781879564,48.80414509485367],[2.4466191322532023,48.804198578241774],[2.4474763554901915,48.804281572264074],[2.448541383770203,48.80431890559788],[2.449749229560843,48.804222753352875],[2.4511766982778784,48.80383847350876],[2.4522589830144135,48.803316638784445],[2.452939909512204,48.80290772764988],[2.4523988019150154,48.801597457122185]]],"rewind":true}},{"type":"Feature","properties":{"depname":"Val-de-Marne","bvonum":"0026","comcode":94046,"cancode":9413,"bvocode":"94046_26","cirname":"8ème circonscription","exp":862,"depcode":94,"cannum":3,"canname":"Maisons-Alfort","comname":"Maisons-Alfort","ins":1079,"Art":6,"Mel":159,"Rou":17,"Mac":320,"Las":7,"vot":875,"circode":9408,"Lep":90,"Pec":85,"Zem":84,"Hid":14,"Jad":65,"Pou":4,"Dup":11,"top":"Macron","area_error":-0.034995},"geometry":{"type":"Polygon","coordinates":[[[2.4441387855295553,48.7996116709673],[2.4523988019150154,48.801597457122185],[2.452745092787554,48.7986036969582],[2.444681714916653,48.79456860293887],[2.44266657449059,48.79478791931327],[2.4441387855295553,48.7996116709673]]],"rewind":true}},{"type":"Feature","properties":{"depname":"Val-de-Marne","bvonum":"0027","comcode":94046,"cancode":9413,"bvocode":"94046_27","cirname":"8ème circonscription","exp":914,"depcode":94,"cannum":3,"canname":"Maisons-Alfort","comname":"Maisons-Alfort","ins":1161,"Art":3,"Mel":176,"Rou":17,"Mac":336,"Las":4,"vot":927,"circode":9408,"Lep":104,"Pec":86,"Zem":87,"Hid":14,"Jad":68,"Pou":5,"Dup":14,"top":"Macron","area_error":-0.000381},"geometry":{"type":"Polygon","coordinates":[[[2.4622652978151134,48.79666958796436],[2.455315685371451,48.79631957407026],[2.452745092787554,48.7986036969582],[2.4523988019150154,48.801597457122185],[2.452939909512204,48.80290772764988],[2.4533039033557524,48.80269893546358],[2.454522421181378,48.802099202634345],[2.4555623723641236,48.80170007485275],[2.4563553496751265,48.80144600502317],[2.4576583324505448,48.80105924377183],[2.4596820104562482,48.80042836789916],[2.4612554122646984,48.79995236048441],[2.4621403315042913,48.7995762151478],[2.4630543137090553,48.79917827051073],[2.463132323041796,48.7991473333926],[2.4622652978151134,48.79666958796436]]],"rewind":true}},{"type":"Feature","properties":{"depname":"Val-de-Marne","bvonum":"0028","comcode":94046,"cancode":9413,"bvocode":"94046_28","cirname":"8ème circonscription","exp":748,"depcode":94,"cannum":3,"canname":"Maisons-Alfort","comname":"Maisons-Alfort","ins":958,"Art":2,"Mel":184,"Rou":17,"Mac":225,"Las":15,"vot":765,"circode":9408,"Lep":72,"Pec":47,"Zem":86,"Hid":11,"Jad":70,"Pou":10,"Dup":9,"top":"Macron","area_error":0.008643},"geometry":{"type":"Polygon","coordinates":[[[2.444681714916653,48.79456860293887],[2.452745092787554,48.7986036969582],[2.455315685371451,48.79631957407026],[2.454884399745595,48.7941330749669],[2.454257926339585,48.793643892976654],[2.446695055948331,48.79269018561204],[2.444681714916653,48.79456860293887]]],"rewind":true}},{"type":"Feature","properties":{"depname":"Val-de-Marne","bvonum":"0029","comcode":94046,"cancode":9413,"bvocode":"94046_29","cirname":"8ème circonscription","exp":772,"depcode":94,"cannum":3,"canname":"Maisons-Alfort","comname":"Maisons-Alfort","ins":989,"Art":3,"Mel":206,"Rou":20,"Mac":230,"Las":18,"vot":785,"circode":9408,"Lep":74,"Pec":64,"Zem":70,"Hid":12,"Jad":59,"Pou":4,"Dup":12,"top":"Macron","area_error":0.004408},"geometry":{"type":"Polygon","coordinates":[[[2.4648576577400707,48.79026847761037],[2.464071263748799,48.78998689642037],[2.454884399745595,48.7941330749669],[2.455315685371451,48.79631957407026],[2.4622652978151134,48.79666958796436],[2.4648576577400707,48.79026847761037]]],"rewind":true}},{"type":"Feature","properties":{"depname":"Val-de-Marne","bvonum":"0003","comcode":94046,"cancode":9413,"bvocode":"94046_3","cirname":"8ème circonscription","exp":897,"depcode":94,"cannum":3,"canname":"Maisons-Alfort","comname":"Maisons-Alfort","ins":1112,"Art":5,"Mel":241,"Rou":21,"Mac":299,"Las":11,"vot":913,"circode":9408,"Lep":106,"Pec":45,"Zem":72,"Hid":18,"Jad":64,"Pou":4,"Dup":11,"top":"Macron","area_error":0.009495},"geometry":{"type":"Polygon","coordinates":[[[2.439664596621538,48.78285113744103],[2.4395585754005675,48.78254114089443],[2.4338145512018343,48.77780663062136],[2.433703806887944,48.77805286542728],[2.4334687438300646,48.7786013951223],[2.4331830544525954,48.779301184281124],[2.432777404551158,48.78056676718069],[2.432592184630753,48.7811316705866],[2.4323301924673633,48.78235512907976],[2.4315503480325593,48.785913256566836],[2.430957850464771,48.787361425163944],[2.4301171328728537,48.789143631797884],[2.439664596621538,48.78285113744103]]],"rewind":true}},{"type":"Feature","properties":{"depname":"Val-de-Marne","bvonum":"0030","comcode":94046,"cancode":9413,"bvocode":"94046_30","cirname":"8ème circonscription","exp":885,"depcode":94,"cannum":3,"canname":"Maisons-Alfort","comname":"Maisons-Alfort","ins":1108,"Art":4,"Mel":214,"Rou":19,"Mac":299,"Las":17,"vot":899,"circode":9408,"Lep":89,"Pec":48,"Zem":70,"Hid":21,"Jad":77,"Pou":5,"Dup":22,"top":"Macron","area_error":0.026452},"geometry":{"type":"Polygon","coordinates":[[[2.446695055948331,48.79269018561204],[2.454257926339585,48.793643892976654],[2.4556891412167428,48.78778875050841],[2.454749346417714,48.78709632896703],[2.445680696991008,48.789786741612566],[2.446695055948331,48.79269018561204]]],"rewind":true}},{"type":"Feature","properties":{"depname":"Val-de-Marne","bvonum":"0031","comcode":94046,"cancode":9413,"bvocode":"94046_31","cirname":"8ème circonscription","exp":893,"depcode":94,"cannum":3,"canname":"Maisons-Alfort","comname":"Maisons-Alfort","ins":1135,"Art":2,"Mel":222,"Rou":22,"Mac":298,"Las":13,"vot":915,"circode":9408,"Lep":94,"Pec":62,"Zem":90,"Hid":12,"Jad":58,"Pou":8,"Dup":12,"top":"Macron","area_error":-0.028544},"geometry":{"type":"Polygon","coordinates":[[[2.454884399745595,48.7941330749669],[2.464071263748799,48.78998689642037],[2.4615617832750107,48.786511658613286],[2.4556891412167428,48.78778875050841],[2.454257926339585,48.793643892976654],[2.454884399745595,48.7941330749669]]],"rewind":true}},{"type":"Feature","properties":{"depname":"Val-de-Marne","bvonum":"0032","comcode":94046,"cancode":9413,"bvocode":"94046_32","cirname":"8ème circonscription","exp":930,"depcode":94,"cannum":3,"canname":"Maisons-Alfort","comname":"Maisons-Alfort","ins":1178,"Art":7,"Mel":251,"Rou":19,"Mac":297,"Las":17,"vot":945,"circode":9408,"Lep":92,"Pec":68,"Zem":82,"Hid":20,"Jad":54,"Pou":5,"Dup":18,"top":"Macron","area_error":-0.014414},"geometry":{"type":"Polygon","coordinates":[[[2.4556891412167428,48.78778875050841],[2.4615617832750107,48.786511658613286],[2.4643516509741583,48.780506369503875],[2.4641938184794183,48.7803692123332],[2.4641583004009546,48.780328440472836],[2.463629354359314,48.78078328188956],[2.46309320885807,48.781237924282735],[2.462759409190712,48.78156108429742],[2.4614550161440727,48.78023894089534],[2.461182765076207,48.77994584924012],[2.4610059442728445,48.779744787528216],[2.4607456188465373,48.77948044535025],[2.4551865876144388,48.7841860326155],[2.454749346417714,48.78709632896703],[2.4556891412167428,48.78778875050841]]],"rewind":true}},{"type":"Feature","properties":{"depname":"Val-de-Marne","bvonum":"0033","comcode":94046,"cancode":9413,"bvocode":"94046_33","cirname":"8ème circonscription","exp":872,"depcode":94,"cannum":3,"canname":"Maisons-Alfort","comname":"Maisons-Alfort","ins":1096,"Art":4,"Mel":182,"Rou":14,"Mac":260,"Las":20,"vot":898,"circode":9408,"Lep":126,"Pec":86,"Zem":109,"Hid":5,"Jad":42,"Pou":7,"Dup":17,"top":"Macron","area_error":0.0024},"geometry":{"type":"Polygon","coordinates":[[[2.4707789143221808,48.7913036822412],[2.466660809988465,48.78971337445183],[2.4648576577400707,48.79026847761037],[2.4622652978151134,48.79666958796436],[2.463132323041796,48.7991473333926],[2.4637337148338943,48.7989176233316],[2.4641464062109617,48.79875320791401],[2.464611847585365,48.79852700448528],[2.464951568835116,48.79826285487217],[2.4653373816485633,48.7978735255666],[2.4660232832810682,48.79699818586672],[2.4665438706175165,48.79633286505555],[2.4670809797300364,48.79565952527896],[2.4676644574384685,48.7949757982625],[2.4682297239959774,48.7943911556146],[2.470258324761419,48.79267361849307],[2.47153044962385,48.7918898279803],[2.4716358774284846,48.79182451541355],[2.4707789143221808,48.7913036822412]]],"rewind":true}},{"type":"Feature","properties":{"depname":"Val-de-Marne","bvonum":"0034","comcode":94046,"cancode":9413,"bvocode":"94046_34","cirname":"8ème circonscription","exp":841,"depcode":94,"cannum":3,"canname":"Maisons-Alfort","comname":"Maisons-Alfort","ins":1111,"Art":8,"Mel":209,"Rou":18,"Mac":275,"Las":17,"vot":859,"circode":9408,"Lep":136,"Pec":42,"Zem":53,"Hid":14,"Jad":47,"Pou":5,"Dup":17,"top":"Macron","area_error":0.005669},"geometry":{"type":"Polygon","coordinates":[[[2.4615617832750107,48.786511658613286],[2.464071263748799,48.78998689642037],[2.4648576577400707,48.79026847761037],[2.466660809988465,48.78971337445183],[2.468985224445275,48.78394041741686],[2.468946225061315,48.78392062506166],[2.4682648955721227,48.78358576112284],[2.4678954093822445,48.78339860316893],[2.467560356513727,48.78322443946045],[2.4677123461464365,48.78308677673453],[2.465411762887578,48.78136429769543],[2.4643516509741583,48.780506369503875],[2.4615617832750107,48.786511658613286]]],"rewind":true}},{"type":"Feature","properties":{"depname":"Val-de-Marne","bvonum":"0035","comcode":94046,"cancode":9413,"bvocode":"94046_35","cirname":"8ème circonscription","exp":758,"depcode":94,"cannum":3,"canname":"Maisons-Alfort","comname":"Maisons-Alfort","ins":1044,"Art":7,"Mel":205,"Rou":12,"Mac":210,"Las":19,"vot":775,"circode":9408,"Lep":122,"Pec":44,"Zem":58,"Hid":11,"Jad":54,"Pou":5,"Dup":11,"top":"Macron","area_error":-0.010433},"geometry":{"type":"Polygon","coordinates":[[[2.466660809988465,48.78971337445183],[2.4707789143221808,48.7913036822412],[2.475199603300685,48.78398067113885],[2.4734708190430816,48.783008089939585],[2.4730594921034035,48.782838297878946],[2.472418817573297,48.7832256560829],[2.47202081787563,48.783395687562866],[2.471315037420299,48.78366869133106],[2.470419717159576,48.7840040765624],[2.4696064316962314,48.784259020591],[2.469314177631833,48.7841117282668],[2.469039335791305,48.78396806731473],[2.468985224445275,48.78394041741686],[2.466660809988465,48.78971337445183]]],"rewind":true}},{"type":"Feature","properties":{"depname":"Val-de-Marne","bvonum":"0036","comcode":94046,"cancode":9413,"bvocode":"94046_36","cirname":"8ème circonscription","exp":695,"depcode":94,"cannum":3,"canname":"Maisons-Alfort","comname":"Maisons-Alfort","ins":956,"Art":5,"Mel":188,"Rou":20,"Mac":188,"Las":13,"vot":717,"circode":9408,"Lep":152,"Pec":45,"Zem":35,"Hid":6,"Jad":20,"Pou":5,"Dup":18,"top":"Mélenchon","area_error":-0.005944},"geometry":{"type":"Polygon","coordinates":[[[2.4707789143221808,48.7913036822412],[2.4716358774284846,48.79182451541355],[2.4726990573254093,48.79121602101697],[2.4734718858191327,48.790724217548174],[2.474161468860445,48.790402886004934],[2.477153389981251,48.7889436164653],[2.478422825500701,48.7881480529582],[2.4793323274995362,48.78751647132376],[2.480231690268093,48.78691728150412],[2.4815327905014346,48.78568990102224],[2.4808934464423973,48.7855607200701],[2.47987827098903,48.78514676037222],[2.4772361131404854,48.78414199351802],[2.4767368199205655,48.7845256737912],[2.475199603300685,48.78398067113885],[2.4707789143221808,48.7913036822412]]],"rewind":true}},{"type":"Feature","properties":{"depname":"Val-de-Marne","bvonum":"0037","comcode":94046,"cancode":9413,"bvocode":"94046_37","cirname":"8ème circonscription","exp":705,"depcode":94,"cannum":3,"canname":"Maisons-Alfort","comname":"Maisons-Alfort","ins":922,"Art":4,"Mel":187,"Rou":10,"Mac":255,"Las":8,"vot":719,"circode":9408,"Lep":65,"Pec":40,"Zem":76,"Hid":11,"Jad":40,"Pou":6,"Dup":3,"top":"Macron","area_error":0.05113},"geometry":{"type":"Polygon","coordinates":[[[2.420203296089446,48.8024181168345],[2.423516862013505,48.8021421145634],[2.4340654716781107,48.79321222895736],[2.434066950297202,48.7932057332825],[2.432071485256573,48.79120380873111],[2.420203296089446,48.8024181168345]]],"rewind":true}},{"type":"Feature","properties":{"depname":"Val-de-Marne","bvonum":"0004","comcode":94046,"cancode":9413,"bvocode":"94046_4","cirname":"8ème circonscription","exp":839,"depcode":94,"cannum":3,"canname":"Maisons-Alfort","comname":"Maisons-Alfort","ins":1087,"Art":3,"Mel":154,"Rou":13,"Mac":228,"Las":18,"vot":864,"circode":9408,"Lep":168,"Pec":64,"Zem":89,"Hid":13,"Jad":65,"Pou":7,"Dup":17,"top":"Macron","area_error":-0.040661},"geometry":{"type":"Polygon","coordinates":[[[2.4399808555978524,48.78913848416025],[2.4417714450956263,48.78613781511383],[2.439664596621538,48.78285113744103],[2.4301171328728537,48.789143631797884],[2.4298974281881645,48.78957021901774],[2.4399808555978524,48.78913848416025]]],"rewind":true}},{"type":"Feature","properties":{"depname":"Val-de-Marne","bvonum":"0005","comcode":94046,"cancode":9413,"bvocode":"94046_5","cirname":"8ème circonscription","exp":1024,"depcode":94,"cannum":3,"canname":"Maisons-Alfort","comname":"Maisons-Alfort","ins":1273,"Art":6,"Mel":235,"Rou":19,"Mac":362,"Las":18,"vot":1039,"circode":9408,"Lep":125,"Pec":80,"Zem":62,"Hid":18,"Jad":71,"Pou":3,"Dup":25,"top":"Macron","area_error":0.001132},"geometry":{"type":"Polygon","coordinates":[[[2.443855304434098,48.7755739966679],[2.4395585754005675,48.78254114089443],[2.439664596621538,48.78285113744103],[2.4417714450956263,48.78613781511383],[2.444157834542164,48.78768131185966],[2.4462749400262522,48.782804827260144],[2.445901354111596,48.780826680517],[2.4449164190913075,48.77484778668807],[2.443855304434098,48.7755739966679]]],"rewind":true}},{"type":"Feature","properties":{"depname":"Val-de-Marne","bvonum":"0006","comcode":94046,"cancode":9413,"bvocode":"94046_6","cirname":"8ème circonscription","exp":750,"depcode":94,"cannum":3,"canname":"Maisons-Alfort","comname":"Maisons-Alfort","ins":931,"Art":2,"Mel":95,"Rou":24,"Mac":233,"Las":13,"vot":761,"circode":9408,"Lep":125,"Pec":108,"Zem":82,"Hid":8,"Jad":38,"Pou":3,"Dup":19,"top":"Macron","area_error":0.048808},"geometry":{"type":"Polygon","coordinates":[[[2.432071485256573,48.79120380873111],[2.434066950297202,48.7932057332825],[2.438843466647216,48.7940411066829],[2.441092080132083,48.79437404614895],[2.4399808555978524,48.78913848416025],[2.4298974281881645,48.78957021901774],[2.429851045094758,48.78967533447097],[2.432071485256573,48.79120380873111]]],"rewind":true}},{"type":"Feature","properties":{"depname":"Val-de-Marne","bvonum":"0007","comcode":94046,"cancode":9413,"bvocode":"94046_7","cirname":"8ème circonscription","exp":780,"depcode":94,"cannum":3,"canname":"Maisons-Alfort","comname":"Maisons-Alfort","ins":1016,"Art":6,"Mel":156,"Rou":11,"Mac":266,"Las":20,"vot":800,"circode":9408,"Lep":108,"Pec":48,"Zem":66,"Hid":11,"Jad":55,"Pou":10,"Dup":23,"top":"Macron","area_error":-0.000874},"geometry":{"type":"Polygon","coordinates":[[[2.441092080132083,48.79437404614895],[2.44266657449059,48.79478791931327],[2.444681714916653,48.79456860293887],[2.446695055948331,48.79269018561204],[2.445680696991008,48.789786741612566],[2.444157834542164,48.78768131185966],[2.4417714450956263,48.78613781511383],[2.4399808555978524,48.78913848416025],[2.441092080132083,48.79437404614895]]],"rewind":true}},{"type":"Feature","properties":{"depname":"Val-de-Marne","bvonum":"0008","comcode":94046,"cancode":9413,"bvocode":"94046_8","cirname":"8ème circonscription","exp":1006,"depcode":94,"cannum":3,"canname":"Maisons-Alfort","comname":"Maisons-Alfort","ins":1351,"Art":6,"Mel":278,"Rou":32,"Mac":300,"Las":20,"vot":1024,"circode":9408,"Lep":153,"Pec":60,"Zem":64,"Hid":8,"Jad":66,"Pou":6,"Dup":13,"top":"Macron","area_error":0.019922},"geometry":{"type":"Polygon","coordinates":[[[2.445680696991008,48.789786741612566],[2.454749346417714,48.78709632896703],[2.4551865876144388,48.7841860326155],[2.45420122966877,48.78364104134844],[2.4462749400262522,48.782804827260144],[2.444157834542164,48.78768131185966],[2.445680696991008,48.789786741612566]]],"rewind":true}},{"type":"Feature","properties":{"depname":"Val-de-Marne","bvonum":"0009","comcode":94046,"cancode":9413,"bvocode":"94046_9","cirname":"8ème circonscription","exp":677,"depcode":94,"cannum":3,"canname":"Maisons-Alfort","comname":"Maisons-Alfort","ins":865,"Art":2,"Mel":147,"Rou":18,"Mac":198,"Las":11,"vot":694,"circode":9408,"Lep":124,"Pec":54,"Zem":60,"Hid":8,"Jad":34,"Pou":8,"Dup":13,"top":"Macron","area_error":-0.136557},"geometry":{"type":"Polygon","coordinates":[[[2.45420122966877,48.78364104134844],[2.454276244877139,48.77901570685226],[2.453855819916534,48.7788431005407],[2.445901354111596,48.780826680517],[2.4462749400262522,48.782804827260144],[2.45420122966877,48.78364104134844]]],"rewind":true}},{"type":"Feature","properties":{"depname":"Val-de-Marne","bvonum":"0001","comcode":94047,"cancode":9416,"bvocode":"94047_1","cirname":"3ème circonscription","exp":862,"depcode":94,"cannum":9,"canname":"Plateau briard","comname":"Mandres-les-Roses","ins":1098,"Art":1,"Mel":165,"Rou":14,"Mac":260,"Las":15,"vot":891,"circode":9403,"Lep":149,"Pec":60,"Zem":97,"Hid":14,"Jad":44,"Pou":6,"Dup":37,"top":"Macron","area_error":0.011603},"geometry":{"type":"Polygon","coordinates":[[[2.56021344767434,48.71335613173916],[2.5607949867315662,48.71261716248493],[2.56077651141032,48.71260958619624],[2.560419363086962,48.71248452746209],[2.560047031605943,48.71240586015961],[2.55988911013215,48.71237972067303],[2.5595536394097227,48.71236234502421],[2.558665645030886,48.7114778550675],[2.5565841866760337,48.712044124296234],[2.5511742162234157,48.70858813957164],[2.5521263142602555,48.7117889868891],[2.5479885554068993,48.710037629364635],[2.546535576211899,48.712721560983134],[2.548462217487076,48.7147099895672],[2.5493816346590608,48.71470628457346],[2.5499841516159,48.714653153250275],[2.5507075572723563,48.714539920539615],[2.550798921508592,48.71465445853117],[2.56021344767434,48.71335613173916]]],"rewind":true}},{"type":"Feature","properties":{"depname":"Val-de-Marne","bvonum":"0002","comcode":94047,"cancode":9416,"bvocode":"94047_2","cirname":"3ème circonscription","exp":710,"depcode":94,"cannum":9,"canname":"Plateau briard","comname":"Mandres-les-Roses","ins":939,"Art":2,"Mel":157,"Rou":18,"Mac":175,"Las":15,"vot":737,"circode":9403,"Lep":160,"Pec":41,"Zem":65,"Hid":6,"Jad":44,"Pou":2,"Dup":25,"top":"Macron","area_error":-0.010864},"geometry":{"type":"Polygon","coordinates":[[[2.56021344767434,48.71335613173916],[2.550798921508592,48.71465445853117],[2.551492814842309,48.71556164916932],[2.551793807362401,48.715947185498045],[2.5519632207790126,48.71619184988941],[2.552056735872922,48.716374084938],[2.552207703942432,48.716736246652786],[2.552611313964549,48.717114517516286],[2.5542688594843934,48.717260688475],[2.554876022377459,48.71760691559904],[2.555131319704661,48.717719680478226],[2.555417628886732,48.71792423800871],[2.5557999108051583,48.718173946868184],[2.556254044401125,48.718452409245074],[2.556305193727962,48.718377051181825],[2.5578162598780487,48.71911153126547],[2.558766761721502,48.71933699083788],[2.5596853073541563,48.71953672054214],[2.56021344767434,48.71335613173916]]],"rewind":true}},{"type":"Feature","properties":{"depname":"Val-de-Marne","bvonum":"0003","comcode":94047,"cancode":9416,"bvocode":"94047_3","cirname":"3ème circonscription","exp":847,"depcode":94,"cannum":9,"canname":"Plateau briard","comname":"Mandres-les-Roses","ins":1130,"Art":3,"Mel":186,"Rou":18,"Mac":230,"Las":21,"vot":865,"circode":9403,"Lep":187,"Pec":46,"Zem":70,"Hid":10,"Jad":44,"Pou":2,"Dup":30,"top":"Macron","area_error":-0.012665},"geometry":{"type":"Polygon","coordinates":[[[2.56021344767434,48.71335613173916],[2.5596853073541563,48.71953672054214],[2.559719009393296,48.71954517039215],[2.559841574028737,48.71956746645302],[2.559927677201965,48.71982447568342],[2.560757659967563,48.720008024581745],[2.561250631904532,48.720096074415956],[2.56141038264209,48.720360667767935],[2.5615739411697245,48.720699086591175],[2.5622604178672646,48.72169040603313],[2.562142861618785,48.72177190586895],[2.56296262959398,48.72247360084448],[2.5630586956515446,48.72245225951022],[2.563775505185995,48.722980536914434],[2.563897819885846,48.72293966202583],[2.563666116752321,48.722738141837766],[2.5639270455026053,48.72271870798037],[2.564356980014331,48.722673762390436],[2.5644810398572147,48.72277605932464],[2.564975228575831,48.722717271789264],[2.564658313415983,48.72235895573973],[2.5652024821255868,48.72218466331747],[2.5650543941758364,48.7214311161609],[2.565251676082835,48.7213586080454],[2.5652385078188207,48.7213237902814],[2.565307938032938,48.72046953433873],[2.565285821918772,48.72039618972932],[2.565410893679943,48.72012786883753],[2.566055481098812,48.719561502031354],[2.566005074317561,48.7171082158731],[2.5653619854272054,48.71681574282791],[2.565220060629321,48.71657479975128],[2.5650142133466307,48.71625682362893],[2.5645699834831466,48.71577562744644],[2.5642628571931745,48.715387488648624],[2.5641889591305036,48.715311107780686],[2.5641230432444546,48.715276952071214],[2.564058731948938,48.71525251524166],[2.563865072248202,48.71521511669835],[2.5637584638733326,48.71521786479145],[2.563258496821856,48.71461545517554],[2.563148300604361,48.71440723091915],[2.5629681321807416,48.71414014229452],[2.562829863062715,48.7139545891576],[2.56274481155163,48.7137988820963],[2.562551362275605,48.71340112556667],[2.562321049422952,48.71303939653721],[2.5616292869708985,48.7131516186799],[2.5612332166877962,48.7129036966299],[2.56110718132659,48.712813118974786],[2.561025510534612,48.71273785381337],[2.5607949867315662,48.71261716248493],[2.56021344767434,48.71335613173916]]],"rewind":true}},{"type":"Feature","properties":{"depname":"Val-de-Marne","bvonum":"0001","comcode":94048,"cancode":9416,"bvocode":"94048_1","cirname":"3ème circonscription","exp":705,"depcode":94,"cannum":9,"canname":"Plateau briard","comname":"Marolles-en-Brie","ins":925,"Art":5,"Mel":98,"Rou":12,"Mac":248,"Las":9,"vot":724,"circode":9403,"Lep":138,"Pec":78,"Zem":49,"Hid":9,"Jad":30,"Pou":4,"Dup":25,"top":"Macron","area_error":0.014984},"geometry":{"type":"Polygon","coordinates":[[[2.5658088422761853,48.72901792442118],[2.5657044557923023,48.7286728403101],[2.565487825766523,48.72810249440005],[2.565409177078842,48.72779007327605],[2.5652301958421,48.727169329855585],[2.565022357326318,48.72723608915022],[2.5643196944219224,48.72546888028521],[2.56358653612985,48.725982954974214],[2.5633852935918657,48.7261545392858],[2.5626394876605083,48.72669368967094],[2.5623061995367267,48.7269037845272],[2.562037002281762,48.726734869192],[2.5602893831769515,48.726716971342064],[2.559487057060325,48.7267215528233],[2.559081803792424,48.72665433569407],[2.55806452009384,48.7269183271532],[2.55715828933363,48.7271175422525],[2.5567435011864488,48.72721541722294],[2.5563850324843025,48.72726408959162],[2.5560529506271226,48.72728860509302],[2.555107519873266,48.727320033267524],[2.5556281476758724,48.72799969978945],[2.556078844531092,48.7279619084383],[2.5554721885031535,48.728405669278025],[2.555176840441098,48.72857571286311],[2.554576644381777,48.7291081866375],[2.556557458004734,48.72955479888695],[2.5575722392458453,48.72991753884738],[2.5588274054197155,48.730518515084334],[2.5591348559907163,48.730690546657236],[2.5599124570954435,48.731161197114],[2.56000062579559,48.73122801516731],[2.5601470031645253,48.73143345419329],[2.5658088422761853,48.72901792442118]]],"rewind":true}},{"type":"Feature","properties":{"depname":"Val-de-Marne","bvonum":"0002","comcode":94048,"cancode":9416,"bvocode":"94048_2","cirname":"3ème circonscription","exp":738,"depcode":94,"cannum":9,"canname":"Plateau briard","comname":"Marolles-en-Brie","ins":912,"Art":1,"Mel":113,"Rou":9,"Mac":271,"Las":12,"vot":761,"circode":9403,"Lep":105,"Pec":56,"Zem":109,"Hid":7,"Jad":26,"Pou":3,"Dup":26,"top":"Macron","area_error":0.014957},"geometry":{"type":"Polygon","coordinates":[[[2.567012111433371,48.7345780072473],[2.561794417588256,48.73396054104967],[2.561925167372161,48.73409390774784],[2.5632050814897585,48.73535665837819],[2.563535126067143,48.73576168795774],[2.564036213565543,48.73628574884009],[2.564189372680268,48.7364345055009],[2.56065574152019,48.73546080831427],[2.562043120082953,48.737471725507824],[2.563410186520951,48.7380888832513],[2.5649023958656114,48.73853100012464],[2.565322915412928,48.738822108876334],[2.5657079910928187,48.73908810411513],[2.566082940865825,48.73937652167805],[2.5667443943668133,48.73988861592385],[2.5671188416344863,48.739997201484435],[2.5680295001251245,48.740265542407414],[2.568208210061682,48.74061659525567],[2.5690141351372886,48.74072098365964],[2.5701862981551638,48.74055976218933],[2.57137970918205,48.74050567475453],[2.5717440310001427,48.740429035369026],[2.567012111433371,48.7345780072473]]],"rewind":true}},{"type":"Feature","properties":{"depname":"Val-de-Marne","bvonum":"0003","comcode":94048,"cancode":9416,"bvocode":"94048_3","cirname":"3ème circonscription","exp":702,"depcode":94,"cannum":9,"canname":"Plateau briard","comname":"Marolles-en-Brie","ins":880,"Art":1,"Mel":98,"Rou":4,"Mac":264,"Las":11,"vot":713,"circode":9403,"Lep":141,"Pec":46,"Zem":78,"Hid":7,"Jad":38,"Pou":4,"Dup":10,"top":"Macron","area_error":-0.013153},"geometry":{"type":"Polygon","coordinates":[[[2.5601470031645253,48.73143345419329],[2.560299999896006,48.7316940168851],[2.5603096172666944,48.73171286841173],[2.560609744972006,48.7324622046367],[2.560920719991134,48.73291421529754],[2.561147494784535,48.73317865124028],[2.5615856214583648,48.733741152475744],[2.561794417588256,48.73396054104967],[2.567012111433371,48.7345780072473],[2.5703451767702936,48.732890985403216],[2.570286398993043,48.732754969388814],[2.5701499246858055,48.732459497997276],[2.5700772955629865,48.73230993584813],[2.5697608060294668,48.73178798526485],[2.56966429026222,48.731636420141825],[2.5687160229991464,48.73141316982166],[2.5671123351871383,48.73131242367225],[2.5667650337384136,48.73088200636677],[2.5664536453245237,48.73033621622723],[2.566346491976794,48.730091759723436],[2.566178311540117,48.72984201647448],[2.566083179593147,48.729597542740876],[2.565839099043655,48.72911287267805],[2.5658088422761853,48.72901792442118],[2.5601470031645253,48.73143345419329]]],"rewind":true}},{"type":"Feature","properties":{"depname":"Val-de-Marne","bvonum":"0004","comcode":94048,"cancode":9416,"bvocode":"94048_4","cirname":"3ème circonscription","exp":744,"depcode":94,"cannum":9,"canname":"Plateau briard","comname":"Marolles-en-Brie","ins":937,"Art":0,"Mel":132,"Rou":6,"Mac":279,"Las":14,"vot":759,"circode":9403,"Lep":139,"Pec":38,"Zem":78,"Hid":9,"Jad":29,"Pou":1,"Dup":19,"top":"Macron","area_error":-0.039863},"geometry":{"type":"Polygon","coordinates":[[[2.567012111433371,48.7345780072473],[2.5717440310001427,48.740429035369026],[2.57210058455454,48.740348570293875],[2.573147913064969,48.739985612422544],[2.5736225037750233,48.73976964263546],[2.5746021289351777,48.73924147288794],[2.5751094595184165,48.73893486537937],[2.575160442677173,48.73892953207398],[2.574471365969008,48.7383098694028],[2.5748887531022437,48.738080662337744],[2.575297188984185,48.737813191429375],[2.5754025987951064,48.73772816938063],[2.575306525254536,48.737467333414486],[2.575064613518361,48.73677704242194],[2.57483510509288,48.7363248063496],[2.5728724031481964,48.7345593228345],[2.572581905227049,48.73403331107672],[2.5725065532277123,48.733972176404784],[2.5706807206887548,48.7335947434251],[2.5704120640789054,48.7330735706754],[2.5703451767702936,48.732890985403216],[2.567012111433371,48.7345780072473]]],"rewind":true}},{"type":"Feature","properties":{"depname":"Val-de-Marne","bvonum":"0001","comcode":94052,"cancode":9414,"bvocode":"94052_1","cirname":"5ème circonscription","exp":787,"depcode":94,"cannum":12,"canname":"Nogent-sur-Marne","comname":"Nogent-sur-Marne","ins":1039,"Art":2,"Mel":116,"Rou":12,"Mac":365,"Las":11,"vot":794,"circode":9405,"Lep":51,"Pec":71,"Zem":88,"Hid":8,"Jad":53,"Pou":2,"Dup":8,"top":"Macron","area_error":0.006479},"geometry":{"type":"Polygon","coordinates":[[[2.5085412371693723,48.8280398801974],[2.5058719617101137,48.83322638446384],[2.5054717820048023,48.836157736061644],[2.506703368477331,48.8369943427769],[2.5100164549261375,48.83704818811243],[2.51019570014003,48.83588598621023],[2.510870572309943,48.83274172384026],[2.51135432344043,48.83099974889723],[2.5119154156657766,48.8291729328089],[2.512078018909591,48.82834349245289],[2.512090945585289,48.82816636118878],[2.5085412371693723,48.8280398801974]]],"rewind":true}},{"type":"Feature","properties":{"depname":"Val-de-Marne","bvonum":"0010","comcode":94052,"cancode":9414,"bvocode":"94052_10","cirname":"5ème circonscription","exp":828,"depcode":94,"cannum":12,"canname":"Nogent-sur-Marne","comname":"Nogent-sur-Marne","ins":1022,"Art":0,"Mel":135,"Rou":11,"Mac":365,"Las":7,"vot":842,"circode":9405,"Lep":64,"Pec":81,"Zem":77,"Hid":14,"Jad":54,"Pou":2,"Dup":18,"top":"Macron","area_error":-0.024591},"geometry":{"type":"Polygon","coordinates":[[[2.488635887530246,48.829508489461944],[2.4874795044157323,48.824312371690354],[2.48745704842324,48.824312821348066],[2.4818056717950525,48.83453415511798],[2.4839732575438562,48.836377425712485],[2.484634417800972,48.836739780467475],[2.4854866273687057,48.83723248414133],[2.485227377316045,48.834649999195335],[2.4851579966630455,48.83421297896495],[2.4852859519896313,48.8338009465802],[2.485537926404493,48.83294099887046],[2.48692342685524,48.83426849991527],[2.4871297571481743,48.83447917161018],[2.488635887530246,48.829508489461944]]],"rewind":true}},{"type":"Feature","properties":{"depname":"Val-de-Marne","bvonum":"0011","comcode":94052,"cancode":9414,"bvocode":"94052_11","cirname":"5ème circonscription","exp":873,"depcode":94,"cannum":12,"canname":"Nogent-sur-Marne","comname":"Nogent-sur-Marne","ins":1177,"Art":3,"Mel":166,"Rou":15,"Mac":303,"Las":11,"vot":890,"circode":9405,"Lep":99,"Pec":73,"Zem":108,"Hid":20,"Jad":54,"Pou":5,"Dup":16,"top":"Macron","area_error":-0.021112},"geometry":{"type":"Polygon","coordinates":[[[2.5100793852107848,48.813727452475],[2.5119749879396065,48.81991143392898],[2.5145111639183213,48.820874002343],[2.514858666622499,48.82028251939198],[2.5153082038322028,48.81946675265214],[2.515622447994944,48.81892423104203],[2.5160447572739173,48.8181180134622],[2.51652578715485,48.81728521877803],[2.5175288011856356,48.81509533419103],[2.5177548780457077,48.814622572544074],[2.51821303065671,48.81377527806704],[2.517424553457361,48.81354479542838],[2.5164588473342624,48.81336499815007],[2.51545492530547,48.8131047354526],[2.514751521684879,48.81290541772116],[2.5143468932906616,48.8127615864749],[2.512099878696143,48.81225165352847],[2.511265915252583,48.81222812117915],[2.5109364220566626,48.8121924526712],[2.5100793852107848,48.813727452475]]],"rewind":true}},{"type":"Feature","properties":{"depname":"Val-de-Marne","bvonum":"0012","comcode":94052,"cancode":9414,"bvocode":"94052_12","cirname":"5ème circonscription","exp":824,"depcode":94,"cannum":12,"canname":"Nogent-sur-Marne","comname":"Nogent-sur-Marne","ins":1033,"Art":1,"Mel":122,"Rou":9,"Mac":342,"Las":12,"vot":837,"circode":9405,"Lep":62,"Pec":96,"Zem":88,"Hid":6,"Jad":71,"Pou":1,"Dup":14,"top":"Macron","area_error":-0.01566},"geometry":{"type":"Polygon","coordinates":[[[2.48881036020088,48.8181730782401],[2.4961685569679957,48.817432403845814],[2.5012106684264146,48.8145167722319],[2.502761652404649,48.8128097707432],[2.5027404236761157,48.81281109405931],[2.5006371755992722,48.81314008040505],[2.498093048621469,48.81346424697725],[2.494127508595862,48.81417993231458],[2.493249153788079,48.81421887835554],[2.4916458931323087,48.81421465028698],[2.491140451642571,48.81414785259979],[2.489470202796925,48.815478334817215],[2.48881036020088,48.8181730782401]]],"rewind":true}},{"type":"Feature","properties":{"depname":"Val-de-Marne","bvonum":"0013","comcode":94052,"cancode":9414,"bvocode":"94052_13","cirname":"5ème circonscription","exp":454,"depcode":94,"cannum":12,"canname":"Nogent-sur-Marne","comname":"Nogent-sur-Marne","ins":578,"Art":0,"Mel":56,"Rou":2,"Mac":199,"Las":5,"vot":461,"circode":9405,"Lep":25,"Pec":53,"Zem":64,"Hid":7,"Jad":34,"Pou":0,"Dup":9,"top":"Macron","area_error":0.029071},"geometry":{"type":"Polygon","coordinates":[[[2.48881036020088,48.8181730782401],[2.489470202796925,48.815478334817215],[2.481265855662023,48.818220808756536],[2.4849439979536254,48.821436680654834],[2.48881036020088,48.8181730782401]]],"rewind":true}},{"type":"Feature","properties":{"depname":"Val-de-Marne","bvonum":"0014","comcode":94052,"cancode":9414,"bvocode":"94052_14","cirname":"5ème circonscription","exp":747,"depcode":94,"cannum":12,"canname":"Nogent-sur-Marne","comname":"Nogent-sur-Marne","ins":939,"Art":1,"Mel":122,"Rou":11,"Mac":303,"Las":11,"vot":758,"circode":9405,"Lep":69,"Pec":80,"Zem":77,"Hid":10,"Jad":57,"Pou":1,"Dup":5,"top":"Macron","area_error":0.024573},"geometry":{"type":"Polygon","coordinates":[[[2.48745704842324,48.824312821348066],[2.4845850298635956,48.822765273942686],[2.4799507357007364,48.82918248916703],[2.4813859039744925,48.83101914169374],[2.4817476491519663,48.83144427836342],[2.480817398434722,48.83325629252373],[2.4811626580515536,48.833643129864015],[2.4818056717950525,48.83453415511798],[2.48745704842324,48.824312821348066]]],"rewind":true}},{"type":"Feature","properties":{"depname":"Val-de-Marne","bvonum":"0015","comcode":94052,"cancode":9414,"bvocode":"94052_15","cirname":"5ème circonscription","exp":894,"depcode":94,"cannum":12,"canname":"Nogent-sur-Marne","comname":"Nogent-sur-Marne","ins":1122,"Art":4,"Mel":183,"Rou":7,"Mac":375,"Las":11,"vot":909,"circode":9405,"Lep":47,"Pec":78,"Zem":86,"Hid":20,"Jad":71,"Pou":2,"Dup":10,"top":"Macron","area_error":0.014696},"geometry":{"type":"Polygon","coordinates":[[[2.4871297571481743,48.83447917161018],[2.4875366790968108,48.83490391151733],[2.4889029466935932,48.83622409773393],[2.48904431891129,48.83637064955505],[2.489413365972202,48.83720455968541],[2.4898278117513883,48.83825050051225],[2.490855509008443,48.83944402807629],[2.49106310771302,48.8398611142605],[2.4924704728809637,48.836197476297926],[2.493480788522501,48.82930625914465],[2.4934331305285014,48.8286227002858],[2.488635887530246,48.829508489461944],[2.4871297571481743,48.83447917161018]]],"rewind":true}},{"type":"Feature","properties":{"depname":"Val-de-Marne","bvonum":"0016","comcode":94052,"cancode":9414,"bvocode":"94052_16","cirname":"5ème circonscription","exp":862,"depcode":94,"cannum":12,"canname":"Nogent-sur-Marne","comname":"Nogent-sur-Marne","ins":1161,"Art":3,"Mel":250,"Rou":10,"Mac":292,"Las":7,"vot":875,"circode":9405,"Lep":95,"Pec":52,"Zem":70,"Hid":11,"Jad":53,"Pou":7,"Dup":12,"top":"Macron","area_error":0.006206},"geometry":{"type":"Polygon","coordinates":[[[2.49841197154764,48.8398063316872],[2.4993339849709386,48.840598641722536],[2.5004043542333765,48.8400991890739],[2.5054717820048023,48.836157736061644],[2.5058719617101137,48.83322638446384],[2.5009070608833923,48.83177644177139],[2.49937506667129,48.83320778767744],[2.497967451904445,48.83686300029454],[2.49841197154764,48.8398063316872]]],"rewind":true}},{"type":"Feature","properties":{"depname":"Val-de-Marne","bvonum":"0017","comcode":94052,"cancode":9414,"bvocode":"94052_17","cirname":"5ème circonscription","exp":611,"depcode":94,"cannum":12,"canname":"Nogent-sur-Marne","comname":"Nogent-sur-Marne","ins":924,"Art":3,"Mel":183,"Rou":7,"Mac":157,"Las":9,"vot":628,"circode":9405,"Lep":108,"Pec":27,"Zem":61,"Hid":4,"Jad":31,"Pou":8,"Dup":13,"top":"Mélenchon","area_error":-0.0193},"geometry":{"type":"Polygon","coordinates":[[[2.506703368477331,48.8369943427769],[2.5054717820048023,48.836157736061644],[2.5004043542333765,48.8400991890739],[2.500486207194259,48.8400519994946],[2.500770567011821,48.8403082100508],[2.500163247890535,48.8422357610358],[2.5013349777639786,48.8424240319783],[2.501400623570464,48.84273205800612],[2.501464659121531,48.84341047492307],[2.501514515704,48.84376419389816],[2.5017006241499073,48.84404699342937],[2.5024277709637652,48.844245327047],[2.502916670352546,48.84460995551525],[2.5028643789518856,48.84503973652248],[2.5032593829421828,48.8453895440863],[2.5035146224514615,48.84547262183738],[2.503474177258518,48.84528493574217],[2.5041909008099426,48.84572414085872],[2.50453111566634,48.84579523095504],[2.506703368477331,48.8369943427769]]],"rewind":true}},{"type":"Feature","properties":{"depname":"Val-de-Marne","bvonum":"0018","comcode":94052,"cancode":9414,"bvocode":"94052_18","cirname":"5ème circonscription","exp":689,"depcode":94,"cannum":12,"canname":"Nogent-sur-Marne","comname":"Nogent-sur-Marne","ins":847,"Art":2,"Mel":119,"Rou":15,"Mac":290,"Las":9,"vot":696,"circode":9405,"Lep":56,"Pec":65,"Zem":65,"Hid":6,"Jad":53,"Pou":2,"Dup":7,"top":"Macron","area_error":0.003024},"geometry":{"type":"Polygon","coordinates":[[[2.5012106684264146,48.8145167722319],[2.501953366655633,48.81689248536303],[2.505545493124036,48.81757810427852],[2.5100793852107848,48.813727452475],[2.5109364220566626,48.8121924526712],[2.5101974922339436,48.81212313117947],[2.5093737461599,48.81215757664668],[2.5074248978968723,48.8125933634552],[2.506827779942951,48.81267670819511],[2.505864388154265,48.8127776142207],[2.5040416644272714,48.81273616511704],[2.502761652404649,48.8128097707432],[2.5012106684264146,48.8145167722319]]],"rewind":true}},{"type":"Feature","properties":{"depname":"Val-de-Marne","bvonum":"0019","comcode":94052,"cancode":9414,"bvocode":"94052_19","cirname":"5ème circonscription","exp":897,"depcode":94,"cannum":12,"canname":"Nogent-sur-Marne","comname":"Nogent-sur-Marne","ins":1176,"Art":2,"Mel":154,"Rou":6,"Mac":350,"Las":18,"vot":913,"circode":9405,"Lep":75,"Pec":89,"Zem":102,"Hid":13,"Jad":67,"Pou":3,"Dup":18,"top":"Macron","area_error":-0.003999},"geometry":{"type":"Polygon","coordinates":[[[2.5054596671400278,48.82357910496027],[2.507551370585543,48.824473159671285],[2.5119749879396065,48.81991143392898],[2.5100793852107848,48.813727452475],[2.505545493124036,48.81757810427852],[2.5053848547601487,48.82322682716864],[2.5054596671400278,48.82357910496027]]],"rewind":true}},{"type":"Feature","properties":{"depname":"Val-de-Marne","bvonum":"0002","comcode":94052,"cancode":9414,"bvocode":"94052_2","cirname":"5ème circonscription","exp":659,"depcode":94,"cannum":12,"canname":"Nogent-sur-Marne","comname":"Nogent-sur-Marne","ins":858,"Art":1,"Mel":135,"Rou":7,"Mac":246,"Las":14,"vot":665,"circode":9405,"Lep":51,"Pec":61,"Zem":84,"Hid":6,"Jad":45,"Pou":5,"Dup":4,"top":"Macron","area_error":0.012037},"geometry":{"type":"Polygon","coordinates":[[[2.5085412371693723,48.8280398801974],[2.512090945585289,48.82816636118878],[2.512161075272638,48.82725167091767],[2.512326140627009,48.82610684790654],[2.5130949501957325,48.82354002273247],[2.513659698386411,48.822354721729674],[2.514254783814532,48.821325504120736],[2.514282539962599,48.82126670997914],[2.5145111639183213,48.820874002343],[2.5119749879396065,48.81991143392898],[2.507551370585543,48.824473159671285],[2.5085412371693723,48.8280398801974]]],"rewind":true}},{"type":"Feature","properties":{"depname":"Val-de-Marne","bvonum":"0020","comcode":94052,"cancode":9414,"bvocode":"94052_20","cirname":"5ème circonscription","exp":720,"depcode":94,"cannum":12,"canname":"Nogent-sur-Marne","comname":"Nogent-sur-Marne","ins":959,"Art":1,"Mel":182,"Rou":11,"Mac":252,"Las":15,"vot":740,"circode":9405,"Lep":63,"Pec":50,"Zem":73,"Hid":7,"Jad":52,"Pou":2,"Dup":12,"top":"Macron","area_error":0.011767},"geometry":{"type":"Polygon","coordinates":[[[2.49669060813198,48.82249954456705],[2.5053848547601487,48.82322682716864],[2.505545493124036,48.81757810427852],[2.501953366655633,48.81689248536303],[2.49669060813198,48.82249954456705]]],"rewind":true}},{"type":"Feature","properties":{"depname":"Val-de-Marne","bvonum":"0021","comcode":94052,"cancode":9414,"bvocode":"94052_21","cirname":"5ème circonscription","exp":715,"depcode":94,"cannum":12,"canname":"Nogent-sur-Marne","comname":"Nogent-sur-Marne","ins":927,"Art":1,"Mel":188,"Rou":15,"Mac":261,"Las":12,"vot":727,"circode":9405,"Lep":47,"Pec":57,"Zem":57,"Hid":15,"Jad":47,"Pou":9,"Dup":6,"top":"Macron","area_error":-0.059267},"geometry":{"type":"Polygon","coordinates":[[[2.4924704728809637,48.836197476297926],[2.497967451904445,48.83686300029454],[2.49937506667129,48.83320778767744],[2.493480788522501,48.82930625914465],[2.4924704728809637,48.836197476297926]]],"rewind":true}},{"type":"Feature","properties":{"depname":"Val-de-Marne","bvonum":"0022","comcode":94052,"cancode":9414,"bvocode":"94052_22","cirname":"5ème circonscription","exp":677,"depcode":94,"cannum":12,"canname":"Nogent-sur-Marne","comname":"Nogent-sur-Marne","ins":971,"Art":4,"Mel":208,"Rou":8,"Mac":224,"Las":7,"vot":688,"circode":9405,"Lep":80,"Pec":45,"Zem":41,"Hid":10,"Jad":29,"Pou":5,"Dup":16,"top":"Macron","area_error":-0.006163},"geometry":{"type":"Polygon","coordinates":[[[2.506703368477331,48.8369943427769],[2.50453111566634,48.84579523095504],[2.5050873196484846,48.84587578743105],[2.5054812220962246,48.84605881168008],[2.5058446817499536,48.846243333224166],[2.50634695437674,48.846517386950424],[2.5076144070958257,48.8468829010024],[2.508003039355942,48.84698785408166],[2.5084585491185023,48.847095370137765],[2.508658420556012,48.84587331825228],[2.508895719636039,48.8446759506733],[2.50926662494915,48.842958160780825],[2.509433949648209,48.8421087757995],[2.509588280350662,48.8405208169726],[2.50978668782615,48.838679671034384],[2.5100164549261375,48.83704818811243],[2.506703368477331,48.8369943427769]]],"rewind":true}},{"type":"Feature","properties":{"depname":"Val-de-Marne","bvonum":"0023","comcode":94052,"cancode":9405,"bvocode":"94052_23","cirname":"5ème circonscription","exp":513,"depcode":94,"cannum":16,"canname":"Charenton-le-Pont","comname":"Nogent-sur-Marne","ins":646,"Art":0,"Mel":61,"Rou":7,"Mac":220,"Las":3,"vot":516,"circode":9405,"Lep":51,"Pec":52,"Zem":75,"Hid":7,"Jad":28,"Pou":1,"Dup":8,"top":"Macron","area_error":-0.026339},"geometry":{"type":"Polygon","coordinates":[[[2.489470202796925,48.815478334817215],[2.491140451642571,48.81414785259979],[2.490951217041317,48.81412241127732],[2.490723775288877,48.8140934273135],[2.490572553062744,48.8140739963882],[2.4903531265520558,48.814045189792964],[2.487235369727883,48.815645005689525],[2.4861998299492942,48.81496225904748],[2.48520716674156,48.81469389378924],[2.4835032636596543,48.81385511503813],[2.4833381936766683,48.81365670591148],[2.48304612096645,48.81284429454],[2.481702337183311,48.813009956547816],[2.480318890628613,48.81453608453006],[2.481265855662023,48.818220808756536],[2.489470202796925,48.815478334817215]]],"rewind":true}},{"type":"Feature","properties":{"depname":"Val-de-Marne","bvonum":"0003","comcode":94052,"cancode":9414,"bvocode":"94052_3","cirname":"5ème circonscription","exp":874,"depcode":94,"cannum":12,"canname":"Nogent-sur-Marne","comname":"Nogent-sur-Marne","ins":1140,"Art":0,"Mel":167,"Rou":8,"Mac":363,"Las":15,"vot":885,"circode":9405,"Lep":80,"Pec":74,"Zem":93,"Hid":6,"Jad":54,"Pou":3,"Dup":11,"top":"Macron","area_error":-0.003034},"geometry":{"type":"Polygon","coordinates":[[[2.5009070608833923,48.83177644177139],[2.5058719617101137,48.83322638446384],[2.5085412371693723,48.8280398801974],[2.507551370585543,48.824473159671285],[2.5054596671400278,48.82357910496027],[2.5027625914845077,48.82761891529864],[2.5009070608833923,48.83177644177139]]],"rewind":true}},{"type":"Feature","properties":{"depname":"Val-de-Marne","bvonum":"0004","comcode":94052,"cancode":9414,"bvocode":"94052_4","cirname":"5ème circonscription","exp":889,"depcode":94,"cannum":12,"canname":"Nogent-sur-Marne","comname":"Nogent-sur-Marne","ins":1152,"Art":1,"Mel":186,"Rou":12,"Mac":340,"Las":14,"vot":907,"circode":9405,"Lep":67,"Pec":75,"Zem":89,"Hid":13,"Jad":68,"Pou":6,"Dup":18,"top":"Macron","area_error":-0.093377},"geometry":{"type":"Polygon","coordinates":[[[2.49422554624794,48.8260249561995],[2.4941372970088374,48.82638134333866],[2.5027625914845077,48.82761891529864],[2.5054596671400278,48.82357910496027],[2.5053848547601487,48.82322682716864],[2.49669060813198,48.82249954456705],[2.49422554624794,48.8260249561995]]],"rewind":true}},{"type":"Feature","properties":{"depname":"Val-de-Marne","bvonum":"0005","comcode":94052,"cancode":9414,"bvocode":"94052_5","cirname":"5ème circonscription","exp":853,"depcode":94,"cannum":12,"canname":"Nogent-sur-Marne","comname":"Nogent-sur-Marne","ins":1087,"Art":2,"Mel":134,"Rou":10,"Mac":360,"Las":10,"vot":868,"circode":9405,"Lep":70,"Pec":105,"Zem":86,"Hid":11,"Jad":47,"Pou":9,"Dup":9,"top":"Macron","area_error":0.02156},"geometry":{"type":"Polygon","coordinates":[[[2.492358815551507,48.82118234731525],[2.49422554624794,48.8260249561995],[2.49669060813198,48.82249954456705],[2.501953366655633,48.81689248536303],[2.5012106684264146,48.8145167722319],[2.4961685569679957,48.817432403845814],[2.492358815551507,48.82118234731525]]],"rewind":true}},{"type":"Feature","properties":{"depname":"Val-de-Marne","bvonum":"0006","comcode":94052,"cancode":9414,"bvocode":"94052_6","cirname":"5ème circonscription","exp":787,"depcode":94,"cannum":12,"canname":"Nogent-sur-Marne","comname":"Nogent-sur-Marne","ins":991,"Art":1,"Mel":88,"Rou":10,"Mac":353,"Las":7,"vot":803,"circode":9405,"Lep":58,"Pec":79,"Zem":100,"Hid":7,"Jad":71,"Pou":2,"Dup":11,"top":"Macron","area_error":-0.001939},"geometry":{"type":"Polygon","coordinates":[[[2.4849439979536254,48.821436680654834],[2.4845850298635956,48.822765273942686],[2.48745704842324,48.824312821348066],[2.4874795044157323,48.824312371690354],[2.492358815551507,48.82118234731525],[2.4961685569679957,48.817432403845814],[2.48881036020088,48.8181730782401],[2.4849439979536254,48.821436680654834]]],"rewind":true}},{"type":"Feature","properties":{"depname":"Val-de-Marne","bvonum":"0007","comcode":94052,"cancode":9414,"bvocode":"94052_7","cirname":"5ème circonscription","exp":532,"depcode":94,"cannum":12,"canname":"Nogent-sur-Marne","comname":"Nogent-sur-Marne","ins":619,"Art":0,"Mel":139,"Rou":13,"Mac":170,"Las":9,"vot":541,"circode":9405,"Lep":60,"Pec":42,"Zem":39,"Hid":6,"Jad":37,"Pou":3,"Dup":14,"top":"Macron","area_error":0.029055},"geometry":{"type":"Polygon","coordinates":[[[2.497967451904445,48.83686300029454],[2.4924704728809637,48.836197476297926],[2.49106310771302,48.8398611142605],[2.491125683367843,48.83998851106326],[2.4922366802210965,48.84036890610745],[2.4931976509539613,48.84072299046875],[2.493946812904589,48.84099817528732],[2.49411785665057,48.84106034719058],[2.495115956892925,48.84138961024882],[2.4951216712427393,48.8408983583089],[2.4951480787097826,48.84065301101394],[2.495130028289342,48.840422636189274],[2.4946055343921927,48.83902640462906],[2.4956823763539018,48.8394334925289],[2.496297489091171,48.83962330004635],[2.4967442981250736,48.839754035248255],[2.4972888533710047,48.839993136956686],[2.49756548364748,48.839979392747885],[2.4981311325351716,48.83954654435248],[2.49841197154764,48.8398063316872],[2.497967451904445,48.83686300029454]]],"rewind":true}},{"type":"Feature","properties":{"depname":"Val-de-Marne","bvonum":"0008","comcode":94052,"cancode":9414,"bvocode":"94052_8","cirname":"5ème circonscription","exp":718,"depcode":94,"cannum":12,"canname":"Nogent-sur-Marne","comname":"Nogent-sur-Marne","ins":933,"Art":3,"Mel":171,"Rou":10,"Mac":261,"Las":5,"vot":732,"circode":9405,"Lep":58,"Pec":53,"Zem":70,"Hid":10,"Jad":65,"Pou":2,"Dup":10,"top":"Macron","area_error":0.090173},"geometry":{"type":"Polygon","coordinates":[[[2.493480788522501,48.82930625914465],[2.49937506667129,48.83320778767744],[2.5009070608833923,48.83177644177139],[2.5027625914845077,48.82761891529864],[2.4941372970088374,48.82638134333866],[2.4934331305285014,48.8286227002858],[2.493480788522501,48.82930625914465]]],"rewind":true}},{"type":"Feature","properties":{"depname":"Val-de-Marne","bvonum":"0009","comcode":94052,"cancode":9414,"bvocode":"94052_9","cirname":"5ème circonscription","exp":784,"depcode":94,"cannum":12,"canname":"Nogent-sur-Marne","comname":"Nogent-sur-Marne","ins":1006,"Art":1,"Mel":151,"Rou":13,"Mac":297,"Las":11,"vot":797,"circode":9405,"Lep":73,"Pec":64,"Zem":83,"Hid":13,"Jad":56,"Pou":4,"Dup":18,"top":"Macron","area_error":-0.017266},"geometry":{"type":"Polygon","coordinates":[[[2.4874795044157323,48.824312371690354],[2.488635887530246,48.829508489461944],[2.4934331305285014,48.8286227002858],[2.4941372970088374,48.82638134333866],[2.49422554624794,48.8260249561995],[2.492358815551507,48.82118234731525],[2.4874795044157323,48.824312371690354]]],"rewind":true}},{"type":"Feature","properties":{"depname":"Val-de-Marne","bvonum":"0001","comcode":94053,"cancode":9416,"bvocode":"94053_1","cirname":"4ème circonscription","exp":654,"depcode":94,"cannum":9,"canname":"Plateau briard","comname":"Noiseau","ins":870,"Art":1,"Mel":151,"Rou":11,"Mac":157,"Las":21,"vot":665,"circode":9404,"Lep":158,"Pec":50,"Zem":54,"Hid":6,"Jad":25,"Pou":7,"Dup":13,"top":"Le Pen","area_error":-0.048247},"geometry":{"type":"Polygon","coordinates":[[[2.567433356430431,48.74896294983491],[2.5679866432933824,48.7491263941774],[2.57686819586174,48.746054301701726],[2.5760585514174554,48.745920914023756],[2.5761593185617624,48.74515120031506],[2.574631490196848,48.745219664066674],[2.573832361765357,48.74464745597528],[2.5736971424009165,48.74455550885026],[2.57319281739478,48.74422890809316],[2.57273264429301,48.74394386201678],[2.5717545855283626,48.74431719006331],[2.5714667563081854,48.74485702087078],[2.571174513957906,48.74501529229317],[2.5709511863604044,48.744868910149236],[2.570646737832439,48.74463128367862],[2.5705398317844423,48.74453439576157],[2.570025132606532,48.7442184199115],[2.569895230167644,48.744136557892],[2.5698070901648533,48.7441301135943],[2.569484458314517,48.74417552553975],[2.568746494747967,48.744270668478435],[2.568171236004611,48.74433565725412],[2.5665420473380074,48.7445887168894],[2.5663050255003537,48.74460012048933],[2.5661944112948136,48.74458735388067],[2.567433356430431,48.74896294983491]]],"rewind":true}},{"type":"Feature","properties":{"depname":"Val-de-Marne","bvonum":"0002","comcode":94053,"cancode":9416,"bvocode":"94053_2","cirname":"4ème circonscription","exp":665,"depcode":94,"cannum":9,"canname":"Plateau briard","comname":"Noiseau","ins":877,"Art":2,"Mel":114,"Rou":20,"Mac":206,"Las":23,"vot":689,"circode":9404,"Lep":132,"Pec":58,"Zem":60,"Hid":4,"Jad":25,"Pou":4,"Dup":17,"top":"Macron","area_error":-0.003648},"geometry":{"type":"Polygon","coordinates":[[[2.567433356430431,48.74896294983491],[2.5661944112948136,48.74458735388067],[2.565825040272976,48.744542829260844],[2.563610303409933,48.744243536296885],[2.5622083418774366,48.74406549611085],[2.56186285067954,48.7440926680369],[2.5612094281213054,48.74419179287783],[2.560554661454006,48.744416237734754],[2.5600319700652556,48.74461925809985],[2.559411444561702,48.74518428850209],[2.55904477106553,48.745928263941124],[2.5590844786484013,48.7461722882013],[2.559110959224868,48.746242057027025],[2.559218777478344,48.7465224869434],[2.5592967846605053,48.74664221714188],[2.559790735350966,48.74713090787576],[2.560089224201203,48.7475002128419],[2.5602359581524667,48.74781035930008],[2.560289516529907,48.74801416292134],[2.56032984500638,48.74833706990765],[2.5604227433163755,48.748525302727366],[2.560435064868159,48.7487090297762],[2.56054193102583,48.748772221925414],[2.5605592065366127,48.74888322826737],[2.5604703095289856,48.74902373734892],[2.567433356430431,48.74896294983491]]],"rewind":true}},{"type":"Feature","properties":{"depname":"Val-de-Marne","bvonum":"0003","comcode":94053,"cancode":9416,"bvocode":"94053_3","cirname":"4ème circonscription","exp":720,"depcode":94,"cannum":9,"canname":"Plateau briard","comname":"Noiseau","ins":917,"Art":2,"Mel":158,"Rou":17,"Mac":236,"Las":16,"vot":728,"circode":9404,"Lep":123,"Pec":33,"Zem":62,"Hid":14,"Jad":38,"Pou":3,"Dup":18,"top":"Macron","area_error":0.005897},"geometry":{"type":"Polygon","coordinates":[[[2.5679866432933824,48.7491263941774],[2.567433356430431,48.74896294983491],[2.5604703095289856,48.74902373734892],[2.5604548349125578,48.7490462228488],[2.560313793522836,48.749381727809514],[2.560092280724907,48.749586955612386],[2.559991004249244,48.74979548789307],[2.559937214763905,48.74992847118488],[2.5596800943633635,48.750129281685425],[2.5592519926610047,48.75038396326541],[2.5589484918940673,48.75050252370615],[2.558460867931651,48.75081458782504],[2.558103968383032,48.751096768022464],[2.5581578336427357,48.75119721926532],[2.5581440308352947,48.75136363487364],[2.558223471384149,48.75159293695743],[2.5581402920740484,48.751954302954964],[2.55786006715709,48.75229079430403],[2.55769347498077,48.7526971085871],[2.5576501119810215,48.7528762627431],[2.5575409364930364,48.7529989737059],[2.557523939034834,48.75308632126654],[2.557377245030934,48.75348978257024],[2.5581600536441345,48.75316014492658],[2.5585255950550208,48.7531111285579],[2.5586299642835613,48.7531411709628],[2.559667986939248,48.75307160493103],[2.5601499022293273,48.7530072102795],[2.560170621694377,48.75305234564282],[2.560000502700601,48.75315566627352],[2.560032685087104,48.7532418322887],[2.5601123197792037,48.75325759984937],[2.5604329119354654,48.7532406237054],[2.56055759915694,48.7532205139668],[2.5609861822339988,48.753215863290755],[2.5612071871385025,48.75319177974236],[2.5612592682529987,48.7532530309584],[2.5613639454449584,48.7532526511355],[2.5617624506507717,48.75318320682354],[2.5620636615672217,48.7531860666279],[2.56228317702504,48.75319986006485],[2.56264174455339,48.75318148711729],[2.56281430862869,48.75335541035698],[2.564498510732878,48.753037882121475],[2.5656633371183024,48.75273863267426],[2.565826077706218,48.752662210408644],[2.5663351090305278,48.75230047897815],[2.566565718370865,48.75217009528596],[2.566991996343376,48.75198699229619],[2.5679866432933824,48.7491263941774]]],"rewind":true}},{"type":"Feature","properties":{"depname":"Val-de-Marne","bvonum":"0004","comcode":94053,"cancode":9416,"bvocode":"94053_4","cirname":"4ème circonscription","exp":544,"depcode":94,"cannum":9,"canname":"Plateau briard","comname":"Noiseau","ins":702,"Art":1,"Mel":91,"Rou":11,"Mac":187,"Las":10,"vot":553,"circode":9404,"Lep":119,"Pec":47,"Zem":29,"Hid":4,"Jad":24,"Pou":2,"Dup":19,"top":"Macron","area_error":0.060318},"geometry":{"type":"Polygon","coordinates":[[[2.5679866432933824,48.7491263941774],[2.566991996343376,48.75198699229619],[2.56716322730319,48.7519104032791],[2.567665116305025,48.751670470081486],[2.569479505530417,48.75114701173704],[2.5698147822357846,48.75107789544543],[2.570157676205266,48.751006552570814],[2.5707097992708676,48.7509239451644],[2.570851338728839,48.75097718486446],[2.571037312955391,48.751080142832336],[2.57119110540263,48.7512064413194],[2.571496378820767,48.75159044482491],[2.571679898596384,48.751884830357824],[2.5717762078052164,48.7520167922736],[2.571905322583551,48.752096329024056],[2.57209992412742,48.75213831688768],[2.5730523520943223,48.7532014851646],[2.573780078610732,48.75177126449927],[2.573846568713292,48.7511991771791],[2.5739173337458747,48.7507617205096],[2.574801079997332,48.74907726585831],[2.574865109102654,48.7489978566365],[2.5750080729787532,48.74880026828162],[2.575098365292197,48.74868773272527],[2.57525112910918,48.74790215249584],[2.575469248998407,48.7476708771167],[2.57600445756783,48.74748468554128],[2.5760660231077,48.747463411510466],[2.5761585063299726,48.7474206623428],[2.57629012927058,48.74734469436677],[2.5766150487241677,48.74711439327816],[2.57672206002961,48.74704146845858],[2.5768681071960162,48.74687304114044],[2.576878775557117,48.74679169971126],[2.5769812208361387,48.74664729422492],[2.5771127525494317,48.746591434583976],[2.57767559643171,48.7459688967405],[2.5773928930112127,48.745992129397116],[2.576976018075307,48.746111188903065],[2.57686819586174,48.746054301701726],[2.5679866432933824,48.7491263941774]]],"rewind":true}},{"type":"Feature","properties":{"depname":"Val-de-Marne","bvonum":"0001","comcode":94054,"cancode":9415,"bvocode":"94054_1","cirname":"2ème circonscription","exp":480,"depcode":94,"cannum":7,"canname":"Orly","comname":"Orly","ins":671,"Art":2,"Mel":163,"Rou":25,"Mac":123,"Las":4,"vot":487,"circode":9402,"Lep":80,"Pec":18,"Zem":21,"Hid":7,"Jad":20,"Pou":3,"Dup":14,"top":"Mélenchon","area_error":0.217799},"geometry":{"type":"Polygon","coordinates":[[[2.397373138416718,48.72253199726812],[2.404525427956638,48.725076990319714],[2.413356940366944,48.72223300946062],[2.4125755695779656,48.72204248755729],[2.4120936350237856,48.72190150653607],[2.412332462149892,48.721832258976235],[2.411878659273736,48.72176877368774],[2.4116031048679045,48.72173435780304],[2.4113232360581858,48.721696671566164],[2.411224571001939,48.72168334403287],[2.4110956323114157,48.72169456972096],[2.4109270327063776,48.721726548177315],[2.4106665629000563,48.72176998831715],[2.39737579800811,48.72179210616878],[2.397373138416718,48.72253199726812]]],"rewind":true}},{"type":"Feature","properties":{"depname":"Val-de-Marne","bvonum":"0010","comcode":94054,"cancode":9415,"bvocode":"94054_10","cirname":"2ème circonscription","exp":672,"depcode":94,"cannum":7,"canname":"Orly","comname":"Orly","ins":1037,"Art":6,"Mel":409,"Rou":12,"Mac":114,"Las":11,"vot":678,"circode":9402,"Lep":68,"Pec":11,"Zem":13,"Hid":7,"Jad":10,"Pou":5,"Dup":6,"top":"Mélenchon","area_error":0.004226},"geometry":{"type":"Polygon","coordinates":[[[2.43411571717021,48.73028483802384],[2.4375969519056646,48.732208892029725],[2.4376416357641744,48.73217325373757],[2.4385203266137463,48.73156556705841],[2.4396435084597257,48.73155704361814],[2.439916859248073,48.73154644587774],[2.4410001759440214,48.73148052444768],[2.442484224086282,48.731388094989526],[2.447707263262161,48.730691042598984],[2.44804202832706,48.73063765069374],[2.448599466921835,48.730569818111114],[2.4489542254866308,48.73051175102633],[2.449273846321417,48.73046744017533],[2.4498468113221654,48.73038151864505],[2.4508231546053607,48.73019503873414],[2.4512532967914558,48.73007768604391],[2.4516717952775267,48.729925695908],[2.4520728716108224,48.729748402261016],[2.4523954502175647,48.72955955546604],[2.4527956587525988,48.72927392241487],[2.4529761632752374,48.729137117956526],[2.453309172429292,48.72883307600718],[2.452665388456573,48.728819107284515],[2.4517328752155074,48.728756646854436],[2.4511519978894056,48.72865517587608],[2.450707578162464,48.7285496924853],[2.4493649967416475,48.72839175525095],[2.4472739584023184,48.728203726839354],[2.44722759852777,48.7282630278017],[2.4467500646752613,48.72825888161056],[2.445007203404989,48.728241008222525],[2.443262311405119,48.72831577645385],[2.44233813599491,48.72839812939933],[2.441800662399064,48.7289221171631],[2.4389636948464455,48.72928190956798],[2.4384085298812765,48.72977313772136],[2.438271403765028,48.72986718364813],[2.4382677521604514,48.7299121665559],[2.434541423840613,48.72995586753707],[2.43411571717021,48.73028483802384]]],"rewind":true}},{"type":"Feature","properties":{"depname":"Val-de-Marne","bvonum":"0011","comcode":94054,"cancode":9415,"bvocode":"94054_11","cirname":"2ème circonscription","exp":699,"depcode":94,"cannum":7,"canname":"Orly","comname":"Orly","ins":948,"Art":3,"Mel":268,"Rou":29,"Mac":162,"Las":6,"vot":709,"circode":9402,"Lep":131,"Pec":23,"Zem":29,"Hid":7,"Jad":24,"Pou":5,"Dup":12,"top":"Mélenchon","area_error":0.060316},"geometry":{"type":"Polygon","coordinates":[[[2.3970872477367324,48.72062102889715],[2.398792274236183,48.718562589221],[2.3984334147457322,48.71852622124532],[2.397976590532413,48.718570092185],[2.3974035181168407,48.71867952307954],[2.3978224072728747,48.718480021653725],[2.3980389942121407,48.7181807190746],[2.3972906565100187,48.71826353697943],[2.3971591024629326,48.718099613955445],[2.3963702346766422,48.71815417590951],[2.395102506025201,48.71801741955775],[2.393461608075532,48.7180074839939],[2.3933221229791584,48.71795878023638],[2.391942145445258,48.71796100670247],[2.3917859137326807,48.7179002414909],[2.3915915158291723,48.717823936044745],[2.38866646325608,48.7179164729087],[2.3879049370701892,48.717981319820176],[2.387066599442101,48.71804366081236],[2.386490619004688,48.71808863776183],[2.38518001090746,48.71821417227016],[2.3847115652147712,48.7212855027598],[2.3970872477367324,48.72062102889715]]],"rewind":true}},{"type":"Feature","properties":{"depname":"Val-de-Marne","bvonum":"0012","comcode":94054,"cancode":9415,"bvocode":"94054_12","cirname":"2ème circonscription","exp":803,"depcode":94,"cannum":7,"canname":"Orly","comname":"Orly","ins":1124,"Art":4,"Mel":383,"Rou":26,"Mac":164,"Las":8,"vot":820,"circode":9402,"Lep":115,"Pec":29,"Zem":33,"Hid":5,"Jad":20,"Pou":7,"Dup":9,"top":"Mélenchon","area_error":-0.052313},"geometry":{"type":"Polygon","coordinates":[[[2.404648299277773,48.72516387967652],[2.414981503631078,48.727927902720765],[2.4166068712231223,48.727529158841115],[2.4179840329630466,48.72489956308728],[2.4168370073897334,48.72460002142753],[2.4161938099293376,48.72424731573272],[2.4156167693708888,48.72410973684591],[2.4160585478742815,48.723566746670244],[2.4153174972587186,48.72319458269999],[2.414835805470443,48.72301025226788],[2.414939887195916,48.722960553467075],[2.413823529540581,48.722560769208],[2.413623253451642,48.722614012459466],[2.412847436314011,48.72245914898864],[2.4134853392930475,48.72225040851516],[2.413356940366944,48.72223300946062],[2.404525427956638,48.725076990319714],[2.404648299277773,48.72516387967652]]],"rewind":true}},{"type":"Feature","properties":{"depname":"Val-de-Marne","bvonum":"0002","comcode":94054,"cancode":9415,"bvocode":"94054_2","cirname":"2ème circonscription","exp":554,"depcode":94,"cannum":7,"canname":"Orly","comname":"Orly","ins":773,"Art":4,"Mel":189,"Rou":15,"Mac":145,"Las":4,"vot":561,"circode":9402,"Lep":100,"Pec":14,"Zem":33,"Hid":6,"Jad":31,"Pou":6,"Dup":7,"top":"Mélenchon","area_error":-0.097566},"geometry":{"type":"Polygon","coordinates":[[[2.397373138416718,48.72253199726812],[2.39737579800811,48.72179210616878],[2.3970872477367324,48.72062102889715],[2.3847115652147712,48.7212855027598],[2.382668118903002,48.725805773718434],[2.385308618539207,48.72387205171452],[2.3883569143936514,48.72184621833494],[2.38832492542686,48.721891003716166],[2.3876311659577847,48.72299839655558],[2.38835131935123,48.722782614627434],[2.3888722315155273,48.722645476145075],[2.389593056814861,48.72246042789118],[2.389849258709635,48.72237452939624],[2.38997332929057,48.722330573233954],[2.390348791264327,48.72217677879081],[2.3925587954257312,48.721589737247484],[2.3925916605741673,48.722147245865784],[2.3933365328752263,48.7222447973908],[2.393359723201204,48.7228746543867],[2.3940727493136325,48.72369391621809],[2.394357539264046,48.7237478057401],[2.397373138416718,48.72253199726812]]],"rewind":true}},{"type":"Feature","properties":{"depname":"Val-de-Marne","bvonum":"0003","comcode":94054,"cancode":9415,"bvocode":"94054_3","cirname":"2ème circonscription","exp":720,"depcode":94,"cannum":7,"canname":"Orly","comname":"Orly","ins":913,"Art":4,"Mel":225,"Rou":24,"Mac":216,"Las":12,"vot":728,"circode":9402,"Lep":123,"Pec":35,"Zem":36,"Hid":8,"Jad":19,"Pou":5,"Dup":13,"top":"Mélenchon","area_error":-0.25315},"geometry":{"type":"Polygon","coordinates":[[[2.3970872477367324,48.72062102889715],[2.39737579800811,48.72179210616878],[2.4106665629000563,48.72176998831715],[2.4104766958611976,48.72180279288912],[2.4103376837875587,48.72182453871068],[2.4101271028094127,48.72179876750052],[2.409989517759482,48.7217757310893],[2.4096088418939092,48.721715515541845],[2.410153742255944,48.721522440893814],[2.410285609501852,48.72145940734194],[2.4105315094462356,48.72123620616738],[2.410310360306583,48.72126479530712],[2.4081054549783243,48.72087123082462],[2.4066659222673707,48.72039021045525],[2.4049833463196992,48.72010943322314],[2.4033090233480046,48.71949074080513],[2.402224763313158,48.71900867828105],[2.401656842093362,48.71888406946407],[2.4010452424172,48.7187749000405],[2.3989212559579274,48.71867432551471],[2.399015018291225,48.71859622754856],[2.398792274236183,48.718562589221],[2.3970872477367324,48.72062102889715]]],"rewind":true}},{"type":"Feature","properties":{"depname":"Val-de-Marne","bvonum":"0004","comcode":94054,"cancode":9415,"bvocode":"94054_4","cirname":"2ème circonscription","exp":740,"depcode":94,"cannum":7,"canname":"Orly","comname":"Orly","ins":975,"Art":4,"Mel":295,"Rou":40,"Mac":155,"Las":11,"vot":750,"circode":9402,"Lep":119,"Pec":23,"Zem":47,"Hid":8,"Jad":19,"Pou":5,"Dup":14,"top":"Mélenchon","area_error":0.017454},"geometry":{"type":"Polygon","coordinates":[[[2.404648299277773,48.72516387967652],[2.404525427956638,48.725076990319714],[2.397373138416718,48.72253199726812],[2.394357539264046,48.7237478057401],[2.3956927807377983,48.72409882801887],[2.396056708032339,48.72424327749572],[2.39504369607884,48.72469518723638],[2.3944185294090765,48.725062449046234],[2.393965663905127,48.72536983934042],[2.3945722292264957,48.7255572591439],[2.394952424183641,48.72566173944972],[2.395392965170803,48.725703726775016],[2.3957768068867145,48.72572607778786],[2.396237327344733,48.725786578224934],[2.3966674380209287,48.7258298543474],[2.397100986209406,48.72587219077514],[2.3974815561561567,48.725894008735054],[2.39815256498722,48.72587096988528],[2.39871788252419,48.725818119283],[2.3991963559134573,48.72609157892123],[2.399448325064814,48.72624273339917],[2.400588308686769,48.72695245441186],[2.4009330967303537,48.72721905319943],[2.4020138090799152,48.72798426312482],[2.4024621642205912,48.728397758337024],[2.4026350861132344,48.728556806024],[2.403812865883529,48.72955950173736],[2.403850615457778,48.729462117713666],[2.403959985866089,48.72851851026096],[2.4039818028911335,48.728170901250664],[2.4039869607870408,48.72808203332996],[2.4039971452907842,48.7279474466179],[2.404018917920197,48.727750714493865],[2.4043737724466165,48.72806916560922],[2.405312706631112,48.72899484258031],[2.4066876576449,48.7303059240514],[2.4068026815832053,48.73039675386153],[2.4078349085685167,48.73127531690653],[2.404648299277773,48.72516387967652]]],"rewind":true}},{"type":"Feature","properties":{"depname":"Val-de-Marne","bvonum":"0005","comcode":94054,"cancode":9415,"bvocode":"94054_5","cirname":"2ème circonscription","exp":651,"depcode":94,"cannum":7,"canname":"Orly","comname":"Orly","ins":1050,"Art":3,"Mel":340,"Rou":11,"Mac":116,"Las":4,"vot":669,"circode":9402,"Lep":107,"Pec":11,"Zem":24,"Hid":3,"Jad":8,"Pou":6,"Dup":18,"top":"Mélenchon","area_error":0.020434},"geometry":{"type":"Polygon","coordinates":[[[2.41208100644704,48.73247704904066],[2.414981503631078,48.727927902720765],[2.404648299277773,48.72516387967652],[2.4078349085685167,48.73127531690653],[2.4090630826491957,48.73205531723414],[2.410585712947584,48.73278868364505],[2.41059305902524,48.73279214515868],[2.410619909364047,48.732805192046186],[2.41208100644704,48.73247704904066]]],"rewind":true}},{"type":"Feature","properties":{"depname":"Val-de-Marne","bvonum":"0006","comcode":94054,"cancode":9415,"bvocode":"94054_6","cirname":"2ème circonscription","exp":810,"depcode":94,"cannum":7,"canname":"Orly","comname":"Orly","ins":1209,"Art":13,"Mel":467,"Rou":16,"Mac":141,"Las":7,"vot":833,"circode":9402,"Lep":89,"Pec":15,"Zem":30,"Hid":5,"Jad":10,"Pou":2,"Dup":15,"top":"Mélenchon","area_error":-0.004734},"geometry":{"type":"Polygon","coordinates":[[[2.4166068712231223,48.727529158841115],[2.4229744095507924,48.72959013166642],[2.43411571717021,48.73028483802384],[2.434541423840613,48.72995586753707],[2.4340765858319133,48.729908024292946],[2.4341135493326456,48.72964559273203],[2.431292550488235,48.728818971990016],[2.430454545355854,48.72840977272772],[2.429547135205921,48.7279747073656],[2.4278526483155614,48.72716130461623],[2.4272688601808516,48.726858046865686],[2.4270452151009025,48.7271653734751],[2.4230183873461866,48.725654755548774],[2.418764038835757,48.72498023172232],[2.418576153725331,48.7249492076798],[2.4179840329630466,48.72489956308728],[2.4166068712231223,48.727529158841115]]],"rewind":true}},{"type":"Feature","properties":{"depname":"Val-de-Marne","bvonum":"0007","comcode":94054,"cancode":9415,"bvocode":"94054_7","cirname":"2ème circonscription","exp":497,"depcode":94,"cannum":7,"canname":"Orly","comname":"Orly","ins":819,"Art":2,"Mel":263,"Rou":17,"Mac":83,"Las":5,"vot":511,"circode":9402,"Lep":65,"Pec":17,"Zem":21,"Hid":4,"Jad":7,"Pou":5,"Dup":8,"top":"Mélenchon","area_error":0.074406},"geometry":{"type":"Polygon","coordinates":[[[2.4230156091885844,48.73232586397177],[2.41208100644704,48.73247704904066],[2.410619909364047,48.732805192046186],[2.411997358760563,48.7333405305351],[2.412309746610578,48.73343942694644],[2.413084364582531,48.73362067401722],[2.41487424127377,48.734057531718086],[2.417819526284964,48.73445791386444],[2.42269960999697,48.73459599399234],[2.4234791824450848,48.734606688163254],[2.4268182985354136,48.73466573833933],[2.4272235728828186,48.7343090271332],[2.4273790002214546,48.73407550518772],[2.429880878413614,48.73414742450856],[2.431449854416523,48.734127308399536],[2.432867840496019,48.73408734180952],[2.4337845094899686,48.73402154165492],[2.4230156091885844,48.73232586397177]]],"rewind":true}},{"type":"Feature","properties":{"depname":"Val-de-Marne","bvonum":"0008","comcode":94054,"cancode":9415,"bvocode":"94054_8","cirname":"2ème circonscription","exp":784,"depcode":94,"cannum":7,"canname":"Orly","comname":"Orly","ins":1188,"Art":4,"Mel":465,"Rou":20,"Mac":123,"Las":10,"vot":798,"circode":9402,"Lep":112,"Pec":10,"Zem":14,"Hid":6,"Jad":8,"Pou":6,"Dup":6,"top":"Mélenchon","area_error":-0.021353},"geometry":{"type":"Polygon","coordinates":[[[2.4230156091885844,48.73232586397177],[2.4337845094899686,48.73402154165492],[2.4339765768375554,48.73400400365383],[2.435810792569471,48.733720162238626],[2.4375969519056646,48.732208892029725],[2.43411571717021,48.73028483802384],[2.4229744095507924,48.72959013166642],[2.4230156091885844,48.73232586397177]]],"rewind":true}},{"type":"Feature","properties":{"depname":"Val-de-Marne","bvonum":"0009","comcode":94054,"cancode":9415,"bvocode":"94054_9","cirname":"2ème circonscription","exp":765,"depcode":94,"cannum":7,"canname":"Orly","comname":"Orly","ins":1086,"Art":5,"Mel":415,"Rou":19,"Mac":123,"Las":4,"vot":780,"circode":9402,"Lep":115,"Pec":14,"Zem":30,"Hid":5,"Jad":18,"Pou":10,"Dup":7,"top":"Mélenchon","area_error":-0.057413},"geometry":{"type":"Polygon","coordinates":[[[2.414981503631078,48.727927902720765],[2.41208100644704,48.73247704904066],[2.4230156091885844,48.73232586397177],[2.4229744095507924,48.72959013166642],[2.4166068712231223,48.727529158841115],[2.414981503631078,48.727927902720765]]],"rewind":true}},{"type":"Feature","properties":{"depname":"Val-de-Marne","bvonum":"0001","comcode":94055,"cancode":9418,"bvocode":"94055_1","cirname":"4ème circonscription","exp":752,"depcode":94,"cannum":11,"canname":"Saint-Maur-des-Fossés-2","comname":"Ormesson-sur-Marne","ins":992,"Art":4,"Mel":125,"Rou":16,"Mac":266,"Las":15,"vot":768,"circode":9404,"Lep":166,"Pec":68,"Zem":44,"Hid":5,"Jad":24,"Pou":0,"Dup":19,"top":"Macron","area_error":0.033274},"geometry":{"type":"Polygon","coordinates":[[[2.563146797361787,48.75638281941588],[2.5627739554653086,48.75397529486832],[2.562643066796949,48.75405244456973],[2.5517546009341734,48.761684757282325],[2.552062860913486,48.76169640374407],[2.552275003730937,48.76171542442303],[2.5526550836459934,48.762172461456785],[2.552929576381497,48.7625715744561],[2.553461158335018,48.7634030032046],[2.554121453808187,48.7644319032019],[2.5543523327799265,48.76480967708182],[2.563146797361787,48.75638281941588]]],"rewind":true}},{"type":"Feature","properties":{"depname":"Val-de-Marne","bvonum":"0002","comcode":94055,"cancode":9418,"bvocode":"94055_2","cirname":"4ème circonscription","exp":747,"depcode":94,"cannum":11,"canname":"Saint-Maur-des-Fossés-2","comname":"Ormesson-sur-Marne","ins":959,"Art":2,"Mel":173,"Rou":16,"Mac":239,"Las":14,"vot":760,"circode":9404,"Lep":147,"Pec":49,"Zem":65,"Hid":6,"Jad":23,"Pou":2,"Dup":11,"top":"Macron","area_error":-0.010577},"geometry":{"type":"Polygon","coordinates":[[[2.5661679274101954,48.75784186155373],[2.566079615957769,48.7591794614083],[2.5659986085927593,48.75980648822127],[2.5658728133173576,48.76090423693126],[2.565772896569059,48.76182153542718],[2.56571919716481,48.762258116248],[2.565694093482392,48.7625022711184],[2.5655298038418666,48.7628252705306],[2.5657212434602448,48.76320146449742],[2.5652699372572276,48.76339104487198],[2.5653060829593075,48.763436408720914],[2.565982631384264,48.764259441949],[2.56649766744362,48.764412375712624],[2.5685775958743213,48.7646800379932],[2.568543567969616,48.764410002720226],[2.568714643026793,48.76292058559827],[2.568730402929824,48.7625461481506],[2.568781913281186,48.7615994502383],[2.56881959216849,48.76158409535266],[2.568844576369734,48.76123624286517],[2.56905586112537,48.76056840518481],[2.56910090644079,48.76054216146572],[2.5694768758034856,48.760241961117714],[2.569637516309249,48.760086888161766],[2.5694817492491744,48.75927081832075],[2.5693832415174356,48.75829953931946],[2.5698438091609788,48.757522764938926],[2.57231412244955,48.75444878074485],[2.5725545941587056,48.754117825990924],[2.5730523520943223,48.7532014851646],[2.57209992412742,48.75213831688768],[2.5720350888323074,48.752124569776164],[2.5661679274101954,48.75784186155373]]],"rewind":true}},{"type":"Feature","properties":{"depname":"Val-de-Marne","bvonum":"0003","comcode":94055,"cancode":9418,"bvocode":"94055_3","cirname":"4ème circonscription","exp":811,"depcode":94,"cannum":11,"canname":"Saint-Maur-des-Fossés-2","comname":"Ormesson-sur-Marne","ins":1012,"Art":5,"Mel":145,"Rou":13,"Mac":262,"Las":14,"vot":829,"circode":9404,"Lep":180,"Pec":46,"Zem":88,"Hid":3,"Jad":32,"Pou":8,"Dup":15,"top":"Macron","area_error":-0.076722},"geometry":{"type":"Polygon","coordinates":[[[2.546303502220053,48.76118642410093],[2.546929362517861,48.7613276248342],[2.5481246890603466,48.7615085898428],[2.5484012132422342,48.76155307097777],[2.5496295260285264,48.7617388202069],[2.549892903977794,48.76174605136926],[2.5517546009341734,48.761684757282325],[2.562643066796949,48.75405244456973],[2.54686237286526,48.75961206822095],[2.546303502220053,48.76118642410093]]],"rewind":true}},{"type":"Feature","properties":{"depname":"Val-de-Marne","bvonum":"0004","comcode":94055,"cancode":9418,"bvocode":"94055_4","cirname":"4ème circonscription","exp":731,"depcode":94,"cannum":11,"canname":"Saint-Maur-des-Fossés-2","comname":"Ormesson-sur-Marne","ins":1013,"Art":2,"Mel":139,"Rou":20,"Mac":231,"Las":15,"vot":758,"circode":9404,"Lep":150,"Pec":48,"Zem":72,"Hid":8,"Jad":32,"Pou":4,"Dup":10,"top":"Macron","area_error":-0.006209},"geometry":{"type":"Polygon","coordinates":[[[2.54686237286526,48.75961206822095],[2.5425366516664925,48.7564247570467],[2.542281451510238,48.756359354095125],[2.541983589550674,48.75623600555953],[2.5415274753151054,48.756153469859385],[2.541116271004082,48.756102082130134],[2.5406807046808457,48.755992455119575],[2.54029847383066,48.75576863107207],[2.53979390350856,48.75535297248948],[2.53961362178759,48.75525409827239],[2.539022095416084,48.75499140026439],[2.538946343112794,48.75506104559544],[2.5391144244238224,48.75530774779516],[2.539184206081834,48.755468063692476],[2.539409318194412,48.75604813455602],[2.539561093672113,48.75633871908571],[2.5405334196909646,48.75754747329254],[2.540982434291813,48.75793833619066],[2.541535216475334,48.758427007440964],[2.5390906748466646,48.758621899650734],[2.53896847708681,48.75867317713722],[2.535201697236941,48.75734686989451],[2.534176224480391,48.75694853426096],[2.53230618019222,48.7561401830554],[2.532152111848329,48.756051387821884],[2.5322995421723045,48.756308923283044],[2.5324748464775437,48.75654553817962],[2.5348814865334623,48.758874993318564],[2.535606099783589,48.75967332500324],[2.5362218386657682,48.760035725976465],[2.536674890108288,48.76034459751388],[2.538084253519675,48.76124982836475],[2.538614246293756,48.76147244000602],[2.5392831236722064,48.76133852870096],[2.538530903518354,48.76104573558879],[2.53884270647137,48.7609881608227],[2.5393016526081964,48.76087970417135],[2.53978885296142,48.760842958630086],[2.5403216476911807,48.76077310249252],[2.5399821414580046,48.76064804610126],[2.541994799372016,48.76015879025335],[2.54510348300165,48.76130403321268],[2.5456152909088,48.761076937751],[2.545869195510598,48.761053096386476],[2.546303502220053,48.76118642410093],[2.54686237286526,48.75961206822095]]],"rewind":true}},{"type":"Feature","properties":{"depname":"Val-de-Marne","bvonum":"0005","comcode":94055,"cancode":9418,"bvocode":"94055_5","cirname":"4ème circonscription","exp":661,"depcode":94,"cannum":11,"canname":"Saint-Maur-des-Fossés-2","comname":"Ormesson-sur-Marne","ins":902,"Art":3,"Mel":100,"Rou":8,"Mac":242,"Las":11,"vot":673,"circode":9404,"Lep":123,"Pec":63,"Zem":67,"Hid":2,"Jad":21,"Pou":7,"Dup":14,"top":"Macron","area_error":0.008459},"geometry":{"type":"Polygon","coordinates":[[[2.563146797361787,48.75638281941588],[2.5543523327799265,48.76480967708182],[2.5549665898826284,48.76565467708707],[2.5550538695786456,48.765776641989945],[2.5553167529845577,48.7660190895903],[2.5555176204282812,48.766042719480055],[2.5558382999794933,48.765867921418334],[2.560413094954738,48.76306560301253],[2.56112375443724,48.76250298735869],[2.562060671284415,48.761759236009645],[2.5624613213968224,48.76157307590857],[2.562932426303674,48.76115766154687],[2.563181515055633,48.760878605105276],[2.563932167285374,48.76008390886468],[2.5641729385799783,48.759792333270234],[2.5642068843172225,48.75973901150493],[2.5643557401476027,48.759515562192284],[2.5644927288842023,48.759333077949236],[2.564611041646564,48.7591411222336],[2.56465651489093,48.7590712410151],[2.5653342759757765,48.75817420030978],[2.563146797361787,48.75638281941588]]],"rewind":true}},{"type":"Feature","properties":{"depname":"Val-de-Marne","bvonum":"0006","comcode":94055,"cancode":9418,"bvocode":"94055_6","cirname":"4ème circonscription","exp":804,"depcode":94,"cannum":11,"canname":"Saint-Maur-des-Fossés-2","comname":"Ormesson-sur-Marne","ins":1008,"Art":1,"Mel":109,"Rou":11,"Mac":330,"Las":15,"vot":815,"circode":9404,"Lep":117,"Pec":65,"Zem":89,"Hid":8,"Jad":40,"Pou":1,"Dup":18,"top":"Macron","area_error":0.048536},"geometry":{"type":"Polygon","coordinates":[[[2.54686237286526,48.75961206822095],[2.562643066796949,48.75405244456973],[2.5627739554653086,48.75397529486832],[2.5633566002975665,48.753269001982154],[2.56281430862869,48.75335541035698],[2.56264174455339,48.75318148711729],[2.56228317702504,48.75319986006485],[2.5620636615672217,48.7531860666279],[2.5617624506507717,48.75318320682354],[2.5613639454449584,48.7532526511355],[2.5612592682529987,48.7532530309584],[2.5612071871385025,48.75319177974236],[2.5609861822339988,48.753215863290755],[2.56055759915694,48.7532205139668],[2.5604329119354654,48.7532406237054],[2.5601123197792037,48.75325759984937],[2.560032685087104,48.7532418322887],[2.560000502700601,48.75315566627352],[2.560170621694377,48.75305234564282],[2.5601499022293273,48.7530072102795],[2.559667986939248,48.75307160493103],[2.5586299642835613,48.7531411709628],[2.5585255950550208,48.7531111285579],[2.5581600536441345,48.75316014492658],[2.557377245030934,48.75348978257024],[2.5562699096942847,48.75391398366897],[2.5561532280411727,48.75400627526236],[2.5553399243108275,48.754263440594286],[2.554457189828202,48.7545454318085],[2.5538642526110618,48.754671574423334],[2.5530475610572325,48.75491687743544],[2.55266488468767,48.754909927614065],[2.5525823971427837,48.75487831387128],[2.55222385383088,48.754942809199285],[2.551945596961973,48.75507401015837],[2.551797192473242,48.75510547889158],[2.5515002409694807,48.755099359849645],[2.551347820044938,48.75513389541978],[2.5511013904287143,48.755085500783615],[2.5507520581194347,48.75513631348562],[2.5509614126575655,48.75533379518475],[2.5507673494332463,48.75552498208366],[2.55074147906933,48.755595257632386],[2.55048883967264,48.7556748431402],[2.550178660728473,48.75588557170083],[2.5502853091934927,48.755868385544325],[2.5505530016379625,48.75582803970627],[2.5503129524618613,48.75599803954409],[2.550038789519329,48.75601772839145],[2.5499862033658487,48.7561838529579],[2.5495440025691347,48.7563942184262],[2.54978416923456,48.75639724119858],[2.549804675005977,48.75647352644084],[2.5501242202271666,48.7563861824369],[2.550080934435624,48.75649365768226],[2.549762888564586,48.75666513288297],[2.549137467455689,48.75692496811403],[2.5486875503888045,48.757107870554314],[2.54783159155471,48.75743891646628],[2.547352443163767,48.75743861419185],[2.5468917625252163,48.7575582594312],[2.5466907645007884,48.75744295718914],[2.54638070938562,48.75733473180352],[2.54628748521282,48.7571993250983],[2.54596979526901,48.75686411581094],[2.5456436106302,48.756760905130186],[2.5448334207322265,48.75678136376064],[2.544276866258455,48.75671387837799],[2.5437406871854966,48.7566775131256],[2.5432005780638884,48.75657357364573],[2.5425366516664925,48.7564247570467],[2.54686237286526,48.75961206822095]]],"rewind":true}},{"type":"Feature","properties":{"depname":"Val-de-Marne","bvonum":"0007","comcode":94055,"cancode":9418,"bvocode":"94055_7","cirname":"4ème circonscription","exp":691,"depcode":94,"cannum":11,"canname":"Saint-Maur-des-Fossés-2","comname":"Ormesson-sur-Marne","ins":920,"Art":3,"Mel":105,"Rou":9,"Mac":249,"Las":11,"vot":706,"circode":9404,"Lep":152,"Pec":63,"Zem":49,"Hid":7,"Jad":23,"Pou":1,"Dup":19,"top":"Macron","area_error":-0.004625},"geometry":{"type":"Polygon","coordinates":[[[2.5627739554653086,48.75397529486832],[2.563146797361787,48.75638281941588],[2.5653342759757765,48.75817420030978],[2.56546949085595,48.758025441968286],[2.566149866157512,48.7575051914331],[2.5661679274101954,48.75784186155373],[2.5720350888323074,48.752124569776164],[2.571905322583551,48.752096329024056],[2.5717762078052164,48.7520167922736],[2.571679898596384,48.751884830357824],[2.571496378820767,48.75159044482491],[2.57119110540263,48.7512064413194],[2.571037312955391,48.751080142832336],[2.570851338728839,48.75097718486446],[2.5707097992708676,48.7509239451644],[2.570157676205266,48.751006552570814],[2.5698147822357846,48.75107789544543],[2.569479505530417,48.75114701173704],[2.567665116305025,48.751670470081486],[2.56716322730319,48.7519104032791],[2.566565718370865,48.75217009528596],[2.5663351090305278,48.75230047897815],[2.565826077706218,48.752662210408644],[2.5656633371183024,48.75273863267426],[2.5633566002975665,48.753269001982154],[2.5627739554653086,48.75397529486832]]],"rewind":true}},{"type":"Feature","properties":{"depname":"Val-de-Marne","bvonum":"0001","comcode":94056,"cancode":9416,"bvocode":"94056_1","cirname":"3ème circonscription","exp":692,"depcode":94,"cannum":9,"canname":"Plateau briard","comname":"Périgny-sur-Yerres","ins":892,"Art":4,"Mel":117,"Rou":22,"Mac":208,"Las":15,"vot":709,"circode":9403,"Lep":140,"Pec":38,"Zem":68,"Hid":8,"Jad":45,"Pou":4,"Dup":23,"top":"Macron","area_error":0.022963},"geometry":{"type":"Polygon","coordinates":[[[2.5628347149732753,48.71396160420357],[2.5629681321807416,48.71414014229452],[2.563148300604361,48.71440723091915],[2.563258496821856,48.71461545517554],[2.5637584638733326,48.71521786479145],[2.563865072248202,48.71521511669835],[2.564058731948938,48.71525251524166],[2.5641230432444546,48.715276952071214],[2.5641889591305036,48.715311107780686],[2.5642628571931745,48.715387488648624],[2.5645699834831466,48.71577562744644],[2.5650142133466307,48.71625682362893],[2.565220060629321,48.71657479975128],[2.5653619854272054,48.71681574282791],[2.566005074317561,48.7171082158731],[2.566139498597355,48.71360154574962],[2.568196701435031,48.710266696599454],[2.575997307708627,48.70545084072316],[2.566681632743183,48.70903271595853],[2.5681687953097634,48.70565639414067],[2.5652894455278177,48.70807671134759],[2.5628347149732753,48.71396160420357]]],"rewind":true}},{"type":"Feature","properties":{"depname":"Val-de-Marne","bvonum":"0002","comcode":94056,"cancode":9416,"bvocode":"94056_2","cirname":"3ème circonscription","exp":677,"depcode":94,"cannum":9,"canname":"Plateau briard","comname":"Périgny-sur-Yerres","ins":890,"Art":2,"Mel":117,"Rou":12,"Mac":216,"Las":16,"vot":697,"circode":9403,"Lep":140,"Pec":39,"Zem":69,"Hid":5,"Jad":37,"Pou":2,"Dup":22,"top":"Macron","area_error":0.005598},"geometry":{"type":"Polygon","coordinates":[[[2.5652894455278177,48.70807671134759],[2.5636958888125925,48.70701818354364],[2.5612756432896013,48.705732464931664],[2.55991919616255,48.70882068756568],[2.557619204816693,48.708987634492516],[2.5572830713705277,48.70997967352886],[2.558665645030886,48.7114778550675],[2.5595536394097227,48.71236234502421],[2.55988911013215,48.71237972067303],[2.560047031605943,48.71240586015961],[2.560419363086962,48.71248452746209],[2.56077651141032,48.71260958619624],[2.561025510534612,48.71273785381337],[2.56110718132659,48.712813118974786],[2.5612332166877962,48.7129036966299],[2.5616292869708985,48.7131516186799],[2.562321049422952,48.71303939653721],[2.562551362275605,48.71340112556667],[2.56274481155163,48.7137988820963],[2.562829863062715,48.7139545891576],[2.5628347149732753,48.71396160420357],[2.5652894455278177,48.70807671134759]]],"rewind":true}},{"type":"Feature","properties":{"depname":"Val-de-Marne","bvonum":"0001","comcode":94058,"cancode":9414,"bvocode":"94058_1","cirname":"5ème circonscription","exp":957,"depcode":94,"cannum":12,"canname":"Nogent-sur-Marne","comname":"Le Perreux-sur-Marne","ins":1260,"Art":0,"Mel":162,"Rou":17,"Mac":355,"Las":14,"vot":978,"circode":9405,"Lep":93,"Pec":108,"Zem":124,"Hid":12,"Jad":48,"Pou":4,"Dup":20,"top":"Macron","area_error":0.013907},"geometry":{"type":"Polygon","coordinates":[[[2.5255503299510313,48.8380285546796],[2.5256432668974322,48.83835664841577],[2.532586714464196,48.83340772719841],[2.5327419818268693,48.83201173666649],[2.5328042694931825,48.831631625967255],[2.5328812656690327,48.83075323507023],[2.53297169026817,48.8294320871146],[2.533236288259962,48.827749450974565],[2.52793579137254,48.829233552122574],[2.5254869211801285,48.83252478901783],[2.5255503299510313,48.8380285546796]]],"rewind":true}},{"type":"Feature","properties":{"depname":"Val-de-Marne","bvonum":"0010","comcode":94058,"cancode":9414,"bvocode":"94058_10","cirname":"5ème circonscription","exp":880,"depcode":94,"cannum":12,"canname":"Nogent-sur-Marne","comname":"Le Perreux-sur-Marne","ins":1144,"Art":3,"Mel":200,"Rou":13,"Mac":295,"Las":13,"vot":897,"circode":9405,"Lep":108,"Pec":73,"Zem":80,"Hid":9,"Jad":65,"Pou":4,"Dup":17,"top":"Macron","area_error":0.021762},"geometry":{"type":"Polygon","coordinates":[[[2.5152014966041687,48.8453419751824],[2.517728059639288,48.847676338378854],[2.527604167708879,48.842684075635624],[2.525419351703268,48.83941806000021],[2.51565562424195,48.84449796207985],[2.5152014966041687,48.8453419751824]]],"rewind":true}},{"type":"Feature","properties":{"depname":"Val-de-Marne","bvonum":"0011","comcode":94058,"cancode":9414,"bvocode":"94058_11","cirname":"5ème circonscription","exp":875,"depcode":94,"cannum":12,"canname":"Nogent-sur-Marne","comname":"Le Perreux-sur-Marne","ins":1124,"Art":4,"Mel":173,"Rou":21,"Mac":324,"Las":12,"vot":890,"circode":9405,"Lep":99,"Pec":62,"Zem":67,"Hid":18,"Jad":69,"Pou":4,"Dup":22,"top":"Macron","area_error":0.002611},"geometry":{"type":"Polygon","coordinates":[[[2.5186201713950966,48.84901882249993],[2.521525935596259,48.84936644780617],[2.5327759100716736,48.8444868652291],[2.527604167708879,48.842684075635624],[2.517728059639288,48.847676338378854],[2.5186201713950966,48.84901882249993]]],"rewind":true}},{"type":"Feature","properties":{"depname":"Val-de-Marne","bvonum":"0012","comcode":94058,"cancode":9414,"bvocode":"94058_12","cirname":"5ème circonscription","exp":979,"depcode":94,"cannum":12,"canname":"Nogent-sur-Marne","comname":"Le Perreux-sur-Marne","ins":1302,"Art":4,"Mel":266,"Rou":12,"Mac":340,"Las":23,"vot":996,"circode":9405,"Lep":94,"Pec":67,"Zem":72,"Hid":16,"Jad":68,"Pou":4,"Dup":13,"top":"Macron","area_error":-0.015415},"geometry":{"type":"Polygon","coordinates":[[[2.516055279193518,48.83519574190257],[2.51672629226629,48.831959678402924],[2.512060017664163,48.82854742606968],[2.5119154156657766,48.8291729328089],[2.51135432344043,48.83099974889723],[2.510870572309943,48.83274172384026],[2.51019570014003,48.83588598621023],[2.50978668782615,48.838679671034384],[2.509588280350662,48.8405208169726],[2.5094326805932767,48.84211950526542],[2.516055279193518,48.83519574190257]]],"rewind":true}},{"type":"Feature","properties":{"depname":"Val-de-Marne","bvonum":"0013","comcode":94058,"cancode":9414,"bvocode":"94058_13","cirname":"5ème circonscription","exp":937,"depcode":94,"cannum":12,"canname":"Nogent-sur-Marne","comname":"Le Perreux-sur-Marne","ins":1251,"Art":6,"Mel":215,"Rou":21,"Mac":312,"Las":15,"vot":947,"circode":9405,"Lep":109,"Pec":84,"Zem":80,"Hid":7,"Jad":62,"Pou":13,"Dup":13,"top":"Macron","area_error":0.029209},"geometry":{"type":"Polygon","coordinates":[[[2.51620113502344,48.83651924754926],[2.516055279193518,48.83519574190257],[2.5094326805932767,48.84211950526542],[2.50926662494915,48.842958160780825],[2.508895719636039,48.8446759506733],[2.508658420556012,48.84587331825228],[2.508507408557571,48.84674495603013],[2.5152014966041687,48.8453419751824],[2.51565562424195,48.84449796207985],[2.51620113502344,48.83651924754926]]],"rewind":true}},{"type":"Feature","properties":{"depname":"Val-de-Marne","bvonum":"0014","comcode":94058,"cancode":9414,"bvocode":"94058_14","cirname":"5ème circonscription","exp":777,"depcode":94,"cannum":12,"canname":"Nogent-sur-Marne","comname":"Le Perreux-sur-Marne","ins":992,"Art":1,"Mel":150,"Rou":15,"Mac":312,"Las":10,"vot":787,"circode":9405,"Lep":55,"Pec":55,"Zem":98,"Hid":10,"Jad":57,"Pou":4,"Dup":10,"top":"Macron","area_error":0.027025},"geometry":{"type":"Polygon","coordinates":[[[2.51672629226629,48.831959678402924],[2.51683543993909,48.83188656574185],[2.5233019871349676,48.82601622908131],[2.5231774516479732,48.8254935555824],[2.5224744700420287,48.8249772784268],[2.5121513003430938,48.82734341904374],[2.512078018909591,48.82834349245289],[2.512060017664163,48.82854742606968],[2.51672629226629,48.831959678402924]]],"rewind":true}},{"type":"Feature","properties":{"depname":"Val-de-Marne","bvonum":"0015","comcode":94058,"cancode":9414,"bvocode":"94058_15","cirname":"5ème circonscription","exp":755,"depcode":94,"cannum":12,"canname":"Nogent-sur-Marne","comname":"Le Perreux-sur-Marne","ins":1008,"Art":3,"Mel":124,"Rou":13,"Mac":297,"Las":12,"vot":772,"circode":9405,"Lep":73,"Pec":77,"Zem":77,"Hid":14,"Jad":57,"Pou":2,"Dup":6,"top":"Macron","area_error":0.029967},"geometry":{"type":"Polygon","coordinates":[[[2.5206173500831093,48.8214712813845],[2.521369026484348,48.81738595681605],[2.5216735447025154,48.813334339188216],[2.5214743002767728,48.8133505156058],[2.5209006835563392,48.813445699557924],[2.5203935150867576,48.81356621351427],[2.5197919608245423,48.81373454432745],[2.5191133104143515,48.81384670081491],[2.5184576883012038,48.81383233319088],[2.51821303065671,48.81377527806704],[2.5177548780457077,48.814622572544074],[2.5175288011856356,48.81509533419103],[2.51652578715485,48.81728521877803],[2.5160447572739173,48.8181180134622],[2.515622447994944,48.81892423104203],[2.5153082038322028,48.81946675265214],[2.514858666622499,48.82028251939198],[2.514282539962599,48.82126670997914],[2.514119880641834,48.821571939056724],[2.5206173500831093,48.8214712813845]]],"rewind":true}},{"type":"Feature","properties":{"depname":"Val-de-Marne","bvonum":"0016","comcode":94058,"cancode":9414,"bvocode":"94058_16","cirname":"5ème circonscription","exp":840,"depcode":94,"cannum":12,"canname":"Nogent-sur-Marne","comname":"Le Perreux-sur-Marne","ins":1095,"Art":1,"Mel":178,"Rou":15,"Mac":314,"Las":13,"vot":860,"circode":9405,"Lep":69,"Pec":74,"Zem":66,"Hid":11,"Jad":82,"Pou":3,"Dup":14,"top":"Macron","area_error":-0.022129},"geometry":{"type":"Polygon","coordinates":[[[2.5224744700420287,48.8249772784268],[2.5206173500831093,48.8214712813845],[2.514119880641834,48.821571939056724],[2.513659698386411,48.822354721729674],[2.5130949501957325,48.82354002273247],[2.512326140627009,48.82610684790654],[2.5121513003430938,48.82734341904374],[2.5224744700420287,48.8249772784268]]],"rewind":true}},{"type":"Feature","properties":{"depname":"Val-de-Marne","bvonum":"0017","comcode":94058,"cancode":9414,"bvocode":"94058_17","cirname":"5ème circonscription","exp":812,"depcode":94,"cannum":12,"canname":"Nogent-sur-Marne","comname":"Le Perreux-sur-Marne","ins":1095,"Art":2,"Mel":188,"Rou":14,"Mac":261,"Las":10,"vot":827,"circode":9405,"Lep":97,"Pec":69,"Zem":68,"Hid":17,"Jad":64,"Pou":7,"Dup":15,"top":"Macron","area_error":0.021391},"geometry":{"type":"Polygon","coordinates":[[[2.5327759100716736,48.8444868652291],[2.521525935596259,48.84936644780617],[2.523769888349107,48.855966218651616],[2.5282722219053855,48.84965014734012],[2.53382112504718,48.844203740822415],[2.5327759100716736,48.8444868652291]]],"rewind":true}},{"type":"Feature","properties":{"depname":"Val-de-Marne","bvonum":"0018","comcode":94058,"cancode":9414,"bvocode":"94058_18","cirname":"5ème circonscription","exp":988,"depcode":94,"cannum":12,"canname":"Nogent-sur-Marne","comname":"Le Perreux-sur-Marne","ins":1373,"Art":5,"Mel":281,"Rou":23,"Mac":297,"Las":25,"vot":1002,"circode":9405,"Lep":144,"Pec":65,"Zem":58,"Hid":14,"Jad":61,"Pou":4,"Dup":11,"top":"Macron","area_error":-0.00739},"geometry":{"type":"Polygon","coordinates":[[[2.5186201713950966,48.84901882249993],[2.517728059639288,48.847676338378854],[2.5152014966041687,48.8453419751824],[2.508507408557571,48.84674495603013],[2.5084585491185023,48.847095370137765],[2.508369194443112,48.8479392939163],[2.509060310987847,48.84801208585604],[2.51023334601951,48.8481038079847],[2.51029486605145,48.84839050561227],[2.51041057964199,48.84933584651938],[2.51072212956985,48.85094641854883],[2.510706345993977,48.851918923537944],[2.510786900200618,48.85242436343798],[2.511119451877676,48.85254350003858],[2.511422800251786,48.85264526028645],[2.511709122954885,48.852778289530185],[2.51170126821169,48.85288297490226],[2.5120348647561954,48.85304003777367],[2.512454993982826,48.85320887896373],[2.51285827228537,48.8533704969454],[2.5130262807732633,48.85363919824413],[2.513111033843523,48.85404646439419],[2.5133779838004364,48.85447184901928],[2.5134706163080676,48.8546139597489],[2.5186201713950966,48.84901882249993]]],"rewind":true}},{"type":"Feature","properties":{"depname":"Val-de-Marne","bvonum":"0019","comcode":94058,"cancode":9414,"bvocode":"94058_19","cirname":"5ème circonscription","exp":1002,"depcode":94,"cannum":12,"canname":"Nogent-sur-Marne","comname":"Le Perreux-sur-Marne","ins":1301,"Art":5,"Mel":232,"Rou":17,"Mac":362,"Las":17,"vot":1024,"circode":9405,"Lep":122,"Pec":73,"Zem":72,"Hid":7,"Jad":67,"Pou":9,"Dup":19,"top":"Macron","area_error":-0.026489},"geometry":{"type":"Polygon","coordinates":[[[2.521525935596259,48.84936644780617],[2.5186201713950966,48.84901882249993],[2.5134706163080676,48.8546139597489],[2.514504555680171,48.8557378471303],[2.5145812417940183,48.85577321066863],[2.5150575637408625,48.8558392002528],[2.516894118208602,48.855992083661945],[2.518024182385893,48.856012945203176],[2.523769888349107,48.855966218651616],[2.521525935596259,48.84936644780617]]],"rewind":true}},{"type":"Feature","properties":{"depname":"Val-de-Marne","bvonum":"0002","comcode":94058,"cancode":9414,"bvocode":"94058_2","cirname":"5ème circonscription","exp":965,"depcode":94,"cannum":12,"canname":"Nogent-sur-Marne","comname":"Le Perreux-sur-Marne","ins":1227,"Art":2,"Mel":148,"Rou":15,"Mac":380,"Las":16,"vot":981,"circode":9405,"Lep":117,"Pec":85,"Zem":92,"Hid":10,"Jad":83,"Pou":3,"Dup":14,"top":"Macron","area_error":-0.041117},"geometry":{"type":"Polygon","coordinates":[[[2.51565562424195,48.84449796207985],[2.525419351703268,48.83941806000021],[2.5256432668974322,48.83835664841577],[2.5255503299510313,48.8380285546796],[2.51620113502344,48.83651924754926],[2.51565562424195,48.84449796207985]]],"rewind":true}},{"type":"Feature","properties":{"depname":"Val-de-Marne","bvonum":"0020","comcode":94058,"cancode":9414,"bvocode":"94058_20","cirname":"5ème circonscription","exp":1087,"depcode":94,"cannum":12,"canname":"Nogent-sur-Marne","comname":"Le Perreux-sur-Marne","ins":1446,"Art":5,"Mel":296,"Rou":20,"Mac":373,"Las":21,"vot":1102,"circode":9405,"Lep":102,"Pec":68,"Zem":98,"Hid":17,"Jad":70,"Pou":5,"Dup":12,"top":"Macron","area_error":-0.02501},"geometry":{"type":"Polygon","coordinates":[[[2.5256432668974322,48.83835664841577],[2.525419351703268,48.83941806000021],[2.527604167708879,48.842684075635624],[2.5327759100716736,48.8444868652291],[2.53382112504718,48.844203740822415],[2.534196100807363,48.8429870338841],[2.533621811945758,48.8421615737584],[2.53352914222329,48.84172275473454],[2.5332149589319326,48.841405773067734],[2.533002233222838,48.841059686256514],[2.5328985089892515,48.840497610289916],[2.532862236829549,48.83991724749788],[2.532675164369749,48.839030537002735],[2.532584697417799,48.8383640197402],[2.532546110559076,48.837648751357634],[2.532491640031952,48.83627837290267],[2.53250203325389,48.835832721390624],[2.532513691337501,48.83486564029054],[2.5325745518224108,48.83402009643862],[2.532586714464196,48.83340772719841],[2.5256432668974322,48.83835664841577]]],"rewind":true}},{"type":"Feature","properties":{"depname":"Val-de-Marne","bvonum":"0003","comcode":94058,"cancode":9414,"bvocode":"94058_3","cirname":"5ème circonscription","exp":930,"depcode":94,"cannum":12,"canname":"Nogent-sur-Marne","comname":"Le Perreux-sur-Marne","ins":1242,"Art":7,"Mel":187,"Rou":20,"Mac":329,"Las":13,"vot":948,"circode":9405,"Lep":130,"Pec":94,"Zem":78,"Hid":10,"Jad":47,"Pou":3,"Dup":12,"top":"Macron","area_error":0.002673},"geometry":{"type":"Polygon","coordinates":[[[2.51620113502344,48.83651924754926],[2.5255503299510313,48.8380285546796],[2.5254869211801285,48.83252478901783],[2.51683543993909,48.83188656574185],[2.51672629226629,48.831959678402924],[2.516055279193518,48.83519574190257],[2.51620113502344,48.83651924754926]]],"rewind":true}},{"type":"Feature","properties":{"depname":"Val-de-Marne","bvonum":"0004","comcode":94058,"cancode":9414,"bvocode":"94058_4","cirname":"5ème circonscription","exp":826,"depcode":94,"cannum":12,"canname":"Nogent-sur-Marne","comname":"Le Perreux-sur-Marne","ins":1075,"Art":2,"Mel":142,"Rou":18,"Mac":302,"Las":18,"vot":837,"circode":9405,"Lep":96,"Pec":91,"Zem":90,"Hid":6,"Jad":44,"Pou":3,"Dup":14,"top":"Macron","area_error":-0.03475},"geometry":{"type":"Polygon","coordinates":[[[2.51683543993909,48.83188656574185],[2.5254869211801285,48.83252478901783],[2.52793579137254,48.829233552122574],[2.5233019871349676,48.82601622908131],[2.51683543993909,48.83188656574185]]],"rewind":true}},{"type":"Feature","properties":{"depname":"Val-de-Marne","bvonum":"0005","comcode":94058,"cancode":9414,"bvocode":"94058_5","cirname":"5ème circonscription","exp":915,"depcode":94,"cannum":12,"canname":"Nogent-sur-Marne","comname":"Le Perreux-sur-Marne","ins":1212,"Art":2,"Mel":162,"Rou":12,"Mac":377,"Las":10,"vot":927,"circode":9405,"Lep":80,"Pec":95,"Zem":94,"Hid":14,"Jad":53,"Pou":4,"Dup":12,"top":"Macron","area_error":0.026519},"geometry":{"type":"Polygon","coordinates":[[[2.52793579137254,48.829233552122574],[2.533236288259962,48.827749450974565],[2.533286435614025,48.82749030228967],[2.5335127354221663,48.826578466291984],[2.5336624231683564,48.82623637778535],[2.5341841351728323,48.82544884230316],[2.5347910684592634,48.82463710534877],[2.5352541656175753,48.824019360766854],[2.5356245108868154,48.8235061864224],[2.5357399036747266,48.82334556956514],[2.52977426335107,48.823025934544965],[2.5231774516479732,48.8254935555824],[2.5233019871349676,48.82601622908131],[2.52793579137254,48.829233552122574]]],"rewind":true}},{"type":"Feature","properties":{"depname":"Val-de-Marne","bvonum":"0006","comcode":94058,"cancode":9414,"bvocode":"94058_6","cirname":"5ème circonscription","exp":986,"depcode":94,"cannum":12,"canname":"Nogent-sur-Marne","comname":"Le Perreux-sur-Marne","ins":1262,"Art":3,"Mel":178,"Rou":15,"Mac":397,"Las":22,"vot":1003,"circode":9405,"Lep":106,"Pec":83,"Zem":85,"Hid":22,"Jad":58,"Pou":2,"Dup":15,"top":"Macron","area_error":-0.014934},"geometry":{"type":"Polygon","coordinates":[[[2.5231774516479732,48.8254935555824],[2.52977426335107,48.823025934544965],[2.529006509094,48.82006396758665],[2.521369026484348,48.81738595681605],[2.5206173500831093,48.8214712813845],[2.5224744700420287,48.8249772784268],[2.5231774516479732,48.8254935555824]]],"rewind":true}},{"type":"Feature","properties":{"depname":"Val-de-Marne","bvonum":"0007","comcode":94058,"cancode":9414,"bvocode":"94058_7","cirname":"5ème circonscription","exp":791,"depcode":94,"cannum":12,"canname":"Nogent-sur-Marne","comname":"Le Perreux-sur-Marne","ins":1070,"Art":1,"Mel":182,"Rou":11,"Mac":281,"Las":11,"vot":803,"circode":9405,"Lep":101,"Pec":62,"Zem":80,"Hid":7,"Jad":44,"Pou":0,"Dup":11,"top":"Macron","area_error":-0.004751},"geometry":{"type":"Polygon","coordinates":[[[2.530267749908727,48.8165091771153],[2.538002749397071,48.81834794965931],[2.5380313901444636,48.81825802379799],[2.5381086903231522,48.817728303047254],[2.53816487770896,48.81688378238505],[2.537611399872066,48.813844497720055],[2.537190279154544,48.81338354316622],[2.5370149970223737,48.81320112548486],[2.5355589224618678,48.81245657688664],[2.534621971200104,48.81226261092129],[2.533604928207079,48.81211864833461],[2.5331394002601124,48.812085216076234],[2.5327646059342346,48.81211473098698],[2.5323978762243984,48.81218969761822],[2.531891706314279,48.81233076131896],[2.5314886289885146,48.81249414623607],[2.5312727818054745,48.81259443156642],[2.53058079846516,48.81290386887331],[2.53010001890376,48.8130842351242],[2.52916156363599,48.813366307276745],[2.5285205507787745,48.81348744015612],[2.530267749908727,48.8165091771153]]],"rewind":true}},{"type":"Feature","properties":{"depname":"Val-de-Marne","bvonum":"0008","comcode":94058,"cancode":9414,"bvocode":"94058_8","cirname":"5ème circonscription","exp":863,"depcode":94,"cannum":12,"canname":"Nogent-sur-Marne","comname":"Le Perreux-sur-Marne","ins":1173,"Art":2,"Mel":151,"Rou":15,"Mac":303,"Las":15,"vot":884,"circode":9405,"Lep":104,"Pec":97,"Zem":104,"Hid":11,"Jad":47,"Pou":2,"Dup":12,"top":"Macron","area_error":-0.017918},"geometry":{"type":"Polygon","coordinates":[[[2.529006509094,48.82006396758665],[2.530267749908727,48.8165091771153],[2.5285205507787745,48.81348744015612],[2.527757743132632,48.81361258206107],[2.5273633203498735,48.81365636817318],[2.5260675231576712,48.81360164011624],[2.5257461881606087,48.81355981697096],[2.525085460812382,48.813549575545856],[2.524163971335253,48.813874817093236],[2.523621856531666,48.814142367556435],[2.524174441282757,48.81332484070847],[2.524624286746255,48.81294332774388],[2.525059872438714,48.81266443250636],[2.52399136458457,48.812846252491035],[2.5220969248110117,48.81328947270708],[2.5216735447025154,48.813334339188216],[2.521369026484348,48.81738595681605],[2.529006509094,48.82006396758665]]],"rewind":true}},{"type":"Feature","properties":{"depname":"Val-de-Marne","bvonum":"0009","comcode":94058,"cancode":9414,"bvocode":"94058_9","cirname":"5ème circonscription","exp":928,"depcode":94,"cannum":12,"canname":"Nogent-sur-Marne","comname":"Le Perreux-sur-Marne","ins":1201,"Art":3,"Mel":178,"Rou":21,"Mac":333,"Las":13,"vot":940,"circode":9405,"Lep":109,"Pec":78,"Zem":108,"Hid":6,"Jad":62,"Pou":3,"Dup":14,"top":"Macron","area_error":0.000068},"geometry":{"type":"Polygon","coordinates":[[[2.530267749908727,48.8165091771153],[2.529006509094,48.82006396758665],[2.52977426335107,48.823025934544965],[2.5357399036747266,48.82334556956514],[2.536319653856653,48.82254993952383],[2.5366457642804146,48.822015347713354],[2.53725333801752,48.82070659012266],[2.538002749397071,48.81834794965931],[2.530267749908727,48.8165091771153]]],"rewind":true}},{"type":"Feature","properties":{"depname":"Val-de-Marne","bvonum":"0001","comcode":94059,"cancode":9422,"bvocode":"94059_1","cirname":"4ème circonscription","exp":772,"depcode":94,"cannum":21,"canname":"Villiers-sur-Marne","comname":"Le Plessis-Trévise","ins":1014,"Art":4,"Mel":154,"Rou":25,"Mac":244,"Las":11,"vot":793,"circode":9404,"Lep":161,"Pec":57,"Zem":69,"Hid":2,"Jad":33,"Pou":1,"Dup":11,"top":"Macron","area_error":-0.015689},"geometry":{"type":"Polygon","coordinates":[[[2.580043196056179,48.7789686429203],[2.5786527080612656,48.77869604460722],[2.5783040603915577,48.783689583982834],[2.58231701251636,48.79093292821063],[2.58499464721314,48.78897472092032],[2.580043196056179,48.7789686429203]]],"rewind":true}},{"type":"Feature","properties":{"depname":"Val-de-Marne","bvonum":"0010","comcode":94059,"cancode":9422,"bvocode":"94059_10","cirname":"4ème circonscription","exp":880,"depcode":94,"cannum":21,"canname":"Villiers-sur-Marne","comname":"Le Plessis-Trévise","ins":1165,"Art":2,"Mel":252,"Rou":17,"Mac":304,"Las":10,"vot":895,"circode":9404,"Lep":118,"Pec":49,"Zem":54,"Hid":10,"Jad":43,"Pou":4,"Dup":17,"top":"Macron","area_error":-0.062223},"geometry":{"type":"Polygon","coordinates":[[[2.5795923328462433,48.76938943630154],[2.5864794539079443,48.77569733913737],[2.5910738696957445,48.7787400353667],[2.588059816488432,48.7743207377043],[2.587802187204714,48.774158474944485],[2.586837303165752,48.7733651046532],[2.585517385562071,48.77225831459925],[2.5832582777775492,48.769607465900265],[2.5826827787826145,48.76832273192055],[2.58246298560448,48.767925273036326],[2.582089223076248,48.767325789816915],[2.5812694527323043,48.764576427140135],[2.5806302950879427,48.76230878793143],[2.5804625332731135,48.76157471856596],[2.580218180842168,48.76147770266243],[2.579844819600259,48.76282613925844],[2.579115402569096,48.76330944774594],[2.5788387814774647,48.76629474715873],[2.5795923328462433,48.76938943630154]]],"rewind":true}},{"type":"Feature","properties":{"depname":"Val-de-Marne","bvonum":"0011","comcode":94059,"cancode":9422,"bvocode":"94059_11","cirname":"4ème circonscription","exp":918,"depcode":94,"cannum":21,"canname":"Villiers-sur-Marne","comname":"Le Plessis-Trévise","ins":1163,"Art":0,"Mel":167,"Rou":24,"Mac":318,"Las":18,"vot":937,"circode":9404,"Lep":140,"Pec":58,"Zem":95,"Hid":13,"Jad":60,"Pou":8,"Dup":17,"top":"Macron","area_error":0.016661},"geometry":{"type":"Polygon","coordinates":[[[2.5864794539079443,48.77569733913737],[2.586428052923169,48.7797779486073],[2.5887937316165655,48.7852550445451],[2.5911550915541155,48.7856289485169],[2.594916118805442,48.78589790147127],[2.5910738696957445,48.7787400353667],[2.5864794539079443,48.77569733913737]]],"rewind":true}},{"type":"Feature","properties":{"depname":"Val-de-Marne","bvonum":"0002","comcode":94059,"cancode":9422,"bvocode":"94059_2","cirname":"4ème circonscription","exp":596,"depcode":94,"cannum":21,"canname":"Villiers-sur-Marne","comname":"Le Plessis-Trévise","ins":863,"Art":4,"Mel":180,"Rou":22,"Mac":166,"Las":8,"vot":611,"circode":9404,"Lep":109,"Pec":27,"Zem":40,"Hid":7,"Jad":18,"Pou":4,"Dup":11,"top":"Mélenchon","area_error":-0.019176},"geometry":{"type":"Polygon","coordinates":[[[2.5790925762559715,48.79307879592588],[2.58231701251636,48.79093292821063],[2.5783040603915577,48.783689583982834],[2.57526726650341,48.78772729230922],[2.5790925762559715,48.79307879592588]]],"rewind":true}},{"type":"Feature","properties":{"depname":"Val-de-Marne","bvonum":"0003","comcode":94059,"cancode":9422,"bvocode":"94059_3","cirname":"4ème circonscription","exp":866,"depcode":94,"cannum":21,"canname":"Villiers-sur-Marne","comname":"Le Plessis-Trévise","ins":1186,"Art":2,"Mel":230,"Rou":10,"Mac":278,"Las":19,"vot":891,"circode":9404,"Lep":150,"Pec":43,"Zem":64,"Hid":10,"Jad":30,"Pou":7,"Dup":23,"top":"Macron","area_error":0.018449},"geometry":{"type":"Polygon","coordinates":[[[2.586428052923169,48.7797779486073],[2.580580917020548,48.778823753674864],[2.580043196056179,48.7789686429203],[2.58499464721314,48.78897472092032],[2.5887937316165655,48.7852550445451],[2.586428052923169,48.7797779486073]]],"rewind":true}},{"type":"Feature","properties":{"depname":"Val-de-Marne","bvonum":"0004","comcode":94059,"cancode":9422,"bvocode":"94059_4","cirname":"4ème circonscription","exp":745,"depcode":94,"cannum":21,"canname":"Villiers-sur-Marne","comname":"Le Plessis-Trévise","ins":1020,"Art":4,"Mel":211,"Rou":16,"Mac":213,"Las":14,"vot":767,"circode":9404,"Lep":123,"Pec":39,"Zem":66,"Hid":12,"Jad":29,"Pou":6,"Dup":12,"top":"Macron","area_error":0.072021},"geometry":{"type":"Polygon","coordinates":[[[2.5786527080612656,48.77869604460722],[2.5761719456986847,48.774765572679684],[2.5729036972393446,48.78643299069472],[2.573275418401808,48.787046087112074],[2.57526726650341,48.78772729230922],[2.5783040603915577,48.783689583982834],[2.5786527080612656,48.77869604460722]]],"rewind":true}},{"type":"Feature","properties":{"depname":"Val-de-Marne","bvonum":"0005","comcode":94059,"cancode":9422,"bvocode":"94059_5","cirname":"4ème circonscription","exp":709,"depcode":94,"cannum":21,"canname":"Villiers-sur-Marne","comname":"Le Plessis-Trévise","ins":995,"Art":5,"Mel":158,"Rou":17,"Mac":216,"Las":15,"vot":721,"circode":9404,"Lep":134,"Pec":33,"Zem":55,"Hid":10,"Jad":42,"Pou":7,"Dup":17,"top":"Macron","area_error":-0.021919},"geometry":{"type":"Polygon","coordinates":[[[2.57526726650341,48.78772729230922],[2.573275418401808,48.787046087112074],[2.5733586967207738,48.787247268301186],[2.5734033929346425,48.78737081100404],[2.5736439198017624,48.78811164029357],[2.5737443891778757,48.788743900114255],[2.5738349513783954,48.789321141409985],[2.5742274594354946,48.790212152368355],[2.574106297850114,48.79039336847762],[2.57361983501025,48.79122465431344],[2.57312720001485,48.79232852382049],[2.573056494597472,48.79251403617106],[2.5767377688511677,48.79902721388123],[2.576840096172332,48.79882303138121],[2.5769822272276,48.79844492603637],[2.5772777270265017,48.79779434772317],[2.5790925762559715,48.79307879592588],[2.57526726650341,48.78772729230922]]],"rewind":true}},{"type":"Feature","properties":{"depname":"Val-de-Marne","bvonum":"0006","comcode":94059,"cancode":9422,"bvocode":"94059_6","cirname":"4ème circonscription","exp":677,"depcode":94,"cannum":21,"canname":"Villiers-sur-Marne","comname":"Le Plessis-Trévise","ins":881,"Art":3,"Mel":133,"Rou":14,"Mac":230,"Las":11,"vot":690,"circode":9404,"Lep":128,"Pec":53,"Zem":48,"Hid":8,"Jad":24,"Pou":2,"Dup":23,"top":"Macron","area_error":0.034605},"geometry":{"type":"Polygon","coordinates":[[[2.5761719456986847,48.774765572679684],[2.5786527080612656,48.77869604460722],[2.580043196056179,48.7789686429203],[2.580580917020548,48.778823753674864],[2.5795923328462433,48.76938943630154],[2.5788387814774647,48.76629474715873],[2.578723462226787,48.76700419522233],[2.5769312119952237,48.767586480142164],[2.576951914845471,48.7676606838162],[2.5769357422664636,48.76843145014243],[2.576951907507781,48.76863162078613],[2.577010447445055,48.76936716359605],[2.5768987204945772,48.7708047983502],[2.5768028659818816,48.77195810369842],[2.5769374820617883,48.77292413493972],[2.576961950769306,48.77314475124384],[2.57636343056754,48.773332806537624],[2.5760533685936173,48.773722770898225],[2.576021969692122,48.773778320307656],[2.5759680193618273,48.773870618737476],[2.5759198975208046,48.77395292888282],[2.5761719456986847,48.774765572679684]]],"rewind":true}},{"type":"Feature","properties":{"depname":"Val-de-Marne","bvonum":"0007","comcode":94059,"cancode":9422,"bvocode":"94059_7","cirname":"4ème circonscription","exp":974,"depcode":94,"cannum":21,"canname":"Villiers-sur-Marne","comname":"Le Plessis-Trévise","ins":1252,"Art":2,"Mel":241,"Rou":22,"Mac":287,"Las":20,"vot":994,"circode":9404,"Lep":178,"Pec":70,"Zem":68,"Hid":14,"Jad":42,"Pou":4,"Dup":26,"top":"Macron","area_error":-0.078651},"geometry":{"type":"Polygon","coordinates":[[[2.5761719456986847,48.774765572679684],[2.5759198975208046,48.77395292888282],[2.5757358792317566,48.77444132293569],[2.57488094316426,48.773266486109755],[2.574138887740911,48.77254673985572],[2.572854645038163,48.771444194249334],[2.572134233944516,48.77111632813496],[2.5711892446756246,48.770929646471785],[2.5709592203395735,48.77300228006572],[2.5714838372768076,48.7731263570577],[2.5721671138927342,48.773224292522244],[2.5719450069933076,48.77442537276526],[2.571850840995136,48.7745999308174],[2.57180728957498,48.7750503491864],[2.57168725490117,48.7758408181225],[2.571584941511671,48.77621431358246],[2.571644635572164,48.77633798601645],[2.571384703074845,48.77812555271157],[2.5713487720144075,48.77836451854084],[2.571325331488121,48.77878584363266],[2.5716411260559986,48.78166983767558],[2.5719608674552523,48.783336044187884],[2.5721213197544914,48.7848685352159],[2.5722716583448815,48.78545179166937],[2.5724479725349556,48.78607921016296],[2.5728391165306714,48.78633124175122],[2.5729036972393446,48.78643299069472],[2.5761719456986847,48.774765572679684]]],"rewind":true}},{"type":"Feature","properties":{"depname":"Val-de-Marne","bvonum":"0008","comcode":94059,"cancode":9422,"bvocode":"94059_8","cirname":"4ème circonscription","exp":704,"depcode":94,"cannum":21,"canname":"Villiers-sur-Marne","comname":"Le Plessis-Trévise","ins":871,"Art":1,"Mel":105,"Rou":12,"Mac":265,"Las":10,"vot":711,"circode":9404,"Lep":129,"Pec":51,"Zem":81,"Hid":2,"Jad":31,"Pou":2,"Dup":15,"top":"Macron","area_error":0.039082},"geometry":{"type":"Polygon","coordinates":[[[2.573056494597472,48.79251403617106],[2.572870303068857,48.792963746537154],[2.572298539196479,48.7939857498949],[2.5721893119047268,48.7941026246345],[2.5720125579333284,48.79450553937534],[2.5716588334675743,48.79517285109484],[2.5715139423440285,48.795415932901726],[2.570415583142115,48.7970725835166],[2.570825266804469,48.797953740272135],[2.5701716465169,48.79924722891355],[2.569959376504221,48.799624427075884],[2.5693638203307043,48.80047574256806],[2.5698029890459555,48.80067785344238],[2.570786996436202,48.80152262819702],[2.571093687251471,48.80188068917273],[2.571289139358211,48.80216835609468],[2.5715708566537665,48.802748711883844],[2.5721704107100445,48.801843030102845],[2.572412853691143,48.80159521175958],[2.5728197157945156,48.80120621885907],[2.5732364428785175,48.800920623681],[2.5734386909149567,48.80072013179638],[2.573875146191748,48.80013187874162],[2.574303763500263,48.799781458279845],[2.574563177221961,48.79975201299179],[2.57497996377018,48.79981906032995],[2.5752098055291435,48.799798182723464],[2.5753222310703747,48.79973059433467],[2.575708869180928,48.7996127801064],[2.5760220074378313,48.799438709880214],[2.5763480241539978,48.79935147968246],[2.5765238421916927,48.79933581756263],[2.5766638312131276,48.79918099457519],[2.5767377688511677,48.79902721388123],[2.573056494597472,48.79251403617106]]],"rewind":true}},{"type":"Feature","properties":{"depname":"Val-de-Marne","bvonum":"0009","comcode":94059,"cancode":9422,"bvocode":"94059_9","cirname":"4ème circonscription","exp":826,"depcode":94,"cannum":21,"canname":"Villiers-sur-Marne","comname":"Le Plessis-Trévise","ins":1120,"Art":2,"Mel":204,"Rou":30,"Mac":254,"Las":12,"vot":843,"circode":9404,"Lep":142,"Pec":36,"Zem":60,"Hid":6,"Jad":58,"Pou":5,"Dup":17,"top":"Macron","area_error":-0.018874},"geometry":{"type":"Polygon","coordinates":[[[2.5864794539079443,48.77569733913737],[2.5795923328462433,48.76938943630154],[2.580580917020548,48.778823753674864],[2.586428052923169,48.7797779486073],[2.5864794539079443,48.77569733913737]]],"rewind":true}},{"type":"Feature","properties":{"depname":"Val-de-Marne","bvonum":"0001","comcode":94060,"cancode":9416,"bvocode":"94060_1","cirname":"4ème circonscription","exp":620,"depcode":94,"cannum":9,"canname":"Plateau briard","comname":"La Queue-en-Brie","ins":886,"Art":3,"Mel":213,"Rou":9,"Mac":128,"Las":19,"vot":630,"circode":9404,"Lep":134,"Pec":38,"Zem":33,"Hid":6,"Jad":12,"Pou":4,"Dup":21,"top":"Mélenchon","area_error":-0.135478},"geometry":{"type":"Polygon","coordinates":[[[2.57397493041699,48.768450970667914],[2.5786285169250585,48.75665953202808],[2.578088276029503,48.752388089846455],[2.573852991293151,48.76130254431602],[2.57397493041699,48.768450970667914]]],"rewind":true}},{"type":"Feature","properties":{"depname":"Val-de-Marne","bvonum":"0002","comcode":94060,"cancode":9416,"bvocode":"94060_2","cirname":"4ème circonscription","exp":636,"depcode":94,"cannum":9,"canname":"Plateau briard","comname":"La Queue-en-Brie","ins":909,"Art":2,"Mel":202,"Rou":17,"Mac":137,"Las":15,"vot":656,"circode":9404,"Lep":133,"Pec":40,"Zem":46,"Hid":6,"Jad":21,"Pou":7,"Dup":10,"top":"Mélenchon","area_error":0.074571},"geometry":{"type":"Polygon","coordinates":[[[2.5786285169250585,48.75665953202808],[2.57397493041699,48.768450970667914],[2.573974976289302,48.76845534303171],[2.573981644446234,48.76846572098845],[2.5750503396906024,48.76959642271756],[2.5768987204945772,48.7708047983502],[2.577010447445055,48.76936716359605],[2.576951907507781,48.76863162078613],[2.5769357422664636,48.76843145014243],[2.576951914845471,48.7676606838162],[2.5769312119952237,48.767586480142164],[2.578723462226787,48.76700419522233],[2.579115402569096,48.76330944774594],[2.579844819600259,48.76282613925844],[2.580218180842168,48.76147770266243],[2.580219162612408,48.7614692087898],[2.5786285169250585,48.75665953202808]]],"rewind":true}},{"type":"Feature","properties":{"depname":"Val-de-Marne","bvonum":"0003","comcode":94060,"cancode":9416,"bvocode":"94060_3","cirname":"4ème circonscription","exp":654,"depcode":94,"cannum":9,"canname":"Plateau briard","comname":"La Queue-en-Brie","ins":874,"Art":7,"Mel":153,"Rou":20,"Mac":192,"Las":10,"vot":665,"circode":9404,"Lep":138,"Pec":31,"Zem":44,"Hid":12,"Jad":34,"Pou":2,"Dup":11,"top":"Macron","area_error":-0.003613},"geometry":{"type":"Polygon","coordinates":[[[2.57397493041699,48.768450970667914],[2.573852991293151,48.76130254431602],[2.5733149913723357,48.7526136911648],[2.5730523520943223,48.7532014851646],[2.5725545941587056,48.754117825990924],[2.57231412244955,48.75444878074485],[2.5698438091609788,48.757522764938926],[2.569867902895008,48.75787492177918],[2.5699609260848333,48.75810465627833],[2.570674224345927,48.7600253059606],[2.5709596774631365,48.7610316180152],[2.5714666236005534,48.7627442238603],[2.571750013084686,48.763635529599426],[2.5721378707945,48.76495183651517],[2.5730268228948088,48.76700239494952],[2.57304132996642,48.76700045945211],[2.573974976289302,48.76845534303171],[2.57397493041699,48.768450970667914]]],"rewind":true}},{"type":"Feature","properties":{"depname":"Val-de-Marne","bvonum":"0004","comcode":94060,"cancode":9416,"bvocode":"94060_4","cirname":"4ème circonscription","exp":585,"depcode":94,"cannum":9,"canname":"Plateau briard","comname":"La Queue-en-Brie","ins":790,"Art":4,"Mel":145,"Rou":10,"Mac":167,"Las":18,"vot":591,"circode":9404,"Lep":110,"Pec":33,"Zem":61,"Hid":6,"Jad":15,"Pou":4,"Dup":12,"top":"Macron","area_error":-0.011758},"geometry":{"type":"Polygon","coordinates":[[[2.578358735118293,48.74941614934863],[2.579381614212149,48.75237337026336],[2.5796728176347585,48.7525578702369],[2.5805227396028836,48.7517703146669],[2.580213626911566,48.74999228088415],[2.5808061093058146,48.74718644998031],[2.578836135844378,48.7435425971631],[2.578600451586821,48.7435104389568],[2.577848825080397,48.74228484349617],[2.577620065788282,48.74187130635873],[2.5773152667062127,48.741336033236564],[2.57662071250727,48.74005107465681],[2.5764449525709514,48.73999961784768],[2.5762505354471177,48.7400215162132],[2.5755698036967276,48.7412178303343],[2.5759709447441015,48.742508525073355],[2.5766384145822614,48.74189007802899],[2.5779140562325025,48.743677139301575],[2.57680768179451,48.745141880215314],[2.57654429520784,48.74516209266537],[2.5761593185617624,48.74515120031506],[2.5760585514174554,48.745920914023756],[2.576976018075307,48.746111188903065],[2.5773928930112127,48.745992129397116],[2.57767559643171,48.7459688967405],[2.5771127525494317,48.746591434583976],[2.5769812208361387,48.74664729422492],[2.576878775557117,48.74679169971126],[2.5768681071960162,48.74687304114044],[2.57672206002961,48.74704146845858],[2.5766150487241677,48.74711439327816],[2.57629012927058,48.74734469436677],[2.5761585063299726,48.7474206623428],[2.5760660231077,48.747463411510466],[2.57600445756783,48.74748468554128],[2.575469248998407,48.7476708771167],[2.57525112910918,48.74790215249584],[2.575098365292197,48.74868773272527],[2.5750274801520066,48.748776251338214],[2.578358735118293,48.74941614934863]]],"rewind":true}},{"type":"Feature","properties":{"depname":"Val-de-Marne","bvonum":"0005","comcode":94060,"cancode":9416,"bvocode":"94060_5","cirname":"4ème circonscription","exp":717,"depcode":94,"cannum":9,"canname":"Plateau briard","comname":"La Queue-en-Brie","ins":999,"Art":1,"Mel":250,"Rou":27,"Mac":150,"Las":21,"vot":738,"circode":9404,"Lep":160,"Pec":32,"Zem":28,"Hid":8,"Jad":19,"Pou":3,"Dup":18,"top":"Mélenchon","area_error":2.110812},"geometry":{"type":"Polygon","coordinates":[[[2.579381614212149,48.75237337026336],[2.578358735118293,48.74941614934863],[2.578088276029503,48.752388089846455],[2.5786285169250585,48.75665953202808],[2.580219162612408,48.7614692087898],[2.5804625332731135,48.76157471856596],[2.5806302950879427,48.76230878793143],[2.5812694527323043,48.764576427140135],[2.582089223076248,48.767325789816915],[2.58246298560448,48.767925273036326],[2.5826827787826145,48.76832273192055],[2.5832582777775492,48.769607465900265],[2.585517385562071,48.77225831459925],[2.586837303165752,48.7733651046532],[2.587802187204714,48.774158474944485],[2.588059816488432,48.7743207377043],[2.5922068953519135,48.77648838011532],[2.5954391029358046,48.77758024331155],[2.59419764011461,48.77633036594945],[2.579381614212149,48.75237337026336]]],"rewind":true}},{"type":"Feature","properties":{"depname":"Val-de-Marne","bvonum":"0007","comcode":94060,"cancode":9416,"bvocode":"94060_7","cirname":"4ème circonscription","exp":664,"depcode":94,"cannum":9,"canname":"Plateau briard","comname":"La Queue-en-Brie","ins":940,"Art":5,"Mel":190,"Rou":9,"Mac":222,"Las":6,"vot":678,"circode":9404,"Lep":99,"Pec":37,"Zem":48,"Hid":10,"Jad":26,"Pou":3,"Dup":9,"top":"Macron","area_error":-0.00662},"geometry":{"type":"Polygon","coordinates":[[[2.573852991293151,48.76130254431602],[2.578088276029503,48.752388089846455],[2.578358735118293,48.74941614934863],[2.5750274801520066,48.748776251338214],[2.5750080729787532,48.74880026828162],[2.574865109102654,48.7489978566365],[2.574801079997332,48.74907726585831],[2.5739173337458747,48.7507617205096],[2.573846568713292,48.7511991771791],[2.573780078610732,48.75177126449927],[2.5733149913723357,48.7526136911648],[2.573852991293151,48.76130254431602]]],"rewind":true}},{"type":"Feature","properties":{"depname":"Val-de-Marne","bvonum":"0001","comcode":94065,"cancode":9419,"bvocode":"94065_1","cirname":"7ème circonscription","exp":910,"depcode":94,"cannum":8,"canname":"Thiais","comname":"Rungis","ins":1170,"Art":3,"Mel":235,"Rou":17,"Mac":262,"Las":18,"vot":929,"circode":9407,"Lep":159,"Pec":54,"Zem":69,"Hid":15,"Jad":47,"Pou":5,"Dup":26,"top":"Macron","area_error":0.288556},"geometry":{"type":"Polygon","coordinates":[[[2.35588676938227,48.733898829482435],[2.35295660613393,48.73501823280249],[2.353219125436381,48.73509558836924],[2.3533791686677183,48.73514388995606],[2.3545149217113024,48.73526365290746],[2.35501985435386,48.7353686401527],[2.3550410883136585,48.73543657616245],[2.3558067845703317,48.73585575352199],[2.3588286945276318,48.73545013639012],[2.35966214459008,48.735535929700546],[2.360218213620204,48.73541573858437],[2.3631766021578655,48.73540814721087],[2.3646383856625235,48.73505890288048],[2.366989274386477,48.735064479855474],[2.367526775408561,48.734847555219936],[2.3687764091133032,48.734768958377224],[2.370297587738509,48.73402525623003],[2.3708776851950866,48.733869101310255],[2.3711038750963245,48.733788822986725],[2.3732652342856455,48.73273487644319],[2.37506678060697,48.73226080291033],[2.379257878686528,48.73125571974459],[2.380092575909443,48.73089206687473],[2.380861622433526,48.72964262551438],[2.35588676938227,48.733898829482435]]],"rewind":true}},{"type":"Feature","properties":{"depname":"Val-de-Marne","bvonum":"0002","comcode":94065,"cancode":9419,"bvocode":"94065_2","cirname":"7ème circonscription","exp":753,"depcode":94,"cannum":8,"canname":"Thiais","comname":"Rungis","ins":979,"Art":3,"Mel":163,"Rou":23,"Mac":248,"Las":14,"vot":771,"circode":9407,"Lep":106,"Pec":41,"Zem":71,"Hid":13,"Jad":46,"Pou":10,"Dup":15,"top":"Macron","area_error":0.05724},"geometry":{"type":"Polygon","coordinates":[[[2.357618656277655,48.732393680756765],[2.38125467224039,48.72897993681879],[2.3815725085639143,48.72813029183092],[2.3817666320120385,48.727722465655184],[2.3823986456269433,48.72649653943373],[2.382668118903002,48.725805773718434],[2.3734772307194985,48.73069096690075],[2.3734822763628687,48.7296351007648],[2.368417445149548,48.7298826804601],[2.365474441395011,48.72802422397006],[2.357983030418906,48.73024167547502],[2.357618656277655,48.732393680756765]]],"rewind":true}},{"type":"Feature","properties":{"depname":"Val-de-Marne","bvonum":"0003","comcode":94065,"cancode":9419,"bvocode":"94065_3","cirname":"7ème circonscription","exp":823,"depcode":94,"cannum":8,"canname":"Thiais","comname":"Rungis","ins":1037,"Art":4,"Mel":141,"Rou":13,"Mac":300,"Las":25,"vot":842,"circode":9407,"Lep":105,"Pec":73,"Zem":76,"Hid":20,"Jad":44,"Pou":3,"Dup":19,"top":"Macron","area_error":-0.428901},"geometry":{"type":"Polygon","coordinates":[[[2.357618656277655,48.732393680756765],[2.35588676938227,48.733898829482435],[2.380861622433526,48.72964262551438],[2.380961874458265,48.72947053446573],[2.38123721179737,48.72902024602218],[2.38125467224039,48.72897993681879],[2.357618656277655,48.732393680756765]]],"rewind":true}},{"type":"Feature","properties":{"depname":"Val-de-Marne","bvonum":"0004","comcode":94065,"cancode":9419,"bvocode":"94065_4","cirname":"7ème circonscription","exp":732,"depcode":94,"cannum":8,"canname":"Thiais","comname":"Rungis","ins":947,"Art":3,"Mel":139,"Rou":11,"Mac":312,"Las":12,"vot":747,"circode":9407,"Lep":91,"Pec":53,"Zem":53,"Hid":11,"Jad":32,"Pou":5,"Dup":10,"top":"Macron","area_error":0.036019},"geometry":{"type":"Polygon","coordinates":[[[2.35588676938227,48.733898829482435],[2.357618656277655,48.732393680756765],[2.357983030418906,48.73024167547502],[2.353982807832527,48.731551615949414],[2.3504889308521344,48.730960568792064],[2.3429997598031838,48.73402529588195],[2.339367196221157,48.73499060592618],[2.3418899680532714,48.735133112870045],[2.3431500779372563,48.73467001149738],[2.346430710737716,48.7337902254731],[2.349675893422898,48.7342000551129],[2.35008275065585,48.73433730598179],[2.3504927760388172,48.73446374583537],[2.3509388285553343,48.73457176900948],[2.351442546199694,48.7346250450925],[2.352075030647346,48.7347331305704],[2.352400905791101,48.734842082346056],[2.352459541098248,48.73487081644353],[2.35295660613393,48.73501823280249],[2.35588676938227,48.733898829482435]]],"rewind":true}},{"type":"Feature","properties":{"depname":"Val-de-Marne","bvonum":"0001","comcode":94067,"cancode":9423,"bvocode":"94067_1","cirname":"6ème circonscription","exp":775,"depcode":94,"cannum":1,"canname":"Vincennes","comname":"Saint-Mandé","ins":1016,"Art":3,"Mel":113,"Rou":10,"Mac":332,"Las":10,"vot":784,"circode":9406,"Lep":43,"Pec":68,"Zem":111,"Hid":15,"Jad":61,"Pou":2,"Dup":7,"top":"Macron","area_error":-0.014538},"geometry":{"type":"Polygon","coordinates":[[[2.4133828530734367,48.84488189937387],[2.413361591985022,48.84939014151224],[2.4147002973839533,48.8493552315784],[2.4210585288347426,48.8465396802595],[2.4210950868352836,48.8423453194209],[2.41490940913725,48.8437491623311],[2.4133828530734367,48.84488189937387]]],"rewind":true}},{"type":"Feature","properties":{"depname":"Val-de-Marne","bvonum":"0010","comcode":94067,"cancode":9423,"bvocode":"94067_10","cirname":"6ème circonscription","exp":635,"depcode":94,"cannum":1,"canname":"Vincennes","comname":"Saint-Mandé","ins":836,"Art":1,"Mel":123,"Rou":7,"Mac":245,"Las":10,"vot":643,"circode":9406,"Lep":47,"Pec":46,"Zem":94,"Hid":15,"Jad":40,"Pou":2,"Dup":5,"top":"Macron","area_error":0.034193},"geometry":{"type":"Polygon","coordinates":[[[2.410603565068927,48.855389455486],[2.4139665175238663,48.8516812724582],[2.4147002973839533,48.8493552315784],[2.413361591985022,48.84939014151224],[2.4064624349663872,48.851341288913225],[2.4075892962583256,48.8563023114822],[2.410603565068927,48.855389455486]]],"rewind":true}},{"type":"Feature","properties":{"depname":"Val-de-Marne","bvonum":"0011","comcode":94067,"cancode":9423,"bvocode":"94067_11","cirname":"6ème circonscription","exp":765,"depcode":94,"cannum":1,"canname":"Vincennes","comname":"Saint-Mandé","ins":990,"Art":0,"Mel":191,"Rou":12,"Mac":294,"Las":7,"vot":772,"circode":9406,"Lep":38,"Pec":42,"Zem":92,"Hid":13,"Jad":62,"Pou":5,"Dup":9,"top":"Macron","area_error":0.007693},"geometry":{"type":"Polygon","coordinates":[[[2.410603565068927,48.855389455486],[2.4075892962583256,48.8563023114822],[2.4098041319525056,48.8621531058399],[2.415004022350972,48.86330020662859],[2.4150032409640336,48.86219400361403],[2.415004227673331,48.86147542499228],[2.41476463794975,48.8601292929962],[2.4147151220008207,48.85848880653548],[2.41471254653509,48.8584378880497],[2.410603565068927,48.855389455486]]],"rewind":true}},{"type":"Feature","properties":{"depname":"Val-de-Marne","bvonum":"0013","comcode":94067,"cancode":9423,"bvocode":"94067_13","cirname":"6ème circonscription","exp":731,"depcode":94,"cannum":1,"canname":"Vincennes","comname":"Saint-Mandé","ins":1024,"Art":6,"Mel":193,"Rou":4,"Mac":189,"Las":13,"vot":748,"circode":9406,"Lep":95,"Pec":35,"Zem":124,"Hid":13,"Jad":41,"Pou":8,"Dup":10,"top":"Mélenchon","area_error":0.020317},"geometry":{"type":"Polygon","coordinates":[[[2.4246246716847457,48.8499854709725],[2.4260775891740147,48.848964335994],[2.4268752402769955,48.84849885414176],[2.4277303169790665,48.84786150115287],[2.4280656781998022,48.84760268728594],[2.428453729934034,48.84721857693116],[2.4288523003614086,48.84693844518552],[2.429183145518271,48.84670082858823],[2.42946118611918,48.846543625420466],[2.4295684421126773,48.84646490081436],[2.429970581598368,48.84632631722356],[2.429757457857346,48.8452896293981],[2.4302343896259533,48.84529817804317],[2.430296404696349,48.844556665298875],[2.430618978143511,48.84146481087406],[2.431634806075836,48.83762570289755],[2.431716679785815,48.83732960779483],[2.43355258893778,48.833501894618],[2.428478696354842,48.8399108647386],[2.425206293724625,48.84598022706806],[2.4246246716847457,48.8499854709725]]],"rewind":true}},{"type":"Feature","properties":{"depname":"Val-de-Marne","bvonum":"0014","comcode":94067,"cancode":9423,"bvocode":"94067_14","cirname":"6ème circonscription","exp":731,"depcode":94,"cannum":1,"canname":"Vincennes","comname":"Saint-Mandé","ins":969,"Art":1,"Mel":156,"Rou":5,"Mac":329,"Las":9,"vot":737,"circode":9406,"Lep":23,"Pec":36,"Zem":96,"Hid":12,"Jad":52,"Pou":2,"Dup":10,"top":"Macron","area_error":0.038076},"geometry":{"type":"Polygon","coordinates":[[[2.41142038269728,48.840765015804415],[2.41490940913725,48.8437491623311],[2.4210950868352836,48.8423453194209],[2.4239255154773076,48.83985370335919],[2.418128168642112,48.83853415938943],[2.417109715465681,48.83858421101284],[2.41142038269728,48.840765015804415]]],"rewind":true}},{"type":"Feature","properties":{"depname":"Val-de-Marne","bvonum":"0015","comcode":94067,"cancode":9423,"bvocode":"94067_15","cirname":"6ème circonscription","exp":797,"depcode":94,"cannum":1,"canname":"Vincennes","comname":"Saint-Mandé","ins":1048,"Art":3,"Mel":152,"Rou":9,"Mac":312,"Las":4,"vot":810,"circode":9406,"Lep":49,"Pec":48,"Zem":138,"Hid":9,"Jad":57,"Pou":6,"Dup":10,"top":"Macron","area_error":-0.028442},"geometry":{"type":"Polygon","coordinates":[[[2.4133828530734367,48.84488189937387],[2.41490940913725,48.8437491623311],[2.41142038269728,48.840765015804415],[2.4047963228239357,48.84243566235696],[2.405404988448177,48.846979203920725],[2.4133828530734367,48.84488189937387]]],"rewind":true}},{"type":"Feature","properties":{"depname":"Val-de-Marne","bvonum":"0016","comcode":94067,"cancode":9423,"bvocode":"94067_16","cirname":"6ème circonscription","exp":664,"depcode":94,"cannum":1,"canname":"Vincennes","comname":"Saint-Mandé","ins":837,"Art":1,"Mel":74,"Rou":7,"Mac":308,"Las":6,"vot":672,"circode":9406,"Lep":21,"Pec":59,"Zem":138,"Hid":5,"Jad":39,"Pou":2,"Dup":4,"top":"Macron","area_error":-0.426439},"geometry":{"type":"Polygon","coordinates":[[[2.414160724868858,48.831143739239266],[2.417419553254089,48.8300959684536],[2.421052639365476,48.82613447890304],[2.404616202422684,48.83416275440215],[2.414160724868858,48.831143739239266]]],"rewind":true}},{"type":"Feature","properties":{"depname":"Val-de-Marne","bvonum":"0002","comcode":94067,"cancode":9423,"bvocode":"94067_2","cirname":"6ème circonscription","exp":765,"depcode":94,"cannum":1,"canname":"Vincennes","comname":"Saint-Mandé","ins":952,"Art":0,"Mel":96,"Rou":13,"Mac":351,"Las":11,"vot":772,"circode":9406,"Lep":35,"Pec":74,"Zem":125,"Hid":7,"Jad":46,"Pou":1,"Dup":6,"top":"Macron","area_error":-0.047022},"geometry":{"type":"Polygon","coordinates":[[[2.418128168642112,48.83853415938943],[2.4239255154773076,48.83985370335919],[2.428631785066968,48.82915475917241],[2.418128168642112,48.83853415938943]]],"rewind":true}},{"type":"Feature","properties":{"depname":"Val-de-Marne","bvonum":"0003","comcode":94067,"cancode":9423,"bvocode":"94067_3","cirname":"6ème circonscription","exp":777,"depcode":94,"cannum":1,"canname":"Vincennes","comname":"Saint-Mandé","ins":1004,"Art":0,"Mel":143,"Rou":7,"Mac":324,"Las":4,"vot":785,"circode":9406,"Lep":41,"Pec":68,"Zem":111,"Hid":12,"Jad":56,"Pou":1,"Dup":10,"top":"Macron","area_error":0.000285},"geometry":{"type":"Polygon","coordinates":[[[2.418128168642112,48.83853415938943],[2.428631785066968,48.82915475917241],[2.428729810919463,48.8289610406968],[2.4221690431055363,48.83052921359474],[2.4155791482842757,48.83701111233643],[2.417109715465681,48.83858421101284],[2.418128168642112,48.83853415938943]]],"rewind":true}},{"type":"Feature","properties":{"depname":"Val-de-Marne","bvonum":"0004","comcode":94067,"cancode":9423,"bvocode":"94067_4","cirname":"6ème circonscription","exp":735,"depcode":94,"cannum":1,"canname":"Vincennes","comname":"Saint-Mandé","ins":966,"Art":0,"Mel":76,"Rou":9,"Mac":316,"Las":10,"vot":748,"circode":9406,"Lep":42,"Pec":82,"Zem":140,"Hid":12,"Jad":41,"Pou":2,"Dup":5,"top":"Macron","area_error":0.079774},"geometry":{"type":"Polygon","coordinates":[[[2.417419553254089,48.8300959684536],[2.4221690431055363,48.83052921359474],[2.428729810919463,48.8289610406968],[2.430823861865843,48.826152733184145],[2.421052639365476,48.82613447890304],[2.417419553254089,48.8300959684536]]],"rewind":true}},{"type":"Feature","properties":{"depname":"Val-de-Marne","bvonum":"0005","comcode":94067,"cancode":9423,"bvocode":"94067_5","cirname":"6ème circonscription","exp":834,"depcode":94,"cannum":1,"canname":"Vincennes","comname":"Saint-Mandé","ins":1069,"Art":3,"Mel":125,"Rou":9,"Mac":335,"Las":4,"vot":844,"circode":9406,"Lep":39,"Pec":77,"Zem":166,"Hid":9,"Jad":58,"Pou":3,"Dup":6,"top":"Macron","area_error":0.054373},"geometry":{"type":"Polygon","coordinates":[[[2.410476958082374,48.83742701877477],[2.4155791482842757,48.83701111233643],[2.4221690431055363,48.83052921359474],[2.417419553254089,48.8300959684536],[2.414160724868858,48.831143739239266],[2.410476958082374,48.83742701877477]]],"rewind":true}},{"type":"Feature","properties":{"depname":"Val-de-Marne","bvonum":"0006","comcode":94067,"cancode":9423,"bvocode":"94067_6","cirname":"6ème circonscription","exp":796,"depcode":94,"cannum":1,"canname":"Vincennes","comname":"Saint-Mandé","ins":1045,"Art":1,"Mel":115,"Rou":13,"Mac":331,"Las":14,"vot":807,"circode":9406,"Lep":38,"Pec":54,"Zem":161,"Hid":11,"Jad":45,"Pou":4,"Dup":9,"top":"Macron","area_error":-0.007053},"geometry":{"type":"Polygon","coordinates":[[[2.410476958082374,48.83742701877477],[2.414160724868858,48.831143739239266],[2.404616202422684,48.83416275440215],[2.40464622451114,48.8391606320988],[2.410476958082374,48.83742701877477]]],"rewind":true}},{"type":"Feature","properties":{"depname":"Val-de-Marne","bvonum":"0007","comcode":94067,"cancode":9423,"bvocode":"94067_7","cirname":"6ème circonscription","exp":747,"depcode":94,"cannum":1,"canname":"Vincennes","comname":"Saint-Mandé","ins":956,"Art":1,"Mel":121,"Rou":9,"Mac":306,"Las":9,"vot":755,"circode":9406,"Lep":34,"Pec":65,"Zem":132,"Hid":16,"Jad":43,"Pou":1,"Dup":10,"top":"Macron","area_error":0.011837},"geometry":{"type":"Polygon","coordinates":[[[2.40464622451114,48.8391606320988],[2.4047963228239357,48.84243566235696],[2.41142038269728,48.840765015804415],[2.417109715465681,48.83858421101284],[2.4155791482842757,48.83701111233643],[2.410476958082374,48.83742701877477],[2.40464622451114,48.8391606320988]]],"rewind":true}},{"type":"Feature","properties":{"depname":"Val-de-Marne","bvonum":"0008","comcode":94067,"cancode":9423,"bvocode":"94067_8","cirname":"6ème circonscription","exp":673,"depcode":94,"cannum":1,"canname":"Vincennes","comname":"Saint-Mandé","ins":913,"Art":3,"Mel":131,"Rou":10,"Mac":246,"Las":9,"vot":687,"circode":9406,"Lep":63,"Pec":48,"Zem":105,"Hid":8,"Jad":38,"Pou":3,"Dup":9,"top":"Macron","area_error":-0.008587},"geometry":{"type":"Polygon","coordinates":[[[2.413361591985022,48.84939014151224],[2.4133828530734367,48.84488189937387],[2.405404988448177,48.846979203920725],[2.4064624349663872,48.851341288913225],[2.413361591985022,48.84939014151224]]],"rewind":true}},{"type":"Feature","properties":{"depname":"Val-de-Marne","bvonum":"0009","comcode":94067,"cancode":9423,"bvocode":"94067_9","cirname":"6ème circonscription","exp":757,"depcode":94,"cannum":1,"canname":"Vincennes","comname":"Saint-Mandé","ins":978,"Art":0,"Mel":99,"Rou":11,"Mac":339,"Las":9,"vot":766,"circode":9406,"Lep":33,"Pec":77,"Zem":99,"Hid":15,"Jad":65,"Pou":3,"Dup":7,"top":"Macron","area_error":0.024083},"geometry":{"type":"Polygon","coordinates":[[[2.4139665175238663,48.8516812724582],[2.424075049774354,48.85040556234652],[2.4246246716847457,48.8499854709725],[2.425206293724625,48.84598022706806],[2.4210585288347426,48.8465396802595],[2.4147002973839533,48.8493552315784],[2.4139665175238663,48.8516812724582]]],"rewind":true}},{"type":"Feature","properties":{"depname":"Val-de-Marne","bvonum":"0001","comcode":94068,"cancode":9417,"bvocode":"94068_1","cirname":"1ère circonscription","exp":983,"depcode":94,"cannum":14,"canname":"Saint-Maur-des-Fossés-1","comname":"Saint-Maur-des-Fossés","ins":1206,"Art":3,"Mel":161,"Rou":16,"Mac":397,"Las":8,"vot":1000,"circode":9401,"Lep":99,"Pec":103,"Zem":104,"Hid":12,"Jad":64,"Pou":3,"Dup":13,"top":"Macron","area_error":0.062549},"geometry":{"type":"Polygon","coordinates":[[[2.4995944690680028,48.78387575486767],[2.502484343114569,48.786023474503935],[2.5038178590694247,48.78578635401043],[2.5071525723177133,48.78184233892685],[2.506929180285264,48.77445714646315],[2.5060440142745355,48.7744672614183],[2.499753988908902,48.7828263524128],[2.4995944690680028,48.78387575486767]]],"rewind":true}},{"type":"Feature","properties":{"depname":"Val-de-Marne","bvonum":"0010","comcode":94068,"cancode":9417,"bvocode":"94068_10","cirname":"1ère circonscription","exp":958,"depcode":94,"cannum":14,"canname":"Saint-Maur-des-Fossés-1","comname":"Saint-Maur-des-Fossés","ins":1197,"Art":0,"Mel":194,"Rou":13,"Mac":352,"Las":15,"vot":981,"circode":9401,"Lep":107,"Pec":77,"Zem":113,"Hid":10,"Jad":51,"Pou":5,"Dup":21,"top":"Macron","area_error":0.105239},"geometry":{"type":"Polygon","coordinates":[[[2.516965685444157,48.780340565250036],[2.5242140414862453,48.77686548575218],[2.5243128931686565,48.77679523577614],[2.5238892635325247,48.775296921513046],[2.516539512285955,48.76995870938718],[2.515398137189104,48.77218671192331],[2.516965685444157,48.780340565250036]]],"rewind":true}},{"type":"Feature","properties":{"depname":"Val-de-Marne","bvonum":"0011","comcode":94068,"cancode":9417,"bvocode":"94068_11","cirname":"1ère circonscription","exp":1002,"depcode":94,"cannum":14,"canname":"Saint-Maur-des-Fossés-1","comname":"Saint-Maur-des-Fossés","ins":1279,"Art":2,"Mel":167,"Rou":14,"Mac":362,"Las":14,"vot":1022,"circode":9401,"Lep":133,"Pec":89,"Zem":104,"Hid":9,"Jad":84,"Pou":5,"Dup":19,"top":"Macron","area_error":-0.031765},"geometry":{"type":"Polygon","coordinates":[[[2.5178965031357023,48.76708083992971],[2.51653309036139,48.7698357535288],[2.516539512285955,48.76995870938718],[2.5238892635325247,48.775296921513046],[2.5243868315541356,48.77483873461908],[2.5245453081257354,48.7667401019807],[2.52391380982033,48.766180719620685],[2.5178965031357023,48.76708083992971]]],"rewind":true}},{"type":"Feature","properties":{"depname":"Val-de-Marne","bvonum":"0012","comcode":94068,"cancode":9417,"bvocode":"94068_12","cirname":"1ère circonscription","exp":987,"depcode":94,"cannum":14,"canname":"Saint-Maur-des-Fossés-1","comname":"Saint-Maur-des-Fossés","ins":1243,"Art":0,"Mel":193,"Rou":12,"Mac":392,"Las":15,"vot":1006,"circode":9401,"Lep":86,"Pec":77,"Zem":96,"Hid":19,"Jad":78,"Pou":5,"Dup":14,"top":"Macron","area_error":0.054914},"geometry":{"type":"Polygon","coordinates":[[[2.5270846738839117,48.785978771753385],[2.5343236159685807,48.78242748231444],[2.5342812651789717,48.782106232844335],[2.528130951916533,48.77817740503254],[2.5243128931686565,48.77679523577614],[2.5242140414862453,48.77686548575218],[2.5256385612136523,48.785470962274566],[2.5270846738839117,48.785978771753385]]],"rewind":true}},{"type":"Feature","properties":{"depname":"Val-de-Marne","bvonum":"0013","comcode":94068,"cancode":9417,"bvocode":"94068_13","cirname":"1ère circonscription","exp":767,"depcode":94,"cannum":14,"canname":"Saint-Maur-des-Fossés-1","comname":"Saint-Maur-des-Fossés","ins":955,"Art":2,"Mel":99,"Rou":11,"Mac":312,"Las":17,"vot":778,"circode":9401,"Lep":56,"Pec":92,"Zem":104,"Hid":8,"Jad":43,"Pou":1,"Dup":22,"top":"Macron","area_error":-0.005802},"geometry":{"type":"Polygon","coordinates":[[[2.5343236159685807,48.78242748231444],[2.5270846738839117,48.785978771753385],[2.5254827951384455,48.78887915005068],[2.5255380766956326,48.7892409788701],[2.526817009815972,48.78883186765478],[2.527363527469545,48.78863503107153],[2.528541905015219,48.7881828933791],[2.530131789152431,48.78771430002888],[2.530925370741321,48.7873891207303],[2.5320781846396425,48.78674567478624],[2.5323995862309068,48.786585094927446],[2.532857122471821,48.78638711906381],[2.533347826334006,48.78618028866164],[2.533350644258282,48.786179261576],[2.534623182615323,48.7856929842524],[2.53603877320243,48.785198388071535],[2.536926158840932,48.784767093624374],[2.5374887203727363,48.784460927374575],[2.538434757469897,48.78402138261346],[2.538538516230204,48.7839776300431],[2.53929931535442,48.78352390136703],[2.539473363603894,48.78340282592288],[2.539630281279171,48.7833109749476],[2.539900802767547,48.78318161165027],[2.540091737629608,48.7830722989932],[2.5343236159685807,48.78242748231444]]],"rewind":true}},{"type":"Feature","properties":{"depname":"Val-de-Marne","bvonum":"0014","comcode":94068,"cancode":9417,"bvocode":"94068_14","cirname":"1ère circonscription","exp":964,"depcode":94,"cannum":14,"canname":"Saint-Maur-des-Fossés-1","comname":"Saint-Maur-des-Fossés","ins":1188,"Art":1,"Mel":168,"Rou":12,"Mac":373,"Las":12,"vot":975,"circode":9401,"Lep":103,"Pec":99,"Zem":94,"Hid":12,"Jad":75,"Pou":4,"Dup":11,"top":"Macron","area_error":-0.071191},"geometry":{"type":"Polygon","coordinates":[[[2.5342812651789717,48.782106232844335],[2.5391971486243863,48.77735681029545],[2.5359012798737814,48.7744865497443],[2.528130951916533,48.77817740503254],[2.5342812651789717,48.782106232844335]]],"rewind":true}},{"type":"Feature","properties":{"depname":"Val-de-Marne","bvonum":"0015","comcode":94068,"cancode":9417,"bvocode":"94068_15","cirname":"1ère circonscription","exp":792,"depcode":94,"cannum":14,"canname":"Saint-Maur-des-Fossés-1","comname":"Saint-Maur-des-Fossés","ins":983,"Art":0,"Mel":95,"Rou":9,"Mac":364,"Las":7,"vot":803,"circode":9401,"Lep":62,"Pec":79,"Zem":94,"Hid":15,"Jad":54,"Pou":1,"Dup":12,"top":"Macron","area_error":0.019348},"geometry":{"type":"Polygon","coordinates":[[[2.5391971486243863,48.77735681029545],[2.5342812651789717,48.782106232844335],[2.5343236159685807,48.78242748231444],[2.540091737629608,48.7830722989932],[2.5401070875664815,48.78306326219364],[2.5402664875449212,48.78296319898444],[2.5404974113848064,48.782781519185015],[2.5411399898819633,48.7821814892081],[2.5415004340543415,48.78182507678877],[2.541796010482328,48.78149169232876],[2.5420105455293664,48.7811915109651],[2.542249289712476,48.780748066579925],[2.542332571238078,48.780643096051946],[2.54301551350337,48.77977705593348],[2.543849778637248,48.77876108311622],[2.5439882862587315,48.77854167551742],[2.5440920383526757,48.778293173032274],[2.544415322191379,48.77749257186308],[2.544628617694607,48.776868912012624],[2.5446524178499157,48.77675208224903],[2.5446332559748237,48.77633401700805],[2.54465476252777,48.77603902733171],[2.5391971486243863,48.77735681029545]]],"rewind":true}},{"type":"Feature","properties":{"depname":"Val-de-Marne","bvonum":"0016","comcode":94068,"cancode":9417,"bvocode":"94068_16","cirname":"1ère circonscription","exp":868,"depcode":94,"cannum":14,"canname":"Saint-Maur-des-Fossés-1","comname":"Saint-Maur-des-Fossés","ins":1081,"Art":2,"Mel":89,"Rou":8,"Mac":364,"Las":15,"vot":887,"circode":9401,"Lep":84,"Pec":90,"Zem":122,"Hid":17,"Jad":58,"Pou":6,"Dup":13,"top":"Macron","area_error":0.049781},"geometry":{"type":"Polygon","coordinates":[[[2.535477741475748,48.77235286543755],[2.53525231350975,48.77235993839298],[2.5359012798737814,48.7744865497443],[2.5391971486243863,48.77735681029545],[2.54465476252777,48.77603902733171],[2.5447025551450024,48.7753606078237],[2.544738310528078,48.77532564349143],[2.5447771329554034,48.77509064042503],[2.544915702630955,48.77486504724322],[2.54486938573673,48.77453571150835],[2.544772661119772,48.774360732518744],[2.5447091652486233,48.774347326222546],[2.544775500034912,48.77383407248857],[2.544993875232385,48.77341450713993],[2.5451507529104225,48.772564285039856],[2.5452329796543745,48.772343171517],[2.54524745414644,48.7720686314998],[2.5452136726644823,48.7717391803266],[2.545186232505364,48.77159539005604],[2.545107495654283,48.77119087255822],[2.535477741475748,48.77235286543755]]],"rewind":true}},{"type":"Feature","properties":{"depname":"Val-de-Marne","bvonum":"0017","comcode":94068,"cancode":9417,"bvocode":"94068_17","cirname":"1ère circonscription","exp":979,"depcode":94,"cannum":14,"canname":"Saint-Maur-des-Fossés-1","comname":"Saint-Maur-des-Fossés","ins":1204,"Art":2,"Mel":171,"Rou":12,"Mac":409,"Las":13,"vot":1001,"circode":9401,"Lep":84,"Pec":89,"Zem":114,"Hid":19,"Jad":52,"Pou":0,"Dup":14,"top":"Macron","area_error":0.022034},"geometry":{"type":"Polygon","coordinates":[[[2.5243128931686565,48.77679523577614],[2.528130951916533,48.77817740503254],[2.5359012798737814,48.7744865497443],[2.53525231350975,48.77235993839298],[2.5327072847198746,48.771140108912135],[2.5243868315541356,48.77483873461908],[2.5238892635325247,48.775296921513046],[2.5243128931686565,48.77679523577614]]],"rewind":true}},{"type":"Feature","properties":{"depname":"Val-de-Marne","bvonum":"0018","comcode":94068,"cancode":9417,"bvocode":"94068_18","cirname":"1ère circonscription","exp":984,"depcode":94,"cannum":14,"canname":"Saint-Maur-des-Fossés-1","comname":"Saint-Maur-des-Fossés","ins":1261,"Art":4,"Mel":94,"Rou":14,"Mac":428,"Las":10,"vot":995,"circode":9401,"Lep":97,"Pec":97,"Zem":165,"Hid":7,"Jad":48,"Pou":4,"Dup":16,"top":"Macron","area_error":-0.060283},"geometry":{"type":"Polygon","coordinates":[[[2.535477741475748,48.77235286543755],[2.545107495654283,48.77119087255822],[2.5451060375296075,48.771183725902],[2.545084430059651,48.77104752319805],[2.5448821591444233,48.77008010116767],[2.544828893652424,48.76961198893168],[2.5446009381337937,48.7684869708605],[2.5445381793737747,48.76779441986534],[2.5443173398269656,48.7668287822448],[2.544027399783062,48.76576023035666],[2.543958491286977,48.7656915903084],[2.543634728760384,48.76502893277809],[2.54323292565746,48.76446704530756],[2.5426664102057654,48.763993964624774],[2.542301454441799,48.76375776576792],[2.5418427301314956,48.7634709519698],[2.535477741475748,48.77235286543755]]],"rewind":true}},{"type":"Feature","properties":{"depname":"Val-de-Marne","bvonum":"0019","comcode":94068,"cancode":9417,"bvocode":"94068_19","cirname":"1ère circonscription","exp":982,"depcode":94,"cannum":14,"canname":"Saint-Maur-des-Fossés-1","comname":"Saint-Maur-des-Fossés","ins":1215,"Art":1,"Mel":167,"Rou":17,"Mac":419,"Las":17,"vot":998,"circode":9401,"Lep":80,"Pec":111,"Zem":97,"Hid":5,"Jad":58,"Pou":4,"Dup":6,"top":"Macron","area_error":0.006169},"geometry":{"type":"Polygon","coordinates":[[[2.5243868315541356,48.77483873461908],[2.5327072847198746,48.771140108912135],[2.5311744915217744,48.767232561929376],[2.5245453081257354,48.7667401019807],[2.5243868315541356,48.77483873461908]]],"rewind":true}},{"type":"Feature","properties":{"depname":"Val-de-Marne","bvonum":"0002","comcode":94068,"cancode":9417,"bvocode":"94068_2","cirname":"1ère circonscription","exp":978,"depcode":94,"cannum":14,"canname":"Saint-Maur-des-Fossés-1","comname":"Saint-Maur-des-Fossés","ins":1212,"Art":2,"Mel":141,"Rou":14,"Mac":385,"Las":10,"vot":990,"circode":9401,"Lep":93,"Pec":122,"Zem":121,"Hid":15,"Jad":58,"Pou":2,"Dup":15,"top":"Macron","area_error":-0.021305},"geometry":{"type":"Polygon","coordinates":[[[2.5038178590694247,48.78578635401043],[2.511715488453358,48.78803750096426],[2.515111849807644,48.78542784617818],[2.514931726405647,48.78313397663904],[2.5071525723177133,48.78184233892685],[2.5038178590694247,48.78578635401043]]],"rewind":true}},{"type":"Feature","properties":{"depname":"Val-de-Marne","bvonum":"0020","comcode":94068,"cancode":9417,"bvocode":"94068_20","cirname":"1ère circonscription","exp":1008,"depcode":94,"cannum":14,"canname":"Saint-Maur-des-Fossés-1","comname":"Saint-Maur-des-Fossés","ins":1277,"Art":1,"Mel":144,"Rou":11,"Mac":374,"Las":14,"vot":1025,"circode":9401,"Lep":100,"Pec":110,"Zem":153,"Hid":11,"Jad":62,"Pou":4,"Dup":24,"top":"Macron","area_error":0.010461},"geometry":{"type":"Polygon","coordinates":[[[2.5311744915217744,48.767232561929376],[2.5327072847198746,48.771140108912135],[2.53525231350975,48.77235993839298],[2.535477741475748,48.77235286543755],[2.5418427301314956,48.7634709519698],[2.541813459659771,48.76344814245462],[2.541184588334376,48.76299389955218],[2.5410581824805525,48.762946816151235],[2.540912417933705,48.76291203440437],[2.5405670319916176,48.76280680638905],[2.540525069458141,48.76279153681134],[2.5314067788801657,48.76663113372146],[2.5311744915217744,48.767232561929376]]],"rewind":true}},{"type":"Feature","properties":{"depname":"Val-de-Marne","bvonum":"0021","comcode":94068,"cancode":9417,"bvocode":"94068_21","cirname":"1ère circonscription","exp":962,"depcode":94,"cannum":14,"canname":"Saint-Maur-des-Fossés-1","comname":"Saint-Maur-des-Fossés","ins":1228,"Art":1,"Mel":80,"Rou":4,"Mac":408,"Las":16,"vot":977,"circode":9401,"Lep":73,"Pec":118,"Zem":186,"Hid":10,"Jad":49,"Pou":1,"Dup":16,"top":"Macron","area_error":0.006482},"geometry":{"type":"Polygon","coordinates":[[[2.52937873132579,48.75835162980206],[2.5314067788801657,48.76663113372146],[2.540525069458141,48.76279153681134],[2.5403596545864158,48.762726326517864],[2.539692164004614,48.76241969474898],[2.5395068602129247,48.762330504364456],[2.5388283257953,48.762222541977934],[2.5377732777158584,48.76200677304648],[2.537447814657533,48.761934880231514],[2.537166551863861,48.761886295690225],[2.534590172226905,48.760932390547744],[2.53391194089833,48.76046864431875],[2.5327534735132016,48.75882170611244],[2.5319344761712617,48.757740732072214],[2.5310559261174164,48.756824271162714],[2.5298076404559278,48.75570613602022],[2.52937873132579,48.75835162980206]]],"rewind":true}},{"type":"Feature","properties":{"depname":"Val-de-Marne","bvonum":"0022","comcode":94068,"cancode":9417,"bvocode":"94068_22","cirname":"1ère circonscription","exp":836,"depcode":94,"cannum":14,"canname":"Saint-Maur-des-Fossés-1","comname":"Saint-Maur-des-Fossés","ins":1121,"Art":3,"Mel":160,"Rou":13,"Mac":294,"Las":17,"vot":847,"circode":9401,"Lep":116,"Pec":60,"Zem":85,"Hid":6,"Jad":60,"Pou":6,"Dup":16,"top":"Macron","area_error":0.030003},"geometry":{"type":"Polygon","coordinates":[[[2.5124831705965227,48.764229985003816],[2.51653309036139,48.7698357535288],[2.5178965031357023,48.76708083992971],[2.51928832875722,48.75886678123532],[2.514761381218835,48.75955293007182],[2.5124831705965227,48.764229985003816]]],"rewind":true}},{"type":"Feature","properties":{"depname":"Val-de-Marne","bvonum":"0023","comcode":94068,"cancode":9417,"bvocode":"94068_23","cirname":"1ère circonscription","exp":922,"depcode":94,"cannum":14,"canname":"Saint-Maur-des-Fossés-1","comname":"Saint-Maur-des-Fossés","ins":1241,"Art":1,"Mel":195,"Rou":14,"Mac":330,"Las":16,"vot":943,"circode":9401,"Lep":133,"Pec":65,"Zem":91,"Hid":20,"Jad":41,"Pou":4,"Dup":12,"top":"Macron","area_error":0.001626},"geometry":{"type":"Polygon","coordinates":[[[2.509647272600572,48.76636712623463],[2.5081376054633218,48.773277294920966],[2.5081909113672607,48.773287658281575],[2.515398137189104,48.77218671192331],[2.516539512285955,48.76995870938718],[2.51653309036139,48.7698357535288],[2.5124831705965227,48.764229985003816],[2.509647272600572,48.76636712623463]]],"rewind":true}},{"type":"Feature","properties":{"depname":"Val-de-Marne","bvonum":"0024","comcode":94068,"cancode":9417,"bvocode":"94068_24","cirname":"1ère circonscription","exp":938,"depcode":94,"cannum":14,"canname":"Saint-Maur-des-Fossés-1","comname":"Saint-Maur-des-Fossés","ins":1203,"Art":1,"Mel":183,"Rou":15,"Mac":338,"Las":24,"vot":954,"circode":9401,"Lep":130,"Pec":74,"Zem":91,"Hid":13,"Jad":51,"Pou":5,"Dup":13,"top":"Macron","area_error":0.020019},"geometry":{"type":"Polygon","coordinates":[[[2.5060440142745355,48.7744672614183],[2.506929180285264,48.77445714646315],[2.5081376054633218,48.773277294920966],[2.509647272600572,48.76636712623463],[2.50576912781867,48.7656859051821],[2.5008755749904426,48.77204973588096],[2.5060440142745355,48.7744672614183]]],"rewind":true}},{"type":"Feature","properties":{"depname":"Val-de-Marne","bvonum":"0025","comcode":94068,"cancode":9417,"bvocode":"94068_25","cirname":"1ère circonscription","exp":983,"depcode":94,"cannum":14,"canname":"Saint-Maur-des-Fossés-1","comname":"Saint-Maur-des-Fossés","ins":1219,"Art":2,"Mel":183,"Rou":10,"Mac":400,"Las":14,"vot":1002,"circode":9401,"Lep":79,"Pec":86,"Zem":95,"Hid":20,"Jad":78,"Pou":3,"Dup":13,"top":"Macron","area_error":0.048218},"geometry":{"type":"Polygon","coordinates":[[[2.4940974335771555,48.78282665345873],[2.4995944690680028,48.78387575486767],[2.499753988908902,48.7828263524128],[2.4984653560993686,48.77305466711594],[2.4975573003427254,48.773137507583925],[2.4935532129266464,48.77672525504752],[2.4940974335771555,48.78282665345873]]],"rewind":true}},{"type":"Feature","properties":{"depname":"Val-de-Marne","bvonum":"0026","comcode":94068,"cancode":9418,"bvocode":"94068_26","cirname":"1ère circonscription","exp":998,"depcode":94,"cannum":11,"canname":"Saint-Maur-des-Fossés-2","comname":"Saint-Maur-des-Fossés","ins":1224,"Art":3,"Mel":178,"Rou":19,"Mac":407,"Las":20,"vot":1013,"circode":9401,"Lep":103,"Pec":86,"Zem":94,"Hid":7,"Jad":71,"Pou":3,"Dup":7,"top":"Macron","area_error":-0.024917},"geometry":{"type":"Polygon","coordinates":[[[2.4935532129266464,48.77672525504752],[2.4975573003427254,48.773137507583925],[2.495984319162318,48.7684835922611],[2.492556508638875,48.76872677626306],[2.4920994631743363,48.76937187259412],[2.489106607278244,48.77431250659497],[2.488733671672973,48.7750861702625],[2.4935532129266464,48.77672525504752]]],"rewind":true}},{"type":"Feature","properties":{"depname":"Val-de-Marne","bvonum":"0027","comcode":94068,"cancode":9417,"bvocode":"94068_27","cirname":"1ère circonscription","exp":939,"depcode":94,"cannum":14,"canname":"Saint-Maur-des-Fossés-1","comname":"Saint-Maur-des-Fossés","ins":1164,"Art":1,"Mel":170,"Rou":12,"Mac":374,"Las":18,"vot":950,"circode":9401,"Lep":73,"Pec":75,"Zem":85,"Hid":17,"Jad":102,"Pou":6,"Dup":6,"top":"Macron","area_error":-0.008842},"geometry":{"type":"Polygon","coordinates":[[[2.5023435237492664,48.7869687273178],[2.4977912547080967,48.79008089008625],[2.4991132179137328,48.7951505872578],[2.503248098466959,48.7942425636108],[2.5054615170966024,48.793994014366234],[2.507007587546606,48.7935742911969],[2.5070304989952032,48.79356648528368],[2.5023435237492664,48.7869687273178]]],"rewind":true}},{"type":"Feature","properties":{"depname":"Val-de-Marne","bvonum":"0028","comcode":94068,"cancode":9417,"bvocode":"94068_28","cirname":"1ère circonscription","exp":955,"depcode":94,"cannum":14,"canname":"Saint-Maur-des-Fossés-1","comname":"Saint-Maur-des-Fossés","ins":1204,"Art":0,"Mel":196,"Rou":13,"Mac":367,"Las":22,"vot":972,"circode":9401,"Lep":81,"Pec":88,"Zem":78,"Hid":13,"Jad":78,"Pou":8,"Dup":11,"top":"Macron","area_error":0.006518},"geometry":{"type":"Polygon","coordinates":[[[2.4928211672083087,48.78354941370877],[2.493319660587626,48.78773503616385],[2.4977912547080967,48.79008089008625],[2.5023435237492664,48.7869687273178],[2.502484343114569,48.786023474503935],[2.4995944690680028,48.78387575486767],[2.4940974335771555,48.78282665345873],[2.4928211672083087,48.78354941370877]]],"rewind":true}},{"type":"Feature","properties":{"depname":"Val-de-Marne","bvonum":"0029","comcode":94068,"cancode":9417,"bvocode":"94068_29","cirname":"1ère circonscription","exp":985,"depcode":94,"cannum":14,"canname":"Saint-Maur-des-Fossés-1","comname":"Saint-Maur-des-Fossés","ins":1189,"Art":5,"Mel":180,"Rou":15,"Mac":387,"Las":19,"vot":1000,"circode":9401,"Lep":83,"Pec":100,"Zem":80,"Hid":11,"Jad":79,"Pou":4,"Dup":22,"top":"Macron","area_error":-0.026073},"geometry":{"type":"Polygon","coordinates":[[[2.4883622332604993,48.7908394251282],[2.4976786620282754,48.7957656787689],[2.49904721706444,48.79516690767095],[2.4991132179137328,48.7951505872578],[2.4977912547080967,48.79008089008625],[2.493319660587626,48.78773503616385],[2.4883622332604993,48.7908394251282]]],"rewind":true}},{"type":"Feature","properties":{"depname":"Val-de-Marne","bvonum":"0003","comcode":94068,"cancode":9417,"bvocode":"94068_3","cirname":"1ère circonscription","exp":998,"depcode":94,"cannum":14,"canname":"Saint-Maur-des-Fossés-1","comname":"Saint-Maur-des-Fossés","ins":1247,"Art":4,"Mel":194,"Rou":6,"Mac":392,"Las":17,"vot":1010,"circode":9401,"Lep":98,"Pec":100,"Zem":76,"Hid":10,"Jad":92,"Pou":2,"Dup":7,"top":"Macron","area_error":-0.11231},"geometry":{"type":"Polygon","coordinates":[[[2.499753988908902,48.7828263524128],[2.5060440142745355,48.7744672614183],[2.5008755749904426,48.77204973588096],[2.4984653560993686,48.77305466711594],[2.499753988908902,48.7828263524128]]],"rewind":true}},{"type":"Feature","properties":{"depname":"Val-de-Marne","bvonum":"0030","comcode":94068,"cancode":9417,"bvocode":"94068_30","cirname":"1ère circonscription","exp":880,"depcode":94,"cannum":14,"canname":"Saint-Maur-des-Fossés-1","comname":"Saint-Maur-des-Fossés","ins":1135,"Art":4,"Mel":224,"Rou":19,"Mac":276,"Las":12,"vot":892,"circode":9401,"Lep":92,"Pec":58,"Zem":84,"Hid":13,"Jad":85,"Pou":4,"Dup":9,"top":"Macron","area_error":0.027187},"geometry":{"type":"Polygon","coordinates":[[[2.4883622332604993,48.7908394251282],[2.4851488663151073,48.79047665653584],[2.4841111577486017,48.79079184258896],[2.4843099891180733,48.79111496317019],[2.48491268819973,48.791834939203376],[2.48490275333884,48.79198837588576],[2.484769560337938,48.7928918730424],[2.485033898095817,48.79306253483026],[2.4852989042806772,48.79297365962399],[2.4857997567009362,48.79292863607943],[2.48617605841149,48.79289924490696],[2.486401413774678,48.79320183854233],[2.4868352673217777,48.79377768525883],[2.487223871113057,48.7943324551339],[2.487501107710292,48.79471388601048],[2.487592462659488,48.7948817018917],[2.4877714622580065,48.79500261935618],[2.4882820492271036,48.795127313383055],[2.4884736730722055,48.795142647261],[2.4890568004713787,48.79575808838285],[2.4896618780672437,48.79647966479],[2.4897011487176663,48.79653662563564],[2.489807631225405,48.796700550222326],[2.489921759089431,48.79687926826822],[2.4900534037997013,48.79707158591463],[2.49029558241894,48.79742372972416],[2.4904858612626652,48.79771983260142],[2.4907762798488715,48.79824576780343],[2.493863864748721,48.7968671829706],[2.4940299652272864,48.79680966644502],[2.495395172730104,48.7964450379513],[2.4964995539702923,48.79616827867038],[2.4976786620282754,48.7957656787689],[2.4883622332604993,48.7908394251282]]],"rewind":true}},{"type":"Feature","properties":{"depname":"Val-de-Marne","bvonum":"0031","comcode":94068,"cancode":9417,"bvocode":"94068_31","cirname":"1ère circonscription","exp":934,"depcode":94,"cannum":14,"canname":"Saint-Maur-des-Fossés-1","comname":"Saint-Maur-des-Fossés","ins":1140,"Art":2,"Mel":164,"Rou":27,"Mac":345,"Las":20,"vot":953,"circode":9401,"Lep":84,"Pec":96,"Zem":79,"Hid":23,"Jad":77,"Pou":3,"Dup":14,"top":"Macron","area_error":0.024539},"geometry":{"type":"Polygon","coordinates":[[[2.4851488663151073,48.79047665653584],[2.487417292700065,48.7820394756209],[2.4862046012694483,48.7805647409221],[2.4859124116615634,48.781133255150316],[2.484854370221508,48.78204378794386],[2.4847268747887554,48.78218266443143],[2.4826402255595816,48.784573553938415],[2.4815327905014346,48.78568990102224],[2.480231690268093,48.78691728150412],[2.4793323274995362,48.78751647132376],[2.478422825500701,48.7881480529582],[2.477153389981251,48.7889436164653],[2.477808042661444,48.7890025144182],[2.4809856445996856,48.7908232010199],[2.481696135293083,48.79025612524947],[2.481926450898241,48.7900195224837],[2.481981660016274,48.78972013821092],[2.48184760310311,48.789438765444935],[2.4817854018111567,48.78919226241531],[2.481862673426678,48.78883163045546],[2.482101191973915,48.7884920731336],[2.4822529735442838,48.78837328672998],[2.4825291443025423,48.788317862499476],[2.4824687680046527,48.78878130116173],[2.4825297609613277,48.7890085449433],[2.482574452690607,48.789098226243475],[2.482681562037368,48.7893112931617],[2.4829375627908172,48.78958179219386],[2.4834345229274217,48.789906680808414],[2.4834536696396414,48.78992579206378],[2.483568735589998,48.79004083007271],[2.4837208614023174,48.790193368970655],[2.483876437612017,48.79037928595646],[2.484098277700501,48.790769557211],[2.4841111577486017,48.79079184258896],[2.4851488663151073,48.79047665653584]]],"rewind":true}},{"type":"Feature","properties":{"depname":"Val-de-Marne","bvonum":"0032","comcode":94068,"cancode":9417,"bvocode":"94068_32","cirname":"1ère circonscription","exp":1018,"depcode":94,"cannum":14,"canname":"Saint-Maur-des-Fossés-1","comname":"Saint-Maur-des-Fossés","ins":1313,"Art":3,"Mel":249,"Rou":15,"Mac":371,"Las":20,"vot":1040,"circode":9401,"Lep":107,"Pec":65,"Zem":82,"Hid":5,"Jad":80,"Pou":4,"Dup":17,"top":"Macron","area_error":-0.024253},"geometry":{"type":"Polygon","coordinates":[[[2.487417292700065,48.7820394756209],[2.4851488663151073,48.79047665653584],[2.4883622332604993,48.7908394251282],[2.493319660587626,48.78773503616385],[2.4928211672083087,48.78354941370877],[2.487417292700065,48.7820394756209]]],"rewind":true}},{"type":"Feature","properties":{"depname":"Val-de-Marne","bvonum":"0033","comcode":94068,"cancode":9417,"bvocode":"94068_33","cirname":"1ère circonscription","exp":861,"depcode":94,"cannum":14,"canname":"Saint-Maur-des-Fossés-1","comname":"Saint-Maur-des-Fossés","ins":1225,"Art":2,"Mel":372,"Rou":12,"Mac":212,"Las":16,"vot":871,"circode":9401,"Lep":92,"Pec":39,"Zem":40,"Hid":16,"Jad":45,"Pou":6,"Dup":9,"top":"Mélenchon","area_error":0.004948},"geometry":{"type":"Polygon","coordinates":[[[2.4928211672083087,48.78354941370877],[2.4940974335771555,48.78282665345873],[2.4935532129266464,48.77672525504752],[2.488733671672973,48.7750861702625],[2.488565718716702,48.775446392862044],[2.487445189699006,48.77765870423605],[2.4864252050390987,48.780157174198386],[2.4862888802189724,48.780406804525725],[2.4862046012694483,48.7805647409221],[2.487417292700065,48.7820394756209],[2.4928211672083087,48.78354941370877]]],"rewind":true}},{"type":"Feature","properties":{"depname":"Val-de-Marne","bvonum":"0034","comcode":94068,"cancode":9417,"bvocode":"94068_34","cirname":"1ère circonscription","exp":988,"depcode":94,"cannum":14,"canname":"Saint-Maur-des-Fossés-1","comname":"Saint-Maur-des-Fossés","ins":1277,"Art":2,"Mel":190,"Rou":16,"Mac":370,"Las":16,"vot":1008,"circode":9401,"Lep":122,"Pec":89,"Zem":95,"Hid":20,"Jad":50,"Pou":7,"Dup":11,"top":"Macron","area_error":0.00981},"geometry":{"type":"Polygon","coordinates":[[[2.495984319162318,48.7684835922611],[2.502778830471678,48.76427124587968],[2.501563392176295,48.7575744191422],[2.5011308774413,48.7579346971217],[2.5005996896167044,48.75856455684535],[2.4997736541,48.75948992522733],[2.497890393803339,48.76145903602026],[2.4956839531551913,48.7637792923623],[2.494994442405393,48.7646026738466],[2.494402691039665,48.76543029626509],[2.493938036472206,48.76629815616376],[2.4935827156146315,48.7672256021944],[2.4930492185215583,48.768156675881414],[2.492940665703147,48.768283524629],[2.4928608139157578,48.7683720432231],[2.492779688260688,48.768458239827936],[2.492691292210578,48.768547717487365],[2.492576782835776,48.768692990206944],[2.492556508638875,48.76872677626306],[2.495984319162318,48.7684835922611]]],"rewind":true}},{"type":"Feature","properties":{"depname":"Val-de-Marne","bvonum":"0035","comcode":94068,"cancode":9417,"bvocode":"94068_35","cirname":"1ère circonscription","exp":955,"depcode":94,"cannum":14,"canname":"Saint-Maur-des-Fossés-1","comname":"Saint-Maur-des-Fossés","ins":1270,"Art":6,"Mel":206,"Rou":21,"Mac":307,"Las":28,"vot":973,"circode":9401,"Lep":132,"Pec":69,"Zem":86,"Hid":15,"Jad":66,"Pou":3,"Dup":16,"top":"Macron","area_error":-0.035099},"geometry":{"type":"Polygon","coordinates":[[[2.505111204698458,48.76403028486721],[2.509692405542326,48.758940582770016],[2.506427513500394,48.75501020677804],[2.5058947567952847,48.75522977806283],[2.505182825563048,48.7555504793159],[2.504966009996352,48.75560079416768],[2.50483901814908,48.75563180334463],[2.5040760930914225,48.756037746835425],[2.501563392176295,48.7575744191422],[2.502778830471678,48.76427124587968],[2.505111204698458,48.76403028486721]]],"rewind":true}},{"type":"Feature","properties":{"depname":"Val-de-Marne","bvonum":"0036","comcode":94068,"cancode":9418,"bvocode":"94068_36","cirname":"1ère circonscription","exp":965,"depcode":94,"cannum":11,"canname":"Saint-Maur-des-Fossés-2","comname":"Saint-Maur-des-Fossés","ins":1230,"Art":1,"Mel":162,"Rou":15,"Mac":344,"Las":17,"vot":982,"circode":9401,"Lep":141,"Pec":75,"Zem":92,"Hid":10,"Jad":83,"Pou":6,"Dup":19,"top":"Macron","area_error":0.001747},"geometry":{"type":"Polygon","coordinates":[[[2.4975573003427254,48.773137507583925],[2.4984653560993686,48.77305466711594],[2.5008755749904426,48.77204973588096],[2.50576912781867,48.7656859051821],[2.505111204698458,48.76403028486721],[2.502778830471678,48.76427124587968],[2.495984319162318,48.7684835922611],[2.4975573003427254,48.773137507583925]]],"rewind":true}},{"type":"Feature","properties":{"depname":"Val-de-Marne","bvonum":"0037","comcode":94068,"cancode":9418,"bvocode":"94068_37","cirname":"1ère circonscription","exp":949,"depcode":94,"cannum":11,"canname":"Saint-Maur-des-Fossés-2","comname":"Saint-Maur-des-Fossés","ins":1226,"Art":4,"Mel":175,"Rou":27,"Mac":345,"Las":32,"vot":965,"circode":9401,"Lep":125,"Pec":83,"Zem":61,"Hid":13,"Jad":67,"Pou":3,"Dup":14,"top":"Macron","area_error":0.002868},"geometry":{"type":"Polygon","coordinates":[[[2.50576912781867,48.7656859051821],[2.509647272600572,48.76636712623463],[2.5124831705965227,48.764229985003816],[2.514761381218835,48.75955293007182],[2.5143055634417877,48.75818743862737],[2.509692405542326,48.758940582770016],[2.505111204698458,48.76403028486721],[2.50576912781867,48.7656859051821]]],"rewind":true}},{"type":"Feature","properties":{"depname":"Val-de-Marne","bvonum":"0038","comcode":94068,"cancode":9418,"bvocode":"94068_38","cirname":"1ère circonscription","exp":922,"depcode":94,"cannum":11,"canname":"Saint-Maur-des-Fossés-2","comname":"Saint-Maur-des-Fossés","ins":1191,"Art":1,"Mel":168,"Rou":17,"Mac":337,"Las":10,"vot":937,"circode":9401,"Lep":145,"Pec":71,"Zem":70,"Hid":17,"Jad":57,"Pou":6,"Dup":23,"top":"Macron","area_error":0.001797},"geometry":{"type":"Polygon","coordinates":[[[2.509692405542326,48.758940582770016],[2.5143055634417877,48.75818743862737],[2.518855333304475,48.75125072073847],[2.5183454339661075,48.75135421809327],[2.5169563587688026,48.7517370304287],[2.514068323281218,48.75270061310009],[2.510888860784874,48.753702461717616],[2.50659463071839,48.7549830435945],[2.506427513500394,48.75501020677804],[2.509692405542326,48.758940582770016]]],"rewind":true}},{"type":"Feature","properties":{"depname":"Val-de-Marne","bvonum":"0039","comcode":94068,"cancode":9418,"bvocode":"94068_39","cirname":"1ère circonscription","exp":1045,"depcode":94,"cannum":11,"canname":"Saint-Maur-des-Fossés-2","comname":"Saint-Maur-des-Fossés","ins":1295,"Art":1,"Mel":183,"Rou":20,"Mac":358,"Las":25,"vot":1062,"circode":9401,"Lep":171,"Pec":66,"Zem":106,"Hid":13,"Jad":81,"Pou":8,"Dup":13,"top":"Macron","area_error":-0.01872},"geometry":{"type":"Polygon","coordinates":[[[2.5143055634417877,48.75818743862737],[2.514761381218835,48.75955293007182],[2.51928832875722,48.75886678123532],[2.52142596909465,48.75698519416794],[2.524425324794307,48.75164522568038],[2.5238470408094518,48.7514125930064],[2.52348600399501,48.751248549003975],[2.5228816383793156,48.75105986363638],[2.5213503535205763,48.75095786634456],[2.518855333304475,48.75125072073847],[2.5143055634417877,48.75818743862737]]],"rewind":true}},{"type":"Feature","properties":{"depname":"Val-de-Marne","bvonum":"0004","comcode":94068,"cancode":9417,"bvocode":"94068_4","cirname":"1ère circonscription","exp":1005,"depcode":94,"cannum":14,"canname":"Saint-Maur-des-Fossés-1","comname":"Saint-Maur-des-Fossés","ins":1225,"Art":2,"Mel":188,"Rou":14,"Mac":391,"Las":16,"vot":1022,"circode":9401,"Lep":96,"Pec":81,"Zem":114,"Hid":10,"Jad":72,"Pou":4,"Dup":17,"top":"Macron","area_error":0.023023},"geometry":{"type":"Polygon","coordinates":[[[2.506929180285264,48.77445714646315],[2.5071525723177133,48.78184233892685],[2.514931726405647,48.78313397663904],[2.5157350518520376,48.7818280708987],[2.5081909113672607,48.773287658281575],[2.5081376054633218,48.773277294920966],[2.506929180285264,48.77445714646315]]],"rewind":true}},{"type":"Feature","properties":{"depname":"Val-de-Marne","bvonum":"0040","comcode":94068,"cancode":9418,"bvocode":"94068_40","cirname":"1ère circonscription","exp":991,"depcode":94,"cannum":11,"canname":"Saint-Maur-des-Fossés-2","comname":"Saint-Maur-des-Fossés","ins":1269,"Art":1,"Mel":127,"Rou":12,"Mac":396,"Las":16,"vot":1009,"circode":9401,"Lep":128,"Pec":92,"Zem":120,"Hid":14,"Jad":60,"Pou":3,"Dup":22,"top":"Macron","area_error":-0.016984},"geometry":{"type":"Polygon","coordinates":[[[2.5178965031357023,48.76708083992971],[2.52391380982033,48.766180719620685],[2.524718344243921,48.760587826169676],[2.52142596909465,48.75698519416794],[2.51928832875722,48.75886678123532],[2.5178965031357023,48.76708083992971]]],"rewind":true}},{"type":"Feature","properties":{"depname":"Val-de-Marne","bvonum":"0041","comcode":94068,"cancode":9418,"bvocode":"94068_41","cirname":"1ère circonscription","exp":1033,"depcode":94,"cannum":11,"canname":"Saint-Maur-des-Fossés-2","comname":"Saint-Maur-des-Fossés","ins":1248,"Art":2,"Mel":151,"Rou":9,"Mac":408,"Las":13,"vot":1048,"circode":9401,"Lep":106,"Pec":108,"Zem":138,"Hid":13,"Jad":63,"Pou":0,"Dup":22,"top":"Macron","area_error":-0.00497},"geometry":{"type":"Polygon","coordinates":[[[2.52391380982033,48.766180719620685],[2.5245453081257354,48.7667401019807],[2.5311744915217744,48.767232561929376],[2.5314067788801657,48.76663113372146],[2.52937873132579,48.75835162980206],[2.524718344243921,48.760587826169676],[2.52391380982033,48.766180719620685]]],"rewind":true}},{"type":"Feature","properties":{"depname":"Val-de-Marne","bvonum":"0042","comcode":94068,"cancode":9418,"bvocode":"94068_42","cirname":"1ère circonscription","exp":953,"depcode":94,"cannum":11,"canname":"Saint-Maur-des-Fossés-2","comname":"Saint-Maur-des-Fossés","ins":1201,"Art":3,"Mel":131,"Rou":14,"Mac":414,"Las":18,"vot":965,"circode":9401,"Lep":110,"Pec":78,"Zem":99,"Hid":9,"Jad":63,"Pou":4,"Dup":10,"top":"Macron","area_error":-0.011974},"geometry":{"type":"Polygon","coordinates":[[[2.52142596909465,48.75698519416794],[2.524718344243921,48.760587826169676],[2.52937873132579,48.75835162980206],[2.5298076404559278,48.75570613602022],[2.5290409560129286,48.75484232201164],[2.526091645150226,48.752551230669326],[2.525684069356039,48.75240597007212],[2.525166261264916,48.75209623906427],[2.524425324794307,48.75164522568038],[2.52142596909465,48.75698519416794]]],"rewind":true}},{"type":"Feature","properties":{"depname":"Val-de-Marne","bvonum":"0005","comcode":94068,"cancode":9417,"bvocode":"94068_5","cirname":"1ère circonscription","exp":951,"depcode":94,"cannum":14,"canname":"Saint-Maur-des-Fossés-1","comname":"Saint-Maur-des-Fossés","ins":1182,"Art":3,"Mel":153,"Rou":13,"Mac":393,"Las":18,"vot":977,"circode":9401,"Lep":121,"Pec":65,"Zem":95,"Hid":9,"Jad":69,"Pou":4,"Dup":8,"top":"Macron","area_error":-0.072615},"geometry":{"type":"Polygon","coordinates":[[[2.5081909113672607,48.773287658281575],[2.5157350518520376,48.7818280708987],[2.5168143730242685,48.78070332275652],[2.516965685444157,48.780340565250036],[2.515398137189104,48.77218671192331],[2.5081909113672607,48.773287658281575]]],"rewind":true}},{"type":"Feature","properties":{"depname":"Val-de-Marne","bvonum":"0006","comcode":94068,"cancode":9417,"bvocode":"94068_6","cirname":"1ère circonscription","exp":964,"depcode":94,"cannum":14,"canname":"Saint-Maur-des-Fossés-1","comname":"Saint-Maur-des-Fossés","ins":1152,"Art":1,"Mel":131,"Rou":14,"Mac":423,"Las":13,"vot":973,"circode":9401,"Lep":83,"Pec":96,"Zem":117,"Hid":7,"Jad":61,"Pou":4,"Dup":14,"top":"Macron","area_error":0.019545},"geometry":{"type":"Polygon","coordinates":[[[2.5254827951384455,48.78887915005068],[2.515111849807644,48.78542784617818],[2.511715488453358,48.78803750096426],[2.5127008183102473,48.79158099264292],[2.514589710646816,48.790952816514356],[2.515876532503745,48.790645244250264],[2.5177755781117384,48.79022090911483],[2.5185341194431565,48.790129118058],[2.5207906253829537,48.79006316480393],[2.521515268192348,48.79007138855765],[2.523066829534031,48.7899155891994],[2.5249608726701687,48.78947738840494],[2.5255380766956326,48.7892409788701],[2.5254827951384455,48.78887915005068]]],"rewind":true}},{"type":"Feature","properties":{"depname":"Val-de-Marne","bvonum":"0007","comcode":94068,"cancode":9417,"bvocode":"94068_7","cirname":"1ère circonscription","exp":996,"depcode":94,"cannum":14,"canname":"Saint-Maur-des-Fossés-1","comname":"Saint-Maur-des-Fossés","ins":1221,"Art":1,"Mel":151,"Rou":15,"Mac":407,"Las":18,"vot":1012,"circode":9401,"Lep":83,"Pec":121,"Zem":77,"Hid":21,"Jad":77,"Pou":6,"Dup":19,"top":"Macron","area_error":0.009487},"geometry":{"type":"Polygon","coordinates":[[[2.502484343114569,48.786023474503935],[2.5023435237492664,48.7869687273178],[2.5070304989952032,48.79356648528368],[2.5097626000510638,48.7926125436277],[2.5102285219242053,48.7924636367917],[2.51072128644892,48.7922819109239],[2.51145414598591,48.791973917260826],[2.5127008183102473,48.79158099264292],[2.511715488453358,48.78803750096426],[2.5038178590694247,48.78578635401043],[2.502484343114569,48.786023474503935]]],"rewind":true}},{"type":"Feature","properties":{"depname":"Val-de-Marne","bvonum":"0008","comcode":94068,"cancode":9417,"bvocode":"94068_8","cirname":"1ère circonscription","exp":1021,"depcode":94,"cannum":14,"canname":"Saint-Maur-des-Fossés-1","comname":"Saint-Maur-des-Fossés","ins":1241,"Art":2,"Mel":131,"Rou":15,"Mac":465,"Las":14,"vot":1038,"circode":9401,"Lep":88,"Pec":124,"Zem":66,"Hid":13,"Jad":80,"Pou":7,"Dup":16,"top":"Macron","area_error":0.02809},"geometry":{"type":"Polygon","coordinates":[[[2.514931726405647,48.78313397663904],[2.515111849807644,48.78542784617818],[2.5254827951384455,48.78887915005068],[2.5270846738839117,48.785978771753385],[2.5256385612136523,48.785470962274566],[2.5168143730242685,48.78070332275652],[2.5157350518520376,48.7818280708987],[2.514931726405647,48.78313397663904]]],"rewind":true}},{"type":"Feature","properties":{"depname":"Val-de-Marne","bvonum":"0009","comcode":94068,"cancode":9417,"bvocode":"94068_9","cirname":"1ère circonscription","exp":884,"depcode":94,"cannum":14,"canname":"Saint-Maur-des-Fossés-1","comname":"Saint-Maur-des-Fossés","ins":1084,"Art":3,"Mel":137,"Rou":10,"Mac":398,"Las":14,"vot":897,"circode":9401,"Lep":77,"Pec":83,"Zem":93,"Hid":5,"Jad":48,"Pou":1,"Dup":15,"top":"Macron","area_error":-0.126115},"geometry":{"type":"Polygon","coordinates":[[[2.5168143730242685,48.78070332275652],[2.5256385612136523,48.785470962274566],[2.5242140414862453,48.77686548575218],[2.516965685444157,48.780340565250036],[2.5168143730242685,48.78070332275652]]],"rewind":true}},{"type":"Feature","properties":{"depname":"Val-de-Marne","bvonum":"0001","comcode":94069,"cancode":9405,"bvocode":"94069_1","cirname":"8ème circonscription","exp":716,"depcode":94,"cannum":16,"canname":"Charenton-le-Pont","comname":"Saint-Maurice","ins":1025,"Art":3,"Mel":288,"Rou":11,"Mac":156,"Las":6,"vot":744,"circode":9408,"Lep":90,"Pec":32,"Zem":54,"Hid":6,"Jad":42,"Pou":13,"Dup":15,"top":"Mélenchon","area_error":-0.065171},"geometry":{"type":"Polygon","coordinates":[[[2.43942395251319,48.806128771547215],[2.438301214330187,48.80334444382123],[2.437271234038534,48.803315067423],[2.435202333898914,48.8028692102648],[2.4341678325535443,48.80255121841767],[2.433433868932524,48.80236721517712],[2.4326825866470587,48.80223084930429],[2.4321741878619534,48.80217420743774],[2.4307944406436164,48.802052874576724],[2.4297707339914734,48.8022725469435],[2.42896733178047,48.80235238703894],[2.4279687253477267,48.80239872470195],[2.426995454769908,48.802424377448716],[2.426300745913834,48.802391319563085],[2.426344335306202,48.80333712173402],[2.4264778400617066,48.804223680422176],[2.426625512002557,48.80492104917433],[2.43942395251319,48.806128771547215]]],"rewind":true}},{"type":"Feature","properties":{"depname":"Val-de-Marne","bvonum":"0002","comcode":94069,"cancode":9405,"bvocode":"94069_2","cirname":"8ème circonscription","exp":738,"depcode":94,"cannum":16,"canname":"Charenton-le-Pont","comname":"Saint-Maurice","ins":1023,"Art":3,"Mel":227,"Rou":15,"Mac":240,"Las":13,"vot":751,"circode":9408,"Lep":66,"Pec":45,"Zem":71,"Hid":7,"Jad":40,"Pou":3,"Dup":8,"top":"Macron","area_error":0.034195},"geometry":{"type":"Polygon","coordinates":[[[2.43942395251319,48.806128771547215],[2.439561914856563,48.80626984761657],[2.4451929902296534,48.80811803590822],[2.4507409676320044,48.80486092189534],[2.4563640677778023,48.80299626369844],[2.45568153623459,48.80166214345026],[2.4555623723641236,48.80170007485275],[2.454522421181378,48.802099202634345],[2.4533039033557524,48.80269893546358],[2.4522589830144135,48.803316638784445],[2.4511766982778784,48.80383847350876],[2.449749229560843,48.804222753352875],[2.448541383770203,48.80431890559788],[2.4474763554901915,48.804281572264074],[2.4466191322532023,48.804198578241774],[2.445877781879564,48.80414509485367],[2.4449259464826767,48.8041064406456],[2.44337862322897,48.80399886926175],[2.440672526057221,48.803743208018],[2.4395514407175654,48.803551581851785],[2.4385174258070563,48.8033709012964],[2.438301214330187,48.80334444382123],[2.43942395251319,48.806128771547215]]],"rewind":true}},{"type":"Feature","properties":{"depname":"Val-de-Marne","bvonum":"0003","comcode":94069,"cancode":9405,"bvocode":"94069_3","cirname":"8ème circonscription","exp":804,"depcode":94,"cannum":16,"canname":"Charenton-le-Pont","comname":"Saint-Maurice","ins":981,"Art":2,"Mel":185,"Rou":12,"Mac":300,"Las":14,"vot":817,"circode":9408,"Lep":52,"Pec":49,"Zem":74,"Hid":16,"Jad":80,"Pou":6,"Dup":14,"top":"Macron","area_error":0.007587},"geometry":{"type":"Polygon","coordinates":[[[2.43730581602125,48.8083501853079],[2.427899634850237,48.808813758239864],[2.4281386958037436,48.8094731472072],[2.4282527839295036,48.80982181503759],[2.42830400584506,48.80996851035302],[2.4283285998693276,48.81004136543003],[2.4293114043151016,48.81289391204717],[2.429764201824254,48.81459670942848],[2.43471921244459,48.8131003396529],[2.43730581602125,48.8083501853079]]],"rewind":true}},{"type":"Feature","properties":{"depname":"Val-de-Marne","bvonum":"0004","comcode":94069,"cancode":9405,"bvocode":"94069_4","cirname":"8ème circonscription","exp":694,"depcode":94,"cannum":16,"canname":"Charenton-le-Pont","comname":"Saint-Maurice","ins":871,"Art":5,"Mel":189,"Rou":10,"Mac":208,"Las":19,"vot":699,"circode":9408,"Lep":64,"Pec":61,"Zem":66,"Hid":6,"Jad":55,"Pou":8,"Dup":3,"top":"Macron","area_error":0.055024},"geometry":{"type":"Polygon","coordinates":[[[2.43730581602125,48.8083501853079],[2.439561914856563,48.80626984761657],[2.43942395251319,48.806128771547215],[2.426625512002557,48.80492104917433],[2.42664745719935,48.805005473744174],[2.42667408877643,48.805385757636664],[2.4270867990905107,48.80643723173395],[2.4271869830558614,48.806841615346514],[2.42746252574618,48.80758348941252],[2.4277162725785586,48.80822454971298],[2.427899634850237,48.808813758239864],[2.43730581602125,48.8083501853079]]],"rewind":true}},{"type":"Feature","properties":{"depname":"Val-de-Marne","bvonum":"0005","comcode":94069,"cancode":9405,"bvocode":"94069_5","cirname":"8ème circonscription","exp":697,"depcode":94,"cannum":16,"canname":"Charenton-le-Pont","comname":"Saint-Maurice","ins":851,"Art":1,"Mel":151,"Rou":7,"Mac":237,"Las":10,"vot":708,"circode":9408,"Lep":55,"Pec":63,"Zem":87,"Hid":10,"Jad":63,"Pou":6,"Dup":7,"top":"Macron","area_error":-0.00907},"geometry":{"type":"Polygon","coordinates":[[[2.439561914856563,48.80626984761657],[2.43730581602125,48.8083501853079],[2.43471921244459,48.8131003396529],[2.4426874216404464,48.81032926359013],[2.4451929902296534,48.80811803590822],[2.439561914856563,48.80626984761657]]],"rewind":true}},{"type":"Feature","properties":{"depname":"Val-de-Marne","bvonum":"0006","comcode":94069,"cancode":9405,"bvocode":"94069_6","cirname":"8ème circonscription","exp":741,"depcode":94,"cannum":16,"canname":"Charenton-le-Pont","comname":"Saint-Maurice","ins":945,"Art":1,"Mel":112,"Rou":11,"Mac":291,"Las":11,"vot":755,"circode":9408,"Lep":71,"Pec":79,"Zem":102,"Hid":17,"Jad":34,"Pou":2,"Dup":10,"top":"Macron","area_error":0.002228},"geometry":{"type":"Polygon","coordinates":[[[2.471961885115657,48.80263401838728],[2.474234315518141,48.80451714412075],[2.4761599022688556,48.8030606932306],[2.47786420920348,48.80145943720258],[2.478058324437828,48.80115731628016],[2.47818608401507,48.80073737468134],[2.4789930750364633,48.80069432345081],[2.48046571573792,48.799577378047545],[2.4810722293985528,48.79917117890545],[2.478569080993387,48.79606684671325],[2.4782816115875272,48.795191585081824],[2.4781285850465027,48.79490224938051],[2.471961885115657,48.80263401838728]]],"rewind":true}},{"type":"Feature","properties":{"depname":"Val-de-Marne","bvonum":"0007","comcode":94069,"cancode":9405,"bvocode":"94069_7","cirname":"8ème circonscription","exp":658,"depcode":94,"cannum":16,"canname":"Charenton-le-Pont","comname":"Saint-Maurice","ins":882,"Art":3,"Mel":157,"Rou":6,"Mac":205,"Las":12,"vot":673,"circode":9408,"Lep":84,"Pec":52,"Zem":95,"Hid":5,"Jad":19,"Pou":5,"Dup":15,"top":"Macron","area_error":0.037373},"geometry":{"type":"Polygon","coordinates":[[[2.4563640677778023,48.80299626369844],[2.4616027159176066,48.8018223471738],[2.4682172686655623,48.8011492948492],[2.468213377601451,48.800073804914064],[2.46812969372385,48.794491393889125],[2.4670809797300364,48.79565952527896],[2.4665438706175165,48.79633286505555],[2.4660232832810682,48.79699818586672],[2.4653373816485633,48.7978735255666],[2.464951568835116,48.79826285487217],[2.464611847585365,48.79852700448528],[2.4641464062109617,48.79875320791401],[2.4637337148338943,48.7989176233316],[2.463132323041796,48.7991473333926],[2.4630543137090553,48.79917827051073],[2.4621403315042913,48.7995762151478],[2.4612554122646984,48.79995236048441],[2.4596820104562482,48.80042836789916],[2.4576583324505448,48.80105924377183],[2.45568153623459,48.80166214345026],[2.4563640677778023,48.80299626369844]]],"rewind":true}},{"type":"Feature","properties":{"depname":"Val-de-Marne","bvonum":"0008","comcode":94069,"cancode":9405,"bvocode":"94069_8","cirname":"8ème circonscription","exp":669,"depcode":94,"cannum":16,"canname":"Charenton-le-Pont","comname":"Saint-Maurice","ins":856,"Art":2,"Mel":80,"Rou":14,"Mac":243,"Las":9,"vot":684,"circode":9408,"Lep":67,"Pec":52,"Zem":142,"Hid":9,"Jad":37,"Pou":1,"Dup":13,"top":"Macron","area_error":-0.058155},"geometry":{"type":"Polygon","coordinates":[[[2.468213377601451,48.800073804914064],[2.477160622006985,48.79394868070505],[2.476348429981094,48.793354343637915],[2.4749290113898748,48.792490268037675],[2.47260293661963,48.79401225594657],[2.4724441387459555,48.79384612085614],[2.4719878784286484,48.7932326349487],[2.4705390407864285,48.7940673770602],[2.4703752249858177,48.79394751468377],[2.4699119307648956,48.7942074031138],[2.469455674082258,48.794557810705],[2.468902307372016,48.79504281398977],[2.4682297239959774,48.7943911556146],[2.46812969372385,48.794491393889125],[2.468213377601451,48.800073804914064]]],"rewind":true}},{"type":"Feature","properties":{"depname":"Val-de-Marne","bvonum":"0009","comcode":94069,"cancode":9405,"bvocode":"94069_9","cirname":"8ème circonscription","exp":583,"depcode":94,"cannum":16,"canname":"Charenton-le-Pont","comname":"Saint-Maurice","ins":816,"Art":1,"Mel":153,"Rou":17,"Mac":181,"Las":10,"vot":591,"circode":9408,"Lep":76,"Pec":31,"Zem":67,"Hid":9,"Jad":27,"Pou":4,"Dup":7,"top":"Macron","area_error":0.032396},"geometry":{"type":"Polygon","coordinates":[[[2.4682172686655623,48.8011492948492],[2.471961885115657,48.80263401838728],[2.4781285850465027,48.79490224938051],[2.478117159112166,48.79488461924874],[2.47790560065977,48.79456850390839],[2.4772142559379957,48.79399545532655],[2.477160622006985,48.79394868070505],[2.468213377601451,48.800073804914064],[2.4682172686655623,48.8011492948492]]],"rewind":true}},{"type":"Feature","properties":{"depname":"Val-de-Marne","bvonum":"0001","comcode":94070,"cancode":9416,"bvocode":"94070_1","cirname":"3ème circonscription","exp":864,"depcode":94,"cannum":9,"canname":"Plateau briard","comname":"Santeny","ins":1099,"Art":7,"Mel":160,"Rou":11,"Mac":262,"Las":8,"vot":876,"circode":9403,"Lep":176,"Pec":82,"Zem":86,"Hid":7,"Jad":32,"Pou":7,"Dup":26,"top":"Macron","area_error":-0.087173},"geometry":{"type":"Polygon","coordinates":[[[2.575858392128865,48.73446860163683],[2.5644800576852,48.7231571964208],[2.56469832268122,48.723368794552385],[2.5649777280872113,48.7241783392709],[2.5641065836610832,48.72418432022717],[2.5639676398800857,48.7248448978833],[2.5643196944219224,48.72546888028521],[2.565022357326318,48.72723608915022],[2.5652301958421,48.727169329855585],[2.565409177078842,48.72779007327605],[2.565487825766523,48.72810249440005],[2.5657044557923023,48.7286728403101],[2.565839099043655,48.72911287267805],[2.566083179593147,48.729597542740876],[2.566178311540117,48.72984201647448],[2.566346491976794,48.730091759723436],[2.5664536453245237,48.73033621622723],[2.5667650337384136,48.73088200636677],[2.5671123351871383,48.73131242367225],[2.5687160229991464,48.73141316982166],[2.56966429026222,48.731636420141825],[2.5697608060294668,48.73178798526485],[2.5700772955629865,48.73230993584813],[2.5701499246858055,48.732459497997276],[2.570286398993043,48.732754969388814],[2.5704120640789054,48.7330735706754],[2.5706807206887548,48.7335947434251],[2.571969070289578,48.73382915506924],[2.575858392128865,48.73446860163683]]],"rewind":true}},{"type":"Feature","properties":{"depname":"Val-de-Marne","bvonum":"0002","comcode":94070,"cancode":9416,"bvocode":"94070_2","cirname":"3ème circonscription","exp":603,"depcode":94,"cannum":9,"canname":"Plateau briard","comname":"Santeny","ins":730,"Art":1,"Mel":50,"Rou":6,"Mac":226,"Las":23,"vot":607,"circode":9403,"Lep":93,"Pec":84,"Zem":83,"Hid":2,"Jad":19,"Pou":1,"Dup":15,"top":"Macron","area_error":0.089687},"geometry":{"type":"Polygon","coordinates":[[[2.575858392128865,48.73446860163683],[2.571969070289578,48.73382915506924],[2.5725065532277123,48.733972176404784],[2.572581905227049,48.73403331107672],[2.5728724031481964,48.7345593228345],[2.57483510509288,48.7363248063496],[2.575064613518361,48.73677704242194],[2.575306525254536,48.737467333414486],[2.5754025987951064,48.73772816938063],[2.575297188984185,48.737813191429375],[2.5748887531022437,48.738080662337744],[2.574471365969008,48.7383098694028],[2.575160442677173,48.73892953207398],[2.57565040111855,48.73911924896108],[2.575821758874775,48.739112295330244],[2.5762505354471177,48.7400215162132],[2.5764449525709514,48.73999961784768],[2.57662071250727,48.74005107465681],[2.5773152667062127,48.741336033236564],[2.577620065788282,48.74187130635873],[2.577848825080397,48.74228484349617],[2.578600451586821,48.7435104389568],[2.5813475815475,48.74562693758841],[2.5832085541902927,48.74630742394312],[2.5874652697895852,48.74768736795804],[2.5828192906729583,48.74527454352275],[2.5819580471241417,48.7442762419638],[2.578954884219339,48.7422570877154],[2.5784077782201913,48.74117020979576],[2.576150439629129,48.73703459955036],[2.577586879803594,48.73747858536803],[2.579433684858611,48.736165800460675],[2.5806731091816086,48.73502120672312],[2.577266619178258,48.735220477403765],[2.5772416764597335,48.73462173693202],[2.575858392128865,48.73446860163683]]],"rewind":true}},{"type":"Feature","properties":{"depname":"Val-de-Marne","bvonum":"0003","comcode":94070,"cancode":9416,"bvocode":"94070_3","cirname":"3ème circonscription","exp":741,"depcode":94,"cannum":9,"canname":"Plateau briard","comname":"Santeny","ins":962,"Art":2,"Mel":124,"Rou":11,"Mac":275,"Las":13,"vot":757,"circode":9403,"Lep":140,"Pec":55,"Zem":65,"Hid":7,"Jad":26,"Pou":4,"Dup":19,"top":"Macron","area_error":0.082805},"geometry":{"type":"Polygon","coordinates":[[[2.575858392128865,48.73446860163683],[2.5772416764597335,48.73462173693202],[2.575150017617227,48.73241546376465],[2.5727702535965045,48.7286999652203],[2.570548766174368,48.72640404710695],[2.5694374702938507,48.72157080073627],[2.5678813755980574,48.722887200040674],[2.56728779664053,48.72100992740152],[2.566055481098812,48.719561502031354],[2.565410893679943,48.72012786883753],[2.565285821918772,48.72039618972932],[2.565307938032938,48.72046953433873],[2.5652385078188207,48.7213237902814],[2.565251676082835,48.7213586080454],[2.5650543941758364,48.7214311161609],[2.5652024821255868,48.72218466331747],[2.564658313415983,48.72235895573973],[2.564975228575831,48.722717271789264],[2.5644810398572147,48.72277605932464],[2.564356980014331,48.722673762390436],[2.5639270455026053,48.72271870798037],[2.5644800576852,48.7231571964208],[2.575858392128865,48.73446860163683]]],"rewind":true}},{"type":"Feature","properties":{"depname":"Val-de-Marne","bvonum":"0001","comcode":94071,"cancode":9418,"bvocode":"94071_1","cirname":"4ème circonscription","exp":834,"depcode":94,"cannum":11,"canname":"Saint-Maur-des-Fossés-2","comname":"Sucy-en-Brie","ins":1013,"Art":4,"Mel":160,"Rou":18,"Mac":292,"Las":8,"vot":845,"circode":9404,"Lep":99,"Pec":95,"Zem":69,"Hid":10,"Jad":58,"Pou":3,"Dup":18,"top":"Macron","area_error":-0.030498},"geometry":{"type":"Polygon","coordinates":[[[2.537655726132899,48.74842230133854],[2.544568968365296,48.74897948227444],[2.545112946815271,48.748380520253065],[2.5448547801816943,48.74325871534812],[2.5398519004472138,48.742567650758126],[2.537617178696857,48.74833842885448],[2.537655726132899,48.74842230133854]]],"rewind":true}},{"type":"Feature","properties":{"depname":"Val-de-Marne","bvonum":"0010","comcode":94071,"cancode":9418,"bvocode":"94071_10","cirname":"4ème circonscription","exp":611,"depcode":94,"cannum":11,"canname":"Saint-Maur-des-Fossés-2","comname":"Sucy-en-Brie","ins":745,"Art":1,"Mel":105,"Rou":7,"Mac":236,"Las":7,"vot":619,"circode":9404,"Lep":80,"Pec":87,"Zem":31,"Hid":3,"Jad":40,"Pou":2,"Dup":12,"top":"Macron","area_error":0.027519},"geometry":{"type":"Polygon","coordinates":[[[2.5526690457869377,48.74806370058696],[2.559613972748894,48.746956879258555],[2.5592967846605053,48.74664221714188],[2.559218777478344,48.7465224869434],[2.559110959224868,48.746242057027025],[2.5590844786484013,48.7461722882013],[2.55904477106553,48.745928263941124],[2.559411444561702,48.74518428850209],[2.5600319700652556,48.74461925809985],[2.560554661454006,48.744416237734754],[2.5612094281213054,48.74419179287783],[2.56186285067954,48.7440926680369],[2.5621517566837038,48.744067195693745],[2.561857573891535,48.743850915915125],[2.5523836334514085,48.743842649551056],[2.5516017452240174,48.74740211995685],[2.5526690457869377,48.74806370058696]]],"rewind":true}},{"type":"Feature","properties":{"depname":"Val-de-Marne","bvonum":"0011","comcode":94071,"cancode":9418,"bvocode":"94071_11","cirname":"4ème circonscription","exp":873,"depcode":94,"cannum":11,"canname":"Saint-Maur-des-Fossés-2","comname":"Sucy-en-Brie","ins":1120,"Art":4,"Mel":239,"Rou":17,"Mac":276,"Las":11,"vot":890,"circode":9404,"Lep":130,"Pec":42,"Zem":76,"Hid":11,"Jad":52,"Pou":3,"Dup":12,"top":"Macron","area_error":0.005938},"geometry":{"type":"Polygon","coordinates":[[[2.545112946815271,48.748380520253065],[2.5516017452240174,48.74740211995685],[2.5523836334514085,48.743842649551056],[2.551051123769728,48.74143083273315],[2.54950688670671,48.74081863775014],[2.5448547801816943,48.74325871534812],[2.545112946815271,48.748380520253065]]],"rewind":true}},{"type":"Feature","properties":{"depname":"Val-de-Marne","bvonum":"0012","comcode":94071,"cancode":9418,"bvocode":"94071_12","cirname":"4ème circonscription","exp":942,"depcode":94,"cannum":11,"canname":"Saint-Maur-des-Fossés-2","comname":"Sucy-en-Brie","ins":1171,"Art":1,"Mel":193,"Rou":13,"Mac":366,"Las":15,"vot":955,"circode":9404,"Lep":83,"Pec":94,"Zem":91,"Hid":12,"Jad":55,"Pou":1,"Dup":18,"top":"Macron","area_error":0.015496},"geometry":{"type":"Polygon","coordinates":[[[2.529502552488952,48.74618909560452],[2.5392428904032522,48.741853137885855],[2.53916576016069,48.739943392932815],[2.538328353359047,48.7401721761812],[2.5368313144152523,48.7406346141981],[2.534650164455974,48.74133263028784],[2.5339163635258632,48.741411403872426],[2.5329560936941315,48.741761913784956],[2.532295097010756,48.74178508960627],[2.5288004525614722,48.7432949174334],[2.527888535964998,48.7437470691586],[2.5269668137351924,48.74415381167695],[2.525599153377505,48.744719959126684],[2.519788936494877,48.74613579980637],[2.5199762682018454,48.74656094509007],[2.5231461535347433,48.7470192745197],[2.5254342629473228,48.74639028655598],[2.526218461845289,48.7469152631344],[2.5262874156884454,48.74710504959643],[2.5262874054561,48.74731015829146],[2.529502552488952,48.74618909560452]]],"rewind":true}},{"type":"Feature","properties":{"depname":"Val-de-Marne","bvonum":"0013","comcode":94071,"cancode":9418,"bvocode":"94071_13","cirname":"4ème circonscription","exp":746,"depcode":94,"cannum":11,"canname":"Saint-Maur-des-Fossés-2","comname":"Sucy-en-Brie","ins":925,"Art":3,"Mel":135,"Rou":9,"Mac":272,"Las":12,"vot":763,"circode":9404,"Lep":72,"Pec":79,"Zem":79,"Hid":13,"Jad":52,"Pou":5,"Dup":15,"top":"Macron","area_error":0.005763},"geometry":{"type":"Polygon","coordinates":[[[2.53193761809251,48.747911335311855],[2.537617178696857,48.74833842885448],[2.5398519004472138,48.742567650758126],[2.5392428904032522,48.741853137885855],[2.529502552488952,48.74618909560452],[2.53193761809251,48.747911335311855]]],"rewind":true}},{"type":"Feature","properties":{"depname":"Val-de-Marne","bvonum":"0014","comcode":94071,"cancode":9418,"bvocode":"94071_14","cirname":"4ème circonscription","exp":814,"depcode":94,"cannum":11,"canname":"Saint-Maur-des-Fossés-2","comname":"Sucy-en-Brie","ins":1082,"Art":1,"Mel":203,"Rou":9,"Mac":266,"Las":15,"vot":831,"circode":9404,"Lep":111,"Pec":66,"Zem":58,"Hid":16,"Jad":55,"Pou":1,"Dup":13,"top":"Macron","area_error":-0.003174},"geometry":{"type":"Polygon","coordinates":[[[2.5401008118766732,48.75528294395415],[2.537693299882924,48.75291625869368],[2.5324230701370634,48.75408784098466],[2.531914216613137,48.75646776410655],[2.532041046740001,48.75658725808995],[2.5324105411953144,48.75704610649351],[2.53261678730822,48.7573447327092],[2.53363329704657,48.758289951791056],[2.533973706179502,48.758804577694924],[2.53332254598654,48.75852796202016],[2.5328004982100216,48.7580177487553],[2.5327534735132016,48.75882170611244],[2.53391194089833,48.76046864431875],[2.534590172226905,48.760932390547744],[2.537166551863861,48.761886295690225],[2.537447814657533,48.761934880231514],[2.5377732777158584,48.76200677304648],[2.5383941601590108,48.761786230852344],[2.538929668505335,48.76157816202816],[2.538614246293756,48.76147244000602],[2.538084253519675,48.76124982836475],[2.536674890108288,48.76034459751388],[2.5362218386657682,48.760035725976465],[2.535606099783589,48.75967332500324],[2.5348814865334623,48.758874993318564],[2.5324748464775437,48.75654553817962],[2.5322995421723045,48.756308923283044],[2.532152111848329,48.756051387821884],[2.53230618019222,48.7561401830554],[2.534176224480391,48.75694853426096],[2.535201697236941,48.75734686989451],[2.53896847708681,48.75867317713722],[2.5390906748466646,48.758621899650734],[2.541535216475334,48.758427007440964],[2.540982434291813,48.75793833619066],[2.5405334196909646,48.75754747329254],[2.539561093672113,48.75633871908571],[2.539409318194412,48.75604813455602],[2.539184206081834,48.755468063692476],[2.5391144244238224,48.75530774779516],[2.538946343112794,48.75506104559544],[2.539022095416084,48.75499140026439],[2.53961362178759,48.75525409827239],[2.53979390350856,48.75535297248948],[2.540186568308,48.7556757370004],[2.5401008118766732,48.75528294395415]]],"rewind":true}},{"type":"Feature","properties":{"depname":"Val-de-Marne","bvonum":"0015","comcode":94071,"cancode":9418,"bvocode":"94071_15","cirname":"4ème circonscription","exp":583,"depcode":94,"cannum":11,"canname":"Saint-Maur-des-Fossés-2","comname":"Sucy-en-Brie","ins":765,"Art":6,"Mel":214,"Rou":14,"Mac":151,"Las":12,"vot":593,"circode":9404,"Lep":75,"Pec":28,"Zem":42,"Hid":3,"Jad":18,"Pou":6,"Dup":14,"top":"Mélenchon","area_error":0.029948},"geometry":{"type":"Polygon","coordinates":[[[2.543944146298994,48.75283895651743],[2.5503532601158514,48.7557690983219],[2.55048883967264,48.7556748431402],[2.55074147906933,48.755595257632386],[2.5507673494332463,48.75552498208366],[2.5509614126575655,48.75533379518475],[2.5507520581194347,48.75513631348562],[2.5511013904287143,48.755085500783615],[2.551347820044938,48.75513389541978],[2.5515002409694807,48.755099359849645],[2.551797192473242,48.75510547889158],[2.551945596961973,48.75507401015837],[2.55222385383088,48.754942809199285],[2.5525823971427837,48.75487831387128],[2.55266488468767,48.754909927614065],[2.5530475610572325,48.75491687743544],[2.5538642526110618,48.754671574423334],[2.554457189828202,48.7545454318085],[2.5553399243108275,48.754263440594286],[2.5561532280411727,48.75400627526236],[2.5562699096942847,48.75391398366897],[2.557377245030934,48.75348978257024],[2.557523939034834,48.75308632126654],[2.5575409364930364,48.7529989737059],[2.5576501119810215,48.7528762627431],[2.55769347498077,48.7526971085871],[2.5577913906071776,48.75248539319509],[2.5559810630126947,48.75252855078903],[2.5445346279988117,48.75193240143617],[2.543944146298994,48.75283895651743]]],"rewind":true}},{"type":"Feature","properties":{"depname":"Val-de-Marne","bvonum":"0016","comcode":94071,"cancode":9418,"bvocode":"94071_16","cirname":"4ème circonscription","exp":852,"depcode":94,"cannum":11,"canname":"Saint-Maur-des-Fossés-2","comname":"Sucy-en-Brie","ins":1080,"Art":6,"Mel":156,"Rou":24,"Mac":296,"Las":21,"vot":872,"circode":9404,"Lep":117,"Pec":66,"Zem":87,"Hid":3,"Jad":53,"Pou":5,"Dup":18,"top":"Macron","area_error":-0.001887},"geometry":{"type":"Polygon","coordinates":[[[2.5593393128114457,48.73830202341775],[2.561857573891535,48.743850915915125],[2.5621517566837038,48.744067195693745],[2.5622083418774366,48.74406549611085],[2.563610303409933,48.744243536296885],[2.565825040272976,48.744542829260844],[2.5663050255003537,48.74460012048933],[2.5665420473380074,48.7445887168894],[2.568171236004611,48.74433565725412],[2.568746494747967,48.744270668478435],[2.569484458314517,48.74417552553975],[2.5698070901648533,48.7441301135943],[2.569895230167644,48.744136557892],[2.5699048128701323,48.74414259175756],[2.567283545127858,48.74034222192799],[2.5670797360645934,48.74028836061652],[2.566826942427757,48.740231483269625],[2.565131621483539,48.739671393947155],[2.5645520917844022,48.73946264300908],[2.5645183196994266,48.73945042455776],[2.563939258218641,48.739204368793175],[2.56246971116891,48.7386116888554],[2.561910387840232,48.73836829617332],[2.5611292035451356,48.73792440114544],[2.5604759785106967,48.73752799897095],[2.559916211523798,48.73731594525266],[2.5596312283208875,48.737224794597864],[2.5593393128114457,48.73830202341775]]],"rewind":true}},{"type":"Feature","properties":{"depname":"Val-de-Marne","bvonum":"0017","comcode":94071,"cancode":9418,"bvocode":"94071_17","cirname":"4ème circonscription","exp":582,"depcode":94,"cannum":11,"canname":"Saint-Maur-des-Fossés-2","comname":"Sucy-en-Brie","ins":712,"Art":4,"Mel":79,"Rou":13,"Mac":242,"Las":12,"vot":595,"circode":9404,"Lep":61,"Pec":67,"Zem":31,"Hid":7,"Jad":47,"Pou":3,"Dup":16,"top":"Macron","area_error":-0.018966},"geometry":{"type":"Polygon","coordinates":[[[2.5526690457869377,48.74806370058696],[2.5559810630126947,48.75252855078903],[2.5577913906071776,48.75248539319509],[2.55786006715709,48.75229079430403],[2.5581402920740484,48.751954302954964],[2.558223471384149,48.75159293695743],[2.5581440308352947,48.75136363487364],[2.5581578336427357,48.75119721926532],[2.558103968383032,48.751096768022464],[2.558460867931651,48.75081458782504],[2.5589484918940673,48.75050252370615],[2.5592519926610047,48.75038396326541],[2.5596800943633635,48.750129281685425],[2.559937214763905,48.74992847118488],[2.559991004249244,48.74979548789307],[2.560092280724907,48.749586955612386],[2.560313793522836,48.749381727809514],[2.5604548349125578,48.7490462228488],[2.5605592065366127,48.74888322826737],[2.56054193102583,48.748772221925414],[2.560435064868159,48.7487090297762],[2.5604227433163755,48.748525302727366],[2.56032984500638,48.74833706990765],[2.560289516529907,48.74801416292134],[2.5602359581524667,48.74781035930008],[2.560089224201203,48.7475002128419],[2.559790735350966,48.74713090787576],[2.559613972748894,48.746956879258555],[2.5526690457869377,48.74806370058696]]],"rewind":true}},{"type":"Feature","properties":{"depname":"Val-de-Marne","bvonum":"0018","comcode":94071,"cancode":9418,"bvocode":"94071_18","cirname":"4ème circonscription","exp":822,"depcode":94,"cannum":11,"canname":"Saint-Maur-des-Fossés-2","comname":"Sucy-en-Brie","ins":1030,"Art":4,"Mel":181,"Rou":8,"Mac":281,"Las":13,"vot":836,"circode":9404,"Lep":122,"Pec":79,"Zem":57,"Hid":12,"Jad":41,"Pou":3,"Dup":21,"top":"Macron","area_error":-0.009826},"geometry":{"type":"Polygon","coordinates":[[[2.5523836334514085,48.743842649551056],[2.561857573891535,48.743850915915125],[2.5593393128114457,48.73830202341775],[2.551051123769728,48.74143083273315],[2.5523836334514085,48.743842649551056]]],"rewind":true}},{"type":"Feature","properties":{"depname":"Val-de-Marne","bvonum":"0002","comcode":94071,"cancode":9418,"bvocode":"94071_2","cirname":"4ème circonscription","exp":794,"depcode":94,"cannum":11,"canname":"Saint-Maur-des-Fossés-2","comname":"Sucy-en-Brie","ins":984,"Art":1,"Mel":157,"Rou":12,"Mac":292,"Las":8,"vot":813,"circode":9404,"Lep":82,"Pec":80,"Zem":76,"Hid":9,"Jad":63,"Pou":1,"Dup":13,"top":"Macron","area_error":0.00225},"geometry":{"type":"Polygon","coordinates":[[[2.5398519004472138,48.742567650758126],[2.5448547801816943,48.74325871534812],[2.54950688670671,48.74081863775014],[2.5482959713109534,48.73749748845427],[2.5473852037956455,48.737807336753164],[2.546686614194875,48.73806259745776],[2.545804685513544,48.73838510537879],[2.545142518545384,48.7386354221584],[2.5447018923568874,48.73879497720215],[2.54399893445485,48.73907129761077],[2.54336904341709,48.73903037108254],[2.5418651413378544,48.739171397517715],[2.53916576016069,48.739943392932815],[2.5392428904032522,48.741853137885855],[2.5398519004472138,48.742567650758126]]],"rewind":true}},{"type":"Feature","properties":{"depname":"Val-de-Marne","bvonum":"0003","comcode":94071,"cancode":9418,"bvocode":"94071_3","cirname":"4ème circonscription","exp":665,"depcode":94,"cannum":11,"canname":"Saint-Maur-des-Fossés-2","comname":"Sucy-en-Brie","ins":823,"Art":2,"Mel":129,"Rou":8,"Mac":245,"Las":17,"vot":676,"circode":9404,"Lep":72,"Pec":59,"Zem":50,"Hid":12,"Jad":53,"Pou":4,"Dup":14,"top":"Macron","area_error":-0.042683},"geometry":{"type":"Polygon","coordinates":[[[2.5324230701370634,48.75408784098466],[2.537693299882924,48.75291625869368],[2.537655726132899,48.74842230133854],[2.537617178696857,48.74833842885448],[2.53193761809251,48.747911335311855],[2.5324230701370634,48.75408784098466]]],"rewind":true}},{"type":"Feature","properties":{"depname":"Val-de-Marne","bvonum":"0004","comcode":94071,"cancode":9418,"bvocode":"94071_4","cirname":"4ème circonscription","exp":769,"depcode":94,"cannum":11,"canname":"Saint-Maur-des-Fossés-2","comname":"Sucy-en-Brie","ins":997,"Art":3,"Mel":141,"Rou":14,"Mac":246,"Las":20,"vot":794,"circode":9404,"Lep":129,"Pec":58,"Zem":71,"Hid":7,"Jad":53,"Pou":5,"Dup":22,"top":"Macron","area_error":-0.01202},"geometry":{"type":"Polygon","coordinates":[[[2.54950688670671,48.74081863775014],[2.551051123769728,48.74143083273315],[2.5593393128114457,48.73830202341775],[2.5596312283208875,48.737224794597864],[2.5593716233085466,48.73714100066385],[2.5586815292962157,48.73643295278383],[2.5579482475350552,48.73635278121158],[2.5576541780303237,48.736344789364914],[2.556438814632837,48.736343159252066],[2.552508094458785,48.7365125155739],[2.552221590283003,48.73651636070202],[2.5518541034850353,48.736575215366884],[2.549452375906143,48.737130028079825],[2.5482959713109534,48.73749748845427],[2.54950688670671,48.74081863775014]]],"rewind":true}},{"type":"Feature","properties":{"depname":"Val-de-Marne","bvonum":"0005","comcode":94071,"cancode":9418,"bvocode":"94071_5","cirname":"4ème circonscription","exp":901,"depcode":94,"cannum":11,"canname":"Saint-Maur-des-Fossés-2","comname":"Sucy-en-Brie","ins":1125,"Art":4,"Mel":168,"Rou":25,"Mac":291,"Las":26,"vot":920,"circode":9404,"Lep":137,"Pec":82,"Zem":77,"Hid":13,"Jad":49,"Pou":8,"Dup":21,"top":"Macron","area_error":-0.022503},"geometry":{"type":"Polygon","coordinates":[[[2.544568968365296,48.74897948227444],[2.5445346279988117,48.75193240143617],[2.5559810630126947,48.75252855078903],[2.5526690457869377,48.74806370058696],[2.5516017452240174,48.74740211995685],[2.545112946815271,48.748380520253065],[2.544568968365296,48.74897948227444]]],"rewind":true}},{"type":"Feature","properties":{"depname":"Val-de-Marne","bvonum":"0006","comcode":94071,"cancode":9418,"bvocode":"94071_6","cirname":"4ème circonscription","exp":475,"depcode":94,"cannum":11,"canname":"Saint-Maur-des-Fossés-2","comname":"Sucy-en-Brie","ins":703,"Art":3,"Mel":242,"Rou":6,"Mac":95,"Las":7,"vot":485,"circode":9404,"Lep":52,"Pec":16,"Zem":20,"Hid":5,"Jad":17,"Pou":3,"Dup":9,"top":"Mélenchon","area_error":-0.031545},"geometry":{"type":"Polygon","coordinates":[[[2.543944146298994,48.75283895651743],[2.5401008118766732,48.75528294395415],[2.540186568308,48.7556757370004],[2.54029847383066,48.75576863107207],[2.5406807046808457,48.755992455119575],[2.541116271004082,48.756102082130134],[2.5415274753151054,48.756153469859385],[2.541983589550674,48.75623600555953],[2.542281451510238,48.756359354095125],[2.5426980748315966,48.75646547290982],[2.5432005780638884,48.75657357364573],[2.5437406871854966,48.7566775131256],[2.544276866258455,48.75671387837799],[2.5448334207322265,48.75678136376064],[2.5456436106302,48.756760905130186],[2.54596979526901,48.75686411581094],[2.54628748521282,48.7571993250983],[2.54638070938562,48.75733473180352],[2.5466907645007884,48.75744295718914],[2.5468917625252163,48.7575582594312],[2.547352443163767,48.75743861419185],[2.54783159155471,48.75743891646628],[2.5486875503888045,48.757107870554314],[2.549137467455689,48.75692496811403],[2.549762888564586,48.75666513288297],[2.550080934435624,48.75649365768226],[2.5501242202271666,48.7563861824369],[2.549804675005977,48.75647352644084],[2.54978416923456,48.75639724119858],[2.5495440025691347,48.7563942184262],[2.5499862033658487,48.7561838529579],[2.550038789519329,48.75601772839145],[2.5503129524618613,48.75599803954409],[2.5505530016379625,48.75582803970627],[2.5502853091934927,48.755868385544325],[2.550178660728473,48.75588557170083],[2.5503532601158514,48.7557690983219],[2.543944146298994,48.75283895651743]]],"rewind":true}},{"type":"Feature","properties":{"depname":"Val-de-Marne","bvonum":"0007","comcode":94071,"cancode":9418,"bvocode":"94071_7","cirname":"4ème circonscription","exp":698,"depcode":94,"cannum":11,"canname":"Saint-Maur-des-Fossés-2","comname":"Sucy-en-Brie","ins":927,"Art":1,"Mel":231,"Rou":15,"Mac":190,"Las":16,"vot":717,"circode":9404,"Lep":108,"Pec":36,"Zem":51,"Hid":2,"Jad":23,"Pou":9,"Dup":16,"top":"Mélenchon","area_error":-0.011214},"geometry":{"type":"Polygon","coordinates":[[[2.5324230701370634,48.75408784098466],[2.53193761809251,48.747911335311855],[2.529502552488952,48.74618909560452],[2.5262874054561,48.74731015829146],[2.526286999079695,48.74731799286749],[2.525922606976141,48.7476199860098],[2.526055823242791,48.7479337149688],[2.52626610044382,48.74853165839996],[2.526772917298437,48.74877891616796],[2.527261856970915,48.74886955761266],[2.5280847419710986,48.75077530823885],[2.5281402089779452,48.75093925254663],[2.528298485747804,48.75126362567582],[2.5284234396739524,48.7516515550467],[2.5300417914829225,48.754497185834246],[2.53088541169455,48.75553021553172],[2.5313985386945976,48.756002629356885],[2.531914216613137,48.75646776410655],[2.5324230701370634,48.75408784098466]]],"rewind":true}},{"type":"Feature","properties":{"depname":"Val-de-Marne","bvonum":"0008","comcode":94071,"cancode":9418,"bvocode":"94071_8","cirname":"4ème circonscription","exp":788,"depcode":94,"cannum":11,"canname":"Saint-Maur-des-Fossés-2","comname":"Sucy-en-Brie","ins":985,"Art":2,"Mel":115,"Rou":11,"Mac":276,"Las":15,"vot":806,"circode":9404,"Lep":136,"Pec":74,"Zem":79,"Hid":8,"Jad":51,"Pou":0,"Dup":21,"top":"Macron","area_error":-0.002268},"geometry":{"type":"Polygon","coordinates":[[[2.5699048128701323,48.74414259175756],[2.570025132606532,48.7442184199115],[2.5705398317844423,48.74453439576157],[2.570646737832439,48.74463128367862],[2.5709511863604044,48.744868910149236],[2.571174513957906,48.74501529229317],[2.5714667563081854,48.74485702087078],[2.5717545855283626,48.74431719006331],[2.57273264429301,48.74394386201678],[2.57319281739478,48.74422890809316],[2.5736971424009165,48.74455550885026],[2.573832361765357,48.74464745597528],[2.574631490196848,48.745219664066674],[2.5761593185617624,48.74515120031506],[2.57654429520784,48.74516209266537],[2.57680768179451,48.745141880215314],[2.5779140562325025,48.743677139301575],[2.5766384145822614,48.74189007802899],[2.5759709447441015,48.742508525073355],[2.5755698036967276,48.7412178303343],[2.5762505354471177,48.7400215162132],[2.575821758874775,48.739112295330244],[2.57565040111855,48.73911924896108],[2.575160442677173,48.73892953207398],[2.5751094595184165,48.73893486537937],[2.5746021289351777,48.73924147288794],[2.5736225037750233,48.73976964263546],[2.573147913064969,48.739985612422544],[2.57210058455454,48.740348570293875],[2.57137970918205,48.74050567475453],[2.5701862981551638,48.74055976218933],[2.5690141351372886,48.74072098365964],[2.568208210061682,48.74061659525567],[2.567283545127858,48.74034222192799],[2.5699048128701323,48.74414259175756]]],"rewind":true}},{"type":"Feature","properties":{"depname":"Val-de-Marne","bvonum":"0009","comcode":94071,"cancode":9418,"bvocode":"94071_9","cirname":"4ème circonscription","exp":627,"depcode":94,"cannum":11,"canname":"Saint-Maur-des-Fossés-2","comname":"Sucy-en-Brie","ins":925,"Art":5,"Mel":304,"Rou":11,"Mac":125,"Las":8,"vot":635,"circode":9404,"Lep":84,"Pec":17,"Zem":27,"Hid":9,"Jad":22,"Pou":1,"Dup":14,"top":"Mélenchon","area_error":0.032258},"geometry":{"type":"Polygon","coordinates":[[[2.537693299882924,48.75291625869368],[2.5401008118766732,48.75528294395415],[2.543944146298994,48.75283895651743],[2.5445346279988117,48.75193240143617],[2.544568968365296,48.74897948227444],[2.537655726132899,48.74842230133854],[2.537693299882924,48.75291625869368]]],"rewind":true}},{"type":"Feature","properties":{"depname":"Val-de-Marne","bvonum":"0001","comcode":94073,"cancode":9419,"bvocode":"94073_1","cirname":"7ème circonscription","exp":992,"depcode":94,"cannum":8,"canname":"Thiais","comname":"Thiais","ins":1317,"Art":5,"Mel":282,"Rou":23,"Mac":284,"Las":22,"vot":1010,"circode":9407,"Lep":149,"Pec":68,"Zem":68,"Hid":26,"Jad":40,"Pou":13,"Dup":12,"top":"Macron","area_error":-0.043797},"geometry":{"type":"Polygon","coordinates":[[[2.397088924163694,48.74162567334763],[2.4021943527951,48.73751174922476],[2.396691922736789,48.732649772683445],[2.391579789658276,48.7361049997786],[2.397088924163694,48.74162567334763]]],"rewind":true}},{"type":"Feature","properties":{"depname":"Val-de-Marne","bvonum":"0010","comcode":94073,"cancode":9419,"bvocode":"94073_10","cirname":"7ème circonscription","exp":1192,"depcode":94,"cannum":8,"canname":"Thiais","comname":"Thiais","ins":1651,"Art":6,"Mel":350,"Rou":26,"Mac":371,"Las":14,"vot":1219,"circode":9407,"Lep":180,"Pec":56,"Zem":91,"Hid":13,"Jad":57,"Pou":7,"Dup":21,"top":"Macron","area_error":0.027208},"geometry":{"type":"Polygon","coordinates":[[[2.39854794522647,48.74414773651385],[2.397239915710118,48.744756192132755],[2.40086893547804,48.751866530948334],[2.401639315329943,48.75205016105046],[2.401617725890809,48.7520851812453],[2.402340971967671,48.75238999123234],[2.404185102964035,48.75304261437177],[2.404732459766562,48.75268745156239],[2.405101578530294,48.7522336386763],[2.4055202538362233,48.75184966677428],[2.4057268890605945,48.751641251593135],[2.40647693336124,48.75120780701524],[2.4065092750087382,48.75111884262735],[2.40695071861843,48.75068582222434],[2.407780790324517,48.74995073414292],[2.408824312221547,48.7491126452388],[2.408974885473757,48.74902314530694],[2.409378833821686,48.7487191552701],[2.409666531083782,48.74846512215433],[2.41010362480335,48.74824372474705],[2.410372428659867,48.74812761914924],[2.4106727153921867,48.74798769558304],[2.410726916903866,48.74796092196081],[2.411555555914879,48.747438848904984],[2.4112045980232137,48.747341987109046],[2.409068566319215,48.7468628181022],[2.39854794522647,48.74414773651385]]],"rewind":true}},{"type":"Feature","properties":{"depname":"Val-de-Marne","bvonum":"0011","comcode":94073,"cancode":9419,"bvocode":"94073_11","cirname":"7ème circonscription","exp":902,"depcode":94,"cannum":8,"canname":"Thiais","comname":"Thiais","ins":1200,"Art":3,"Mel":251,"Rou":25,"Mac":278,"Las":23,"vot":915,"circode":9407,"Lep":136,"Pec":62,"Zem":63,"Hid":10,"Jad":30,"Pou":8,"Dup":13,"top":"Macron","area_error":0.033127},"geometry":{"type":"Polygon","coordinates":[[[2.3901305967296156,48.735955418735834],[2.388154229241211,48.737826031211874],[2.390112116558877,48.7426502237968],[2.397239915710118,48.744756192132755],[2.39854794522647,48.74414773651385],[2.397088924163694,48.74162567334763],[2.391579789658276,48.7361049997786],[2.3901305967296156,48.735955418735834]]],"rewind":true}},{"type":"Feature","properties":{"depname":"Val-de-Marne","bvonum":"0012","comcode":94073,"cancode":9419,"bvocode":"94073_12","cirname":"7ème circonscription","exp":1107,"depcode":94,"cannum":8,"canname":"Thiais","comname":"Thiais","ins":1489,"Art":2,"Mel":301,"Rou":37,"Mac":324,"Las":25,"vot":1132,"circode":9407,"Lep":174,"Pec":52,"Zem":80,"Hid":13,"Jad":69,"Pou":7,"Dup":23,"top":"Macron","area_error":-0.042922},"geometry":{"type":"Polygon","coordinates":[[[2.397239915710118,48.744756192132755],[2.390112116558877,48.7426502237968],[2.3881419693530854,48.74602690715354],[2.389159491632992,48.747039639737864],[2.390080500975965,48.74757768035599],[2.3902675591139912,48.74727944141037],[2.390519366104569,48.746823522191846],[2.3950908878522266,48.74947796727409],[2.3947555893132226,48.7497191359452],[2.394799368992,48.74982777694196],[2.3946751907182744,48.74993441575023],[2.397000711571389,48.751062508216684],[2.3969533509693237,48.75108886573762],[2.397805812254297,48.75129021648145],[2.4006050545802933,48.75182686437495],[2.40086893547804,48.751866530948334],[2.397239915710118,48.744756192132755]]],"rewind":true}},{"type":"Feature","properties":{"depname":"Val-de-Marne","bvonum":"0013","comcode":94073,"cancode":9419,"bvocode":"94073_13","cirname":"7ème circonscription","exp":1094,"depcode":94,"cannum":8,"canname":"Thiais","comname":"Thiais","ins":1341,"Art":5,"Mel":282,"Rou":19,"Mac":394,"Las":16,"vot":1113,"circode":9407,"Lep":116,"Pec":84,"Zem":97,"Hid":17,"Jad":50,"Pou":7,"Dup":7,"top":"Macron","area_error":-0.02529},"geometry":{"type":"MultiPolygon","coordinates":[[[[2.3922704927647023,48.72706080097146],[2.3967544493592423,48.73244241465078],[2.4019994215337954,48.73192544518274],[2.40335050128231,48.7290911444076],[2.4027575377993275,48.7286623024241],[2.4025366781821615,48.72846686387047],[2.4024621642205912,48.728397758337024],[2.4020138090799152,48.72798426312482],[2.4009330967303537,48.72721905319943],[2.400588308686769,48.72695245441186],[2.399448325064814,48.72624273339917],[2.3991963559134573,48.72609157892123],[2.39871788252419,48.725818119283],[2.39815256498722,48.72587096988528],[2.3974815561561567,48.725894008735054],[2.397100986209406,48.72587219077514],[2.3966674380209287,48.7258298543474],[2.396237327344733,48.725786578224934],[2.3957768068867145,48.72572607778786],[2.395392965170803,48.725703726775016],[2.394952424183641,48.72566173944972],[2.394680724554493,48.72558829983814],[2.3922704927647023,48.72706080097146]]],[[[2.404102476503489,48.727823562072174],[2.404018917920197,48.727750714493865],[2.4039942966556285,48.72798164846885],[2.404102476503489,48.727823562072174]]]],"rewind":true}},{"type":"Feature","properties":{"depname":"Val-de-Marne","bvonum":"0002","comcode":94073,"cancode":9419,"bvocode":"94073_2","cirname":"7ème circonscription","exp":961,"depcode":94,"cannum":8,"canname":"Thiais","comname":"Thiais","ins":1298,"Art":2,"Mel":281,"Rou":24,"Mac":277,"Las":11,"vot":980,"circode":9407,"Lep":154,"Pec":71,"Zem":74,"Hid":16,"Jad":30,"Pou":2,"Dup":19,"top":"Mélenchon","area_error":-0.013866},"geometry":{"type":"Polygon","coordinates":[[[2.39854794522647,48.74414773651385],[2.409068566319215,48.7468628181022],[2.4080124920025674,48.74667089386017],[2.4066001072958976,48.7462648860293],[2.402447180283428,48.744459006359655],[2.403227633727256,48.74384325892418],[2.405320454454094,48.74241666240966],[2.405808969427049,48.7422263262592],[2.4060314188218275,48.74200556602356],[2.406117175928179,48.74152452050503],[2.406486002515449,48.741594749347044],[2.4063819027643745,48.74121454978913],[2.4070927271931875,48.74124740511071],[2.4076644487788452,48.74103091475087],[2.4083050698953348,48.74067892917297],[2.4083116256440844,48.74067564320359],[2.409179447656898,48.74022378736618],[2.4021943527951,48.73751174922476],[2.397088924163694,48.74162567334763],[2.39854794522647,48.74414773651385]]],"rewind":true}},{"type":"Feature","properties":{"depname":"Val-de-Marne","bvonum":"0003","comcode":94073,"cancode":9419,"bvocode":"94073_3","cirname":"7ème circonscription","exp":1113,"depcode":94,"cannum":8,"canname":"Thiais","comname":"Thiais","ins":1473,"Art":4,"Mel":247,"Rou":35,"Mac":398,"Las":6,"vot":1142,"circode":9407,"Lep":190,"Pec":82,"Zem":80,"Hid":6,"Jad":36,"Pou":6,"Dup":23,"top":"Macron","area_error":0.006706},"geometry":{"type":"Polygon","coordinates":[[[2.390112116558877,48.7426502237968],[2.388154229241211,48.737826031211874],[2.382432895842877,48.73623275933532],[2.3791683074936016,48.738938371105],[2.379673036115223,48.73964108176993],[2.379908573963624,48.74008046513505],[2.3810750671166256,48.739565209615165],[2.381463214090562,48.74048470233887],[2.3812080594795932,48.740433381766344],[2.381238626944507,48.74049262732886],[2.381442566720183,48.74089890342131],[2.3815450479190763,48.74110594661997],[2.381643085527752,48.74130079021312],[2.3818110998669693,48.7416244405753],[2.3819424497824264,48.741638338859964],[2.3823019741375737,48.74225758125185],[2.382682344459063,48.742875180481576],[2.383930529206197,48.74268119777696],[2.384659268185512,48.7428294675846],[2.3853316877204347,48.74350327670213],[2.385882009892373,48.744035297410576],[2.387929035735728,48.74579434695463],[2.3881419693530854,48.74602690715354],[2.390112116558877,48.7426502237968]]],"rewind":true}},{"type":"Feature","properties":{"depname":"Val-de-Marne","bvonum":"0004","comcode":94073,"cancode":9419,"bvocode":"94073_4","cirname":"7ème circonscription","exp":1009,"depcode":94,"cannum":8,"canname":"Thiais","comname":"Thiais","ins":1484,"Art":9,"Mel":537,"Rou":10,"Mac":196,"Las":8,"vot":1034,"circode":9407,"Lep":134,"Pec":27,"Zem":24,"Hid":17,"Jad":21,"Pou":10,"Dup":16,"top":"Mélenchon","area_error":-0.043737},"geometry":{"type":"Polygon","coordinates":[[[2.382432895842877,48.73623275933532],[2.388154229241211,48.737826031211874],[2.3901305967296156,48.735955418735834],[2.3879612508160717,48.72695581832619],[2.3854256209322338,48.72704955446788],[2.382432895842877,48.73623275933532]]],"rewind":true}},{"type":"Feature","properties":{"depname":"Val-de-Marne","bvonum":"0005","comcode":94073,"cancode":9419,"bvocode":"94073_5","cirname":"7ème circonscription","exp":887,"depcode":94,"cannum":8,"canname":"Thiais","comname":"Thiais","ins":1239,"Art":6,"Mel":244,"Rou":24,"Mac":290,"Las":12,"vot":920,"circode":9407,"Lep":129,"Pec":43,"Zem":63,"Hid":9,"Jad":43,"Pou":6,"Dup":18,"top":"Macron","area_error":0.039599},"geometry":{"type":"Polygon","coordinates":[[[2.3901305967296156,48.735955418735834],[2.391579789658276,48.7361049997786],[2.396691922736789,48.732649772683445],[2.3967544493592423,48.73244241465078],[2.3922704927647023,48.72706080097146],[2.3879612508160717,48.72695581832619],[2.3901305967296156,48.735955418735834]]],"rewind":true}},{"type":"Feature","properties":{"depname":"Val-de-Marne","bvonum":"0006","comcode":94073,"cancode":9419,"bvocode":"94073_6","cirname":"7ème circonscription","exp":813,"depcode":94,"cannum":8,"canname":"Thiais","comname":"Thiais","ins":1105,"Art":10,"Mel":256,"Rou":28,"Mac":240,"Las":19,"vot":830,"circode":9407,"Lep":104,"Pec":47,"Zem":43,"Hid":9,"Jad":33,"Pou":13,"Dup":11,"top":"Mélenchon","area_error":0.041235},"geometry":{"type":"Polygon","coordinates":[[[2.4021943527951,48.73751174922476],[2.409179447656898,48.74022378736618],[2.409243920536329,48.74019675880573],[2.4099186402454187,48.73999191304776],[2.410089819547432,48.73975872186257],[2.4102234848951243,48.73939015870226],[2.410278228799192,48.73925794241454],[2.4103014631589144,48.73919966361542],[2.4019994215337954,48.73192544518274],[2.3967544493592423,48.73244241465078],[2.396691922736789,48.732649772683445],[2.4021943527951,48.73751174922476]]],"rewind":true}},{"type":"Feature","properties":{"depname":"Val-de-Marne","bvonum":"0007","comcode":94073,"cancode":9419,"bvocode":"94073_7","cirname":"7ème circonscription","exp":803,"depcode":94,"cannum":8,"canname":"Thiais","comname":"Thiais","ins":1182,"Art":5,"Mel":345,"Rou":18,"Mac":149,"Las":11,"vot":827,"circode":9407,"Lep":159,"Pec":39,"Zem":44,"Hid":8,"Jad":9,"Pou":2,"Dup":14,"top":"Mélenchon","area_error":0.040883},"geometry":{"type":"Polygon","coordinates":[[[2.382432895842877,48.73623275933532],[2.3854256209322338,48.72704955446788],[2.381304548909421,48.728858608418726],[2.38123721179737,48.72902024602218],[2.380961874458265,48.72947053446573],[2.380092575909443,48.73089206687473],[2.37884919651034,48.73345053185545],[2.3783494852445957,48.73497879137744],[2.377674675689478,48.73668703532024],[2.376950349088688,48.73814131650113],[2.3765268435197338,48.73899208830371],[2.3760810718692458,48.73979877890366],[2.375192448106833,48.741677824458876],[2.3757584396374662,48.741467291382364],[2.3775510017885386,48.7394713669898],[2.3785873980802665,48.73832871657221],[2.3788205577767525,48.738516263994],[2.379216288672106,48.7388131734469],[2.379135601744838,48.73890371278499],[2.3791683074936016,48.738938371105],[2.382432895842877,48.73623275933532]]],"rewind":true}},{"type":"Feature","properties":{"depname":"Val-de-Marne","bvonum":"0008","comcode":94073,"cancode":9419,"bvocode":"94073_8","cirname":"7ème circonscription","exp":872,"depcode":94,"cannum":8,"canname":"Thiais","comname":"Thiais","ins":1300,"Art":2,"Mel":353,"Rou":19,"Mac":229,"Las":8,"vot":897,"circode":9407,"Lep":96,"Pec":50,"Zem":53,"Hid":17,"Jad":26,"Pou":8,"Dup":11,"top":"Mélenchon","area_error":-0.015432},"geometry":{"type":"Polygon","coordinates":[[[2.4039942966556285,48.72798164846885],[2.403959985866089,48.72851851026096],[2.403850615457778,48.729462117713666],[2.403812865883529,48.72955950173736],[2.40335050128231,48.7290911444076],[2.4019994215337954,48.73192544518274],[2.4103014631589144,48.73919966361542],[2.410528543993824,48.738545567291574],[2.410695527720516,48.737823198627986],[2.4107714949004633,48.73749785584965],[2.4108310105997934,48.736895228396],[2.41088022397899,48.73642555324255],[2.4108970493071156,48.73628818274913],[2.4109101545338856,48.7362092952108],[2.410980216414192,48.73602584967919],[2.4111615860187268,48.73550640169719],[2.411275080002504,48.73523652898542],[2.412042971083793,48.73373006826611],[2.412309746610578,48.73343942694644],[2.411997358760563,48.7333405305351],[2.41059305902524,48.73279214515868],[2.410585712947584,48.73278868364505],[2.4090630826491957,48.73205531723414],[2.4068026815832053,48.73039675386153],[2.4066876576449,48.7303059240514],[2.405312706631112,48.72899484258031],[2.404102476503489,48.727823562072174],[2.4039942966556285,48.72798164846885]]],"rewind":true}},{"type":"Feature","properties":{"depname":"Val-de-Marne","bvonum":"0009","comcode":94073,"cancode":9419,"bvocode":"94073_9","cirname":"7ème circonscription","exp":958,"depcode":94,"cannum":8,"canname":"Thiais","comname":"Thiais","ins":1297,"Art":5,"Mel":279,"Rou":22,"Mac":307,"Las":15,"vot":971,"circode":9407,"Lep":129,"Pec":66,"Zem":63,"Hid":14,"Jad":44,"Pou":1,"Dup":13,"top":"Macron","area_error":0.006954},"geometry":{"type":"Polygon","coordinates":[[[2.3854256209322338,48.72704955446788],[2.3879612508160717,48.72695581832619],[2.3922704927647023,48.72706080097146],[2.394680724554493,48.72558829983814],[2.3945722292264957,48.7255572591439],[2.393965663905127,48.72536983934042],[2.3944185294090765,48.725062449046234],[2.39504369607884,48.72469518723638],[2.396056708032339,48.72424327749572],[2.3956927807377983,48.72409882801887],[2.3940727493136325,48.72369391621809],[2.393359723201204,48.7228746543867],[2.3933365328752263,48.7222447973908],[2.3925916605741673,48.722147245865784],[2.3925587954257312,48.721589737247484],[2.390348791264327,48.72217677879081],[2.38997332929057,48.722330573233954],[2.389849258709635,48.72237452939624],[2.389593056814861,48.72246042789118],[2.3888722315155273,48.722645476145075],[2.38835131935123,48.722782614627434],[2.3876311659577847,48.72299839655558],[2.38832492542686,48.721891003716166],[2.3883569143936514,48.72184621833494],[2.385308618539207,48.72387205171452],[2.382668118903002,48.725805773718434],[2.3823986456269433,48.72649653943373],[2.3817666320120385,48.727722465655184],[2.3815725085639143,48.72813029183092],[2.381304548909421,48.728858608418726],[2.3854256209322338,48.72704955446788]]],"rewind":true}},{"type":"Feature","properties":{"depname":"Val-de-Marne","bvonum":"0001","comcode":94074,"cancode":9421,"bvocode":"94074_1","cirname":"3ème circonscription","exp":671,"depcode":94,"cannum":6,"canname":"Villeneuve-Saint-Georges","comname":"Valenton","ins":1036,"Art":3,"Mel":398,"Rou":26,"Mac":101,"Las":5,"vot":684,"circode":9403,"Lep":78,"Pec":15,"Zem":22,"Hid":1,"Jad":11,"Pou":5,"Dup":6,"top":"Mélenchon","area_error":0.008112},"geometry":{"type":"Polygon","coordinates":[[[2.4889924672483614,48.72775212050946],[2.4887504853648,48.72780967954861],[2.4829656113753686,48.73151301255258],[2.4928673558255063,48.73266932850784],[2.492898172199122,48.7326194686189],[2.4928785039439263,48.732272344078275],[2.493124931119766,48.73162204952236],[2.4932698975236445,48.73124950959952],[2.4932873928358914,48.73120355394533],[2.4933986838824453,48.731008456437465],[2.493755040548293,48.73063478961676],[2.494293488146598,48.73059327784338],[2.494434112355689,48.7305377628096],[2.4945753191977587,48.730344651478916],[2.4955410265069435,48.73000241618639],[2.49585975781157,48.72987400130598],[2.4962204302718765,48.729730655816624],[2.497027892956017,48.72946740886844],[2.498229549490296,48.72926021482304],[2.4986893069399367,48.72915927156116],[2.4947348420861375,48.72848937453084],[2.494567062179799,48.7283833192171],[2.494855143616763,48.728367667459935],[2.4889924672483614,48.72775212050946]]],"rewind":true}},{"type":"Feature","properties":{"depname":"Val-de-Marne","bvonum":"0002","comcode":94074,"cancode":9421,"bvocode":"94074_2","cirname":"3ème circonscription","exp":598,"depcode":94,"cannum":6,"canname":"Villeneuve-Saint-Georges","comname":"Valenton","ins":967,"Art":0,"Mel":370,"Rou":23,"Mac":84,"Las":5,"vot":610,"circode":9403,"Lep":79,"Pec":9,"Zem":11,"Hid":5,"Jad":2,"Pou":4,"Dup":6,"top":"Mélenchon","area_error":-0.009566},"geometry":{"type":"Polygon","coordinates":[[[2.4829656113753686,48.73151301255258],[2.4790130423550587,48.73247506606172],[2.4793976045945336,48.73267064089622],[2.478001800568832,48.73305029993887],[2.4777732022868686,48.73309932862856],[2.48226895828376,48.7350842971572],[2.4845207748574127,48.735532089648],[2.4846441405427337,48.73449000395962],[2.4866714807807235,48.734482636533464],[2.4885582858922675,48.734877566660934],[2.489231095750088,48.735053866502874],[2.490163558702138,48.7352182571964],[2.490555124644807,48.73529508175781],[2.4910281582069955,48.734603378395825],[2.4913965323187743,48.7341309776451],[2.49177807133008,48.734093260314886],[2.4919342791974284,48.733780107788746],[2.4920560262757085,48.73360880609106],[2.49221770526706,48.73333494585382],[2.49241339828231,48.733324816638884],[2.4925551899073457,48.73331744322009],[2.492699925592961,48.733200999607426],[2.492768188363919,48.733061590519455],[2.492809284061554,48.7327581054387],[2.4928673558255063,48.73266932850784],[2.4829656113753686,48.73151301255258]]],"rewind":true}},{"type":"Feature","properties":{"depname":"Val-de-Marne","bvonum":"0003","comcode":94074,"cancode":9421,"bvocode":"94074_3","cirname":"3ème circonscription","exp":492,"depcode":94,"cannum":6,"canname":"Villeneuve-Saint-Georges","comname":"Valenton","ins":782,"Art":4,"Mel":273,"Rou":14,"Mac":87,"Las":8,"vot":504,"circode":9403,"Lep":51,"Pec":11,"Zem":24,"Hid":2,"Jad":11,"Pou":0,"Dup":7,"top":"Mélenchon","area_error":0.041561},"geometry":{"type":"Polygon","coordinates":[[[2.48226895828376,48.7350842971572],[2.4739985318089746,48.73634688239947],[2.480753568152995,48.73923016257878],[2.48086036762607,48.7393410292455],[2.4819860272928542,48.73955292608864],[2.4832598222199853,48.73971600814929],[2.483951926187037,48.73951147407214],[2.4850774578703634,48.73908598842877],[2.4856393537009276,48.73888202997537],[2.485128559404698,48.73813023070254],[2.48458759288224,48.73682032478657],[2.48451762171847,48.7361412365188],[2.4845207748574127,48.735532089648],[2.48226895828376,48.7350842971572]]],"rewind":true}},{"type":"Feature","properties":{"depname":"Val-de-Marne","bvonum":"0004","comcode":94074,"cancode":9421,"bvocode":"94074_4","cirname":"3ème circonscription","exp":492,"depcode":94,"cannum":6,"canname":"Villeneuve-Saint-Georges","comname":"Valenton","ins":802,"Art":1,"Mel":260,"Rou":24,"Mac":102,"Las":3,"vot":501,"circode":9403,"Lep":68,"Pec":7,"Zem":12,"Hid":2,"Jad":5,"Pou":3,"Dup":5,"top":"Mélenchon","area_error":0.007612},"geometry":{"type":"Polygon","coordinates":[[[2.4739985318089746,48.73634688239947],[2.48226895828376,48.7350842971572],[2.4777732022868686,48.73309932862856],[2.477555624214018,48.7331460754489],[2.4758560802739673,48.7332814156928],[2.473316453131956,48.73332047665213],[2.46857143972598,48.73271154234753],[2.468700278954199,48.73285853378368],[2.469592885426762,48.733762359633054],[2.4697158940303146,48.73380581382206],[2.4699072985200425,48.733982008431816],[2.470342264403509,48.73447374914585],[2.470467536252534,48.73448134311104],[2.471108977955042,48.73452976885457],[2.4714199729042416,48.73469003405527],[2.4713608106000353,48.73482048465654],[2.470949992424284,48.7352828726243],[2.4707359930921275,48.73567936733733],[2.470702716999968,48.73587545332087],[2.470764122462159,48.73602353405387],[2.4690769207471646,48.73707721261124],[2.4685358515202083,48.73731311364582],[2.4680363243002663,48.7374348067781],[2.467984150465225,48.73744531317356],[2.4739985318089746,48.73634688239947]]],"rewind":true}},{"type":"Feature","properties":{"depname":"Val-de-Marne","bvonum":"0005","comcode":94074,"cancode":9421,"bvocode":"94074_5","cirname":"3ème circonscription","exp":649,"depcode":94,"cannum":6,"canname":"Villeneuve-Saint-Georges","comname":"Valenton","ins":1056,"Art":5,"Mel":364,"Rou":18,"Mac":114,"Las":8,"vot":671,"circode":9403,"Lep":73,"Pec":21,"Zem":20,"Hid":5,"Jad":9,"Pou":5,"Dup":7,"top":"Mélenchon","area_error":-0.016237},"geometry":{"type":"Polygon","coordinates":[[[2.494855143616763,48.728367667459935],[2.4959741900286065,48.728334553139234],[2.49637074428694,48.72831866870058],[2.4975808683756067,48.72823832126113],[2.498204999461178,48.728134173332684],[2.4986942613052445,48.72804350259177],[2.4992811491961846,48.72793089626083],[2.5024682181558,48.72785603844454],[2.502848974373554,48.72773607255727],[2.502527949019514,48.72728657904449],[2.5023269597973563,48.726435567760355],[2.496506420996654,48.72468368335584],[2.4880094315780683,48.72380715501565],[2.4889744166367525,48.724714213909266],[2.48954867918462,48.72549394285057],[2.489710865886439,48.7256392906471],[2.4900292585071635,48.72579907983652],[2.490466880131969,48.725952233882076],[2.491141479890721,48.72619394930635],[2.4914496504657966,48.72632244729216],[2.491497144243677,48.72642777264007],[2.49146848998493,48.726725929425626],[2.491394951570575,48.72702246150265],[2.492071940718222,48.72787394595937],[2.490222469040535,48.727450602106124],[2.4889924672483614,48.72775212050946],[2.494855143616763,48.728367667459935]]],"rewind":true}},{"type":"Feature","properties":{"depname":"Val-de-Marne","bvonum":"0006","comcode":94074,"cancode":9421,"bvocode":"94074_6","cirname":"3ème circonscription","exp":758,"depcode":94,"cannum":6,"canname":"Villeneuve-Saint-Georges","comname":"Valenton","ins":1074,"Art":2,"Mel":341,"Rou":36,"Mac":134,"Las":15,"vot":779,"circode":9403,"Lep":133,"Pec":33,"Zem":35,"Hid":7,"Jad":9,"Pou":1,"Dup":12,"top":"Mélenchon","area_error":0.005444},"geometry":{"type":"Polygon","coordinates":[[[2.4829656113753686,48.73151301255258],[2.4887504853648,48.72780967954861],[2.4874398490419454,48.728147419497226],[2.4870838123268224,48.72805380194919],[2.485964198950903,48.72841304184609],[2.4856546865707747,48.72853449686694],[2.4842362052307965,48.72910845428381],[2.4839908555597785,48.729228537116285],[2.4835027643526986,48.7291237881251],[2.48310588466181,48.7289777780392],[2.4827024755177507,48.72876557842588],[2.4824734747545136,48.72862253888419],[2.48224428969304,48.72841936848188],[2.482101179222676,48.72822196089344],[2.48166486428862,48.727767324668854],[2.4812698402547375,48.72742142760896],[2.480497664551108,48.72694702790478],[2.480101260750179,48.72669307062397],[2.47881770623134,48.7267674369393],[2.4786511033016585,48.72678527518535],[2.478016386411809,48.72692794457769],[2.4777484203549034,48.7269645839424],[2.475767412505706,48.72705243493817],[2.4751215794175483,48.727150903790374],[2.474536397458615,48.72711725481727],[2.47403489957571,48.727065257615756],[2.4737459092033154,48.727033874011745],[2.4740622450844514,48.72749899579702],[2.4742000344602544,48.7277021285745],[2.474424240845068,48.7279691119061],[2.4749152798353125,48.728406950168754],[2.4754767348688644,48.728929959715124],[2.475951462594991,48.72938549642405],[2.4761303341205507,48.72964494168966],[2.476281586688864,48.7300048160429],[2.476389784816578,48.73044218394981],[2.4764795004970757,48.73056177072486],[2.4779272992800934,48.73182717530583],[2.4781640683423922,48.7320138782844],[2.478932279797734,48.73243320138586],[2.4790130423550587,48.73247506606172],[2.4829656113753686,48.73151301255258]]],"rewind":true}},{"type":"Feature","properties":{"depname":"Val-de-Marne","bvonum":"0007","comcode":94074,"cancode":9421,"bvocode":"94074_7","cirname":"3ème circonscription","exp":810,"depcode":94,"cannum":6,"canname":"Villeneuve-Saint-Georges","comname":"Valenton","ins":1075,"Art":3,"Mel":418,"Rou":12,"Mac":147,"Las":7,"vot":826,"circode":9403,"Lep":110,"Pec":30,"Zem":48,"Hid":5,"Jad":10,"Pou":6,"Dup":14,"top":"Mélenchon","area_error":-0.01283},"geometry":{"type":"Polygon","coordinates":[[[2.4739985318089746,48.73634688239947],[2.467984150465225,48.73744531317356],[2.46748946138192,48.73753986724718],[2.467137178006997,48.73757188395946],[2.4667719708701066,48.737615646744466],[2.4635962673789513,48.7378643851244],[2.463305845991075,48.7379046297085],[2.46244345129704,48.73795641264707],[2.459875487723848,48.73801845517268],[2.4595418881634887,48.7379815746526],[2.4575080689358515,48.737595498068835],[2.457283256045968,48.737524146741265],[2.457261810636296,48.73760663520433],[2.455722708706716,48.73726038175131],[2.455685051538563,48.73725263464296],[2.454901991088262,48.73715532678858],[2.45530641664575,48.7374553165433],[2.455679570514463,48.73769764270143],[2.455845760658222,48.7378079127258],[2.455719796149212,48.737790815065715],[2.4553431286256746,48.73778339628715],[2.4550930791891092,48.73780396820889],[2.45497521397363,48.73782472411772],[2.4548638185624876,48.7377913228478],[2.45450914765276,48.73788861834225],[2.454355643093801,48.7379092058928],[2.453965342997328,48.73780968018764],[2.4535333684490563,48.73787639035868],[2.453459498762505,48.7378998447531],[2.455735605349435,48.73963268000046],[2.456314252443267,48.73976081324068],[2.4562242958406943,48.739880425809744],[2.4567561386646743,48.73998841564788],[2.4574281349562943,48.740002827418145],[2.461994248746365,48.73993332035787],[2.463947332811249,48.73986704032397],[2.4673157137493544,48.73939529625737],[2.4686379488792354,48.7390607468351],[2.469454913184329,48.73885425427885],[2.470496930865721,48.7385869137869],[2.472437604044661,48.73827279658702],[2.47394535198905,48.73806097505848],[2.4745350421747063,48.738000419682685],[2.476488767054448,48.737828710025056],[2.478307424437223,48.73834602135383],[2.478901519025959,48.73789075980015],[2.479682783110059,48.73830268335036],[2.4796716032596633,48.73832982034229],[2.480348910203944,48.73886576615006],[2.480753568152995,48.73923016257878],[2.4739985318089746,48.73634688239947]]],"rewind":true}},{"type":"Feature","properties":{"depname":"Val-de-Marne","bvonum":"0001","comcode":94075,"cancode":9416,"bvocode":"94075_1","cirname":"3ème circonscription","exp":808,"depcode":94,"cannum":9,"canname":"Plateau briard","comname":"Villecresnes","ins":1016,"Art":3,"Mel":162,"Rou":15,"Mac":274,"Las":13,"vot":827,"circode":9403,"Lep":147,"Pec":44,"Zem":73,"Hid":6,"Jad":26,"Pou":7,"Dup":38,"top":"Macron","area_error":-0.009291},"geometry":{"type":"Polygon","coordinates":[[[2.546277140814574,48.727290743803266],[2.539552226872999,48.72618968388386],[2.5406441756625977,48.72798509559858],[2.536923216872458,48.73060340675077],[2.5363909037592736,48.73091508377067],[2.536710911455006,48.73116703802932],[2.54155519773503,48.73108066071634],[2.544457442521356,48.7310805727212],[2.5454423897024707,48.730963499677344],[2.5461793035294424,48.73105258526014],[2.546626565638864,48.730819345990525],[2.547073726292428,48.730558364356845],[2.5475274935680665,48.73018486901403],[2.547680444148022,48.7300326556472],[2.5477661625927985,48.72986008618738],[2.5478383696616933,48.72970208132092],[2.5480832810198812,48.72957581531337],[2.5484763038500553,48.72947005437957],[2.548692968005152,48.7294209461278],[2.5497916370798483,48.729028365277486],[2.549848259808578,48.728990992506],[2.546277140814574,48.727290743803266]]],"rewind":true}},{"type":"Feature","properties":{"depname":"Val-de-Marne","bvonum":"0002","comcode":94075,"cancode":9416,"bvocode":"94075_2","cirname":"3ème circonscription","exp":697,"depcode":94,"cannum":9,"canname":"Plateau briard","comname":"Villecresnes","ins":923,"Art":3,"Mel":143,"Rou":12,"Mac":221,"Las":10,"vot":717,"circode":9403,"Lep":152,"Pec":33,"Zem":54,"Hid":4,"Jad":33,"Pou":4,"Dup":28,"top":"Macron","area_error":0.006712},"geometry":{"type":"Polygon","coordinates":[[[2.546277140814574,48.727290743803266],[2.5469948531213626,48.724610446826325],[2.53875953112422,48.71949575880704],[2.539552226872999,48.72618968388386],[2.546277140814574,48.727290743803266]]],"rewind":true}},{"type":"Feature","properties":{"depname":"Val-de-Marne","bvonum":"0003","comcode":94075,"cancode":9416,"bvocode":"94075_3","cirname":"3ème circonscription","exp":735,"depcode":94,"cannum":9,"canname":"Plateau briard","comname":"Villecresnes","ins":1011,"Art":1,"Mel":162,"Rou":18,"Mac":197,"Las":16,"vot":758,"circode":9403,"Lep":161,"Pec":45,"Zem":58,"Hid":13,"Jad":25,"Pou":7,"Dup":32,"top":"Macron","area_error":-0.00961},"geometry":{"type":"Polygon","coordinates":[[[2.552897312404429,48.723198723067256],[2.551117192450662,48.72316023177954],[2.5469948531213626,48.724610446826325],[2.546277140814574,48.727290743803266],[2.549848259808578,48.728990992506],[2.5501395991135376,48.72879300007285],[2.551089823934519,48.728264100139114],[2.551323362921482,48.7281150597695],[2.5521440851233423,48.72824493718614],[2.554547527146577,48.728406415624264],[2.5553251647184254,48.72840130986948],[2.5554721885031535,48.728405669278025],[2.556078844531092,48.7279619084383],[2.5556281476758724,48.72799969978945],[2.555107519873266,48.727320033267524],[2.555906221121551,48.7272957065019],[2.552897312404429,48.723198723067256]]],"rewind":true}},{"type":"Feature","properties":{"depname":"Val-de-Marne","bvonum":"0004","comcode":94075,"cancode":9416,"bvocode":"94075_4","cirname":"3ème circonscription","exp":716,"depcode":94,"cannum":9,"canname":"Plateau briard","comname":"Villecresnes","ins":890,"Art":6,"Mel":145,"Rou":16,"Mac":192,"Las":9,"vot":729,"circode":9403,"Lep":169,"Pec":46,"Zem":66,"Hid":12,"Jad":29,"Pou":7,"Dup":19,"top":"Macron","area_error":-0.010233},"geometry":{"type":"Polygon","coordinates":[[[2.5556317589761943,48.722005190281536],[2.552897312404429,48.723198723067256],[2.555906221121551,48.7272957065019],[2.5560529506271226,48.72728860509302],[2.5563850324843025,48.72726408959162],[2.5567435011864488,48.72721541722294],[2.55715828933363,48.7271175422525],[2.55806452009384,48.7269183271532],[2.559081803792424,48.72665433569407],[2.559487057060325,48.7267215528233],[2.5602893831769515,48.726716971342064],[2.562037002281762,48.726734869192],[2.5623061995367267,48.7269037845272],[2.5626394876605083,48.72669368967094],[2.5633852935918657,48.7261545392858],[2.56358653612985,48.725982954974214],[2.5643196944219224,48.72546888028521],[2.5642291879087282,48.725332572162024],[2.5556317589761943,48.722005190281536]]],"rewind":true}},{"type":"Feature","properties":{"depname":"Val-de-Marne","bvonum":"0005","comcode":94075,"cancode":9416,"bvocode":"94075_5","cirname":"3ème circonscription","exp":640,"depcode":94,"cannum":9,"canname":"Plateau briard","comname":"Villecresnes","ins":826,"Art":3,"Mel":139,"Rou":9,"Mac":194,"Las":14,"vot":653,"circode":9403,"Lep":119,"Pec":42,"Zem":51,"Hid":8,"Jad":24,"Pou":3,"Dup":34,"top":"Macron","area_error":0.005607},"geometry":{"type":"Polygon","coordinates":[[[2.551117192450662,48.72316023177954],[2.54606056387229,48.7194054542643],[2.5396124322230134,48.71926932347766],[2.53875953112422,48.71949575880704],[2.5469948531213626,48.724610446826325],[2.551117192450662,48.72316023177954]]],"rewind":true}},{"type":"Feature","properties":{"depname":"Val-de-Marne","bvonum":"0006","comcode":94075,"cancode":9416,"bvocode":"94075_6","cirname":"3ème circonscription","exp":648,"depcode":94,"cannum":9,"canname":"Plateau briard","comname":"Villecresnes","ins":864,"Art":0,"Mel":133,"Rou":8,"Mac":205,"Las":12,"vot":659,"circode":9403,"Lep":130,"Pec":34,"Zem":62,"Hid":9,"Jad":28,"Pou":4,"Dup":23,"top":"Macron","area_error":-0.05131},"geometry":{"type":"Polygon","coordinates":[[[2.54606056387229,48.7194054542643],[2.551117192450662,48.72316023177954],[2.552897312404429,48.723198723067256],[2.5556317589761943,48.722005190281536],[2.5553992455715018,48.71811516434951],[2.54606056387229,48.7194054542643]]],"rewind":true}},{"type":"Feature","properties":{"depname":"Val-de-Marne","bvonum":"0007","comcode":94075,"cancode":9416,"bvocode":"94075_7","cirname":"3ème circonscription","exp":698,"depcode":94,"cannum":9,"canname":"Plateau briard","comname":"Villecresnes","ins":964,"Art":3,"Mel":157,"Rou":11,"Mac":181,"Las":9,"vot":715,"circode":9403,"Lep":187,"Pec":19,"Zem":65,"Hid":7,"Jad":27,"Pou":2,"Dup":30,"top":"Le Pen","area_error":0.038271},"geometry":{"type":"Polygon","coordinates":[[[2.54606056387229,48.7194054542643],[2.5553992455715018,48.71811516434951],[2.555516391689467,48.71799016853491],[2.555417628886732,48.71792423800871],[2.555131319704661,48.717719680478226],[2.554876022377459,48.71760691559904],[2.5542688594843934,48.717260688475],[2.552611313964549,48.717114517516286],[2.552207703942432,48.716736246652786],[2.552056735872922,48.716374084938],[2.5519632207790126,48.71619184988941],[2.551793807362401,48.715947185498045],[2.551492814842309,48.71556164916932],[2.5507075572723563,48.714539920539615],[2.5499841516159,48.714653153250275],[2.5493816346590608,48.71470628457346],[2.548462217487076,48.7147099895672],[2.548523991890477,48.71577461936869],[2.5461958043078345,48.7166086358426],[2.5424744876701943,48.71642526234088],[2.542153393826111,48.717819096723886],[2.5396124322230134,48.71926932347766],[2.54606056387229,48.7194054542643]]],"rewind":true}},{"type":"Feature","properties":{"depname":"Val-de-Marne","bvonum":"0008","comcode":94075,"cancode":9416,"bvocode":"94075_8","cirname":"3ème circonscription","exp":655,"depcode":94,"cannum":9,"canname":"Plateau briard","comname":"Villecresnes","ins":811,"Art":3,"Mel":172,"Rou":12,"Mac":191,"Las":12,"vot":670,"circode":9403,"Lep":127,"Pec":31,"Zem":46,"Hid":3,"Jad":33,"Pou":3,"Dup":22,"top":"Macron","area_error":0.013957},"geometry":{"type":"Polygon","coordinates":[[[2.5553992455715018,48.71811516434951],[2.5556317589761943,48.722005190281536],[2.5642291879087282,48.725332572162024],[2.5639676398800857,48.7248448978833],[2.5641065836610832,48.72418432022717],[2.5649777280872113,48.7241783392709],[2.56469832268122,48.723368794552385],[2.5639270455026053,48.72271870798037],[2.563666116752321,48.722738141837766],[2.563897819885846,48.72293966202583],[2.563775505185995,48.722980536914434],[2.5630586956515446,48.72245225951022],[2.56296262959398,48.72247360084448],[2.562142861618785,48.72177190586895],[2.5622604178672646,48.72169040603313],[2.5615739411697245,48.720699086591175],[2.56141038264209,48.720360667767935],[2.561250631904532,48.720096074415956],[2.560757659967563,48.720008024581745],[2.559927677201965,48.71982447568342],[2.559841574028737,48.71956746645302],[2.559719009393296,48.71954517039215],[2.558766761721502,48.71933699083788],[2.5578162598780487,48.71911153126547],[2.556305193727962,48.718377051181825],[2.556254044401125,48.718452409245074],[2.5557999108051583,48.718173946868184],[2.555516391689467,48.71799016853491],[2.5553992455715018,48.71811516434951]]],"rewind":true}},{"type":"Feature","properties":{"depname":"Val-de-Marne","bvonum":"0001","comcode":94076,"cancode":9420,"bvocode":"94076_1","cirname":"11ème circonscription","exp":627,"depcode":94,"cannum":10,"canname":"Villejuif","comname":"Villejuif","ins":872,"Art":0,"Mel":300,"Rou":47,"Mac":102,"Las":6,"vot":640,"circode":9411,"Lep":63,"Pec":17,"Zem":39,"Hid":11,"Jad":32,"Pou":6,"Dup":4,"top":"Mélenchon","area_error":0.033184},"geometry":{"type":"Polygon","coordinates":[[[2.36643005785779,48.77922663516193],[2.370427842475492,48.77596742032408],[2.371620084381152,48.77273072388314],[2.3687976672747038,48.772693672791966],[2.361073218117251,48.77703644525672],[2.36643005785779,48.77922663516193]]],"rewind":true}},{"type":"Feature","properties":{"depname":"Val-de-Marne","bvonum":"0010","comcode":94076,"cancode":9420,"bvocode":"94076_10","cirname":"11ème circonscription","exp":619,"depcode":94,"cannum":10,"canname":"Villejuif","comname":"Villejuif","ins":903,"Art":3,"Mel":343,"Rou":67,"Mac":83,"Las":4,"vot":637,"circode":9411,"Lep":55,"Pec":12,"Zem":21,"Hid":3,"Jad":16,"Pou":6,"Dup":6,"top":"Mélenchon","area_error":-0.01018},"geometry":{"type":"Polygon","coordinates":[[[2.343895787846574,48.772947905549046],[2.3438613776242008,48.77331485317915],[2.343844032138388,48.773821119067044],[2.3438633772286437,48.776151021785],[2.3487160527922044,48.77658663742129],[2.34981205446319,48.776138586536064],[2.351406764176714,48.77275581802708],[2.350159016862893,48.77008901025417],[2.343895787846574,48.772947905549046]]],"rewind":true}},{"type":"Feature","properties":{"depname":"Val-de-Marne","bvonum":"0011","comcode":94076,"cancode":9420,"bvocode":"94076_11","cirname":"11ème circonscription","exp":343,"depcode":94,"cannum":10,"canname":"Villejuif","comname":"Villejuif","ins":500,"Art":1,"Mel":149,"Rou":12,"Mac":75,"Las":9,"vot":346,"circode":9411,"Lep":43,"Pec":11,"Zem":22,"Hid":2,"Jad":14,"Pou":1,"Dup":4,"top":"Mélenchon","area_error":0.062983},"geometry":{"type":"Polygon","coordinates":[[[2.350549056562806,48.76675727931982],[2.351033290866284,48.7665674244553],[2.3517207527867754,48.76508171085513],[2.348443302478343,48.76031573219695],[2.347852461363632,48.76060433467615],[2.3479324470027967,48.76287105411301],[2.3475936886552145,48.7635195621437],[2.3475935200203883,48.76396104749883],[2.345375559903696,48.765392724446826],[2.345443973014521,48.76609197057651],[2.350549056562806,48.76675727931982]]],"rewind":true}},{"type":"Feature","properties":{"depname":"Val-de-Marne","bvonum":"0012","comcode":94076,"cancode":9420,"bvocode":"94076_12","cirname":"11ème circonscription","exp":595,"depcode":94,"cannum":10,"canname":"Villejuif","comname":"Villejuif","ins":938,"Art":4,"Mel":284,"Rou":17,"Mac":113,"Las":9,"vot":607,"circode":9411,"Lep":71,"Pec":31,"Zem":35,"Hid":3,"Jad":17,"Pou":8,"Dup":3,"top":"Mélenchon","area_error":-0.038502},"geometry":{"type":"Polygon","coordinates":[[[2.3517207527867754,48.76508171085513],[2.3553941758903782,48.763350946486455],[2.354857594886983,48.75618677922846],[2.3536870734526225,48.7571373278221],[2.353225777760143,48.7574923007475],[2.3527089245395016,48.75793776728317],[2.35302835664695,48.75839560291762],[2.352016567371944,48.75897749187873],[2.3503732789338434,48.75875567799126],[2.3493220740160288,48.75998821889812],[2.348443302478343,48.76031573219695],[2.3517207527867754,48.76508171085513]]],"rewind":true}},{"type":"Feature","properties":{"depname":"Val-de-Marne","bvonum":"0013","comcode":94076,"cancode":9420,"bvocode":"94076_13","cirname":"11ème circonscription","exp":663,"depcode":94,"cannum":10,"canname":"Villejuif","comname":"Villejuif","ins":1008,"Art":4,"Mel":286,"Rou":31,"Mac":141,"Las":9,"vot":675,"circode":9411,"Lep":90,"Pec":28,"Zem":38,"Hid":3,"Jad":18,"Pou":6,"Dup":9,"top":"Mélenchon","area_error":0.040552},"geometry":{"type":"Polygon","coordinates":[[[2.3553941758903782,48.763350946486455],[2.3600000064862963,48.76362436278235],[2.3619366249908755,48.756695296853856],[2.361652579996807,48.75673621717443],[2.360446682887725,48.756868501295514],[2.3605774033057907,48.75670194881719],[2.358757884124716,48.756596126629645],[2.358248467019572,48.75734740864786],[2.356096312399926,48.75653555036835],[2.3549943102868585,48.75606862384643],[2.354857594886983,48.75618677922846],[2.3553941758903782,48.763350946486455]]],"rewind":true}},{"type":"Feature","properties":{"depname":"Val-de-Marne","bvonum":"0014","comcode":94076,"cancode":9420,"bvocode":"94076_14","cirname":"11ème circonscription","exp":622,"depcode":94,"cannum":10,"canname":"Villejuif","comname":"Villejuif","ins":902,"Art":3,"Mel":256,"Rou":20,"Mac":174,"Las":8,"vot":630,"circode":9411,"Lep":54,"Pec":33,"Zem":37,"Hid":3,"Jad":28,"Pou":3,"Dup":3,"top":"Mélenchon","area_error":-0.036215},"geometry":{"type":"Polygon","coordinates":[[[2.361218207228851,48.76412813385618],[2.3664199652820646,48.7615088901015],[2.365290511443448,48.75603148953267],[2.3637647260662367,48.75629936437676],[2.36338183336611,48.756398126309286],[2.362149870133456,48.75666496139542],[2.3619366249908755,48.756695296853856],[2.3600000064862963,48.76362436278235],[2.361218207228851,48.76412813385618]]],"rewind":true}},{"type":"Feature","properties":{"depname":"Val-de-Marne","bvonum":"0015","comcode":94076,"cancode":9420,"bvocode":"94076_15","cirname":"11ème circonscription","exp":571,"depcode":94,"cannum":10,"canname":"Villejuif","comname":"Villejuif","ins":962,"Art":3,"Mel":305,"Rou":54,"Mac":81,"Las":7,"vot":580,"circode":9411,"Lep":70,"Pec":8,"Zem":28,"Hid":1,"Jad":4,"Pou":5,"Dup":5,"top":"Mélenchon","area_error":-0.014341},"geometry":{"type":"Polygon","coordinates":[[[2.3664199652820646,48.7615088901015],[2.3713989566651357,48.75746383243567],[2.375499427839099,48.74939082559703],[2.3741256041220615,48.74964250246984],[2.373326696143921,48.749987295419636],[2.37322128248011,48.75043103704484],[2.37261150578848,48.75300054750373],[2.3717517800618966,48.753617216384264],[2.369332636140264,48.75483881443104],[2.36738524736775,48.7555293679829],[2.365290511443448,48.75603148953267],[2.3664199652820646,48.7615088901015]]],"rewind":true}},{"type":"Feature","properties":{"depname":"Val-de-Marne","bvonum":"0016","comcode":94076,"cancode":9420,"bvocode":"94076_16","cirname":"11ème circonscription","exp":724,"depcode":94,"cannum":10,"canname":"Villejuif","comname":"Villejuif","ins":968,"Art":5,"Mel":290,"Rou":41,"Mac":188,"Las":8,"vot":730,"circode":9411,"Lep":47,"Pec":26,"Zem":28,"Hid":17,"Jad":61,"Pou":3,"Dup":10,"top":"Mélenchon","area_error":-0.026214},"geometry":{"type":"Polygon","coordinates":[[[2.356702781533476,48.781059021262244],[2.364635583425535,48.78204071981516],[2.36643005785779,48.77922663516193],[2.361073218117251,48.77703644525672],[2.35937925686859,48.776666887887416],[2.355883462613507,48.779690059971756],[2.356702781533476,48.781059021262244]]],"rewind":true}},{"type":"Feature","properties":{"depname":"Val-de-Marne","bvonum":"0017","comcode":94076,"cancode":9420,"bvocode":"94076_17","cirname":"11ème circonscription","exp":617,"depcode":94,"cannum":10,"canname":"Villejuif","comname":"Villejuif","ins":844,"Art":0,"Mel":235,"Rou":24,"Mac":194,"Las":7,"vot":625,"circode":9411,"Lep":47,"Pec":21,"Zem":24,"Hid":12,"Jad":38,"Pou":3,"Dup":12,"top":"Mélenchon","area_error":0.008437},"geometry":{"type":"Polygon","coordinates":[[[2.3678485426280322,48.76950200257158],[2.3687976672747038,48.772693672791966],[2.371620084381152,48.77273072388314],[2.3734960049784948,48.7709600854449],[2.3729668387750573,48.76598578005615],[2.370109707425315,48.76536575406123],[2.36866272136965,48.76723131252362],[2.3678485426280322,48.76950200257158]]],"rewind":true}},{"type":"Feature","properties":{"depname":"Val-de-Marne","bvonum":"0018","comcode":94076,"cancode":9420,"bvocode":"94076_18","cirname":"11ème circonscription","exp":568,"depcode":94,"cannum":10,"canname":"Villejuif","comname":"Villejuif","ins":837,"Art":3,"Mel":210,"Rou":28,"Mac":121,"Las":14,"vot":580,"circode":9411,"Lep":83,"Pec":18,"Zem":42,"Hid":6,"Jad":25,"Pou":5,"Dup":13,"top":"Mélenchon","area_error":0.027033},"geometry":{"type":"Polygon","coordinates":[[[2.343164624530581,48.785638625766644],[2.34325194126404,48.78659309426102],[2.3433030134256274,48.78696161012694],[2.3440430674274424,48.78587959827905],[2.3445413718944934,48.7860099379165],[2.3448994112165726,48.7862262545338],[2.351798297380915,48.7853529406071],[2.352213754230954,48.78410938983512],[2.347678183953966,48.77962873001126],[2.343164624530581,48.785638625766644]]],"rewind":true}},{"type":"Feature","properties":{"depname":"Val-de-Marne","bvonum":"0019","comcode":94076,"cancode":9420,"bvocode":"94076_19","cirname":"11ème circonscription","exp":486,"depcode":94,"cannum":10,"canname":"Villejuif","comname":"Villejuif","ins":686,"Art":2,"Mel":246,"Rou":30,"Mac":92,"Las":5,"vot":492,"circode":9411,"Lep":43,"Pec":13,"Zem":26,"Hid":7,"Jad":13,"Pou":5,"Dup":4,"top":"Mélenchon","area_error":-0.021581},"geometry":{"type":"Polygon","coordinates":[[[2.350159016862893,48.77008901025417],[2.350549056562806,48.76675727931982],[2.345443973014521,48.76609197057651],[2.345303680523865,48.7680351572749],[2.345424459285136,48.77011172365025],[2.34439018938587,48.771880362918],[2.343904318171222,48.772861224900765],[2.343895787846574,48.772947905549046],[2.350159016862893,48.77008901025417]]],"rewind":true}},{"type":"Feature","properties":{"depname":"Val-de-Marne","bvonum":"0002","comcode":94076,"cancode":9420,"bvocode":"94076_2","cirname":"11ème circonscription","exp":809,"depcode":94,"cannum":10,"canname":"Villejuif","comname":"Villejuif","ins":1055,"Art":5,"Mel":322,"Rou":44,"Mac":209,"Las":7,"vot":827,"circode":9411,"Lep":71,"Pec":26,"Zem":43,"Hid":7,"Jad":64,"Pou":3,"Dup":8,"top":"Mélenchon","area_error":0.024011},"geometry":{"type":"Polygon","coordinates":[[[2.351406764176714,48.77275581802708],[2.34981205446319,48.776138586536064],[2.355883462613507,48.779690059971756],[2.35937925686859,48.776666887887416],[2.3583789138782527,48.77483182422413],[2.3565857085983013,48.77335689225433],[2.351406764176714,48.77275581802708]]],"rewind":true}},{"type":"Feature","properties":{"depname":"Val-de-Marne","bvonum":"0020","comcode":94076,"cancode":9420,"bvocode":"94076_20","cirname":"11ème circonscription","exp":893,"depcode":94,"cannum":10,"canname":"Villejuif","comname":"Villejuif","ins":1193,"Art":1,"Mel":371,"Rou":14,"Mac":251,"Las":9,"vot":906,"circode":9411,"Lep":75,"Pec":45,"Zem":55,"Hid":13,"Jad":46,"Pou":4,"Dup":9,"top":"Mélenchon","area_error":-0.029185},"geometry":{"type":"Polygon","coordinates":[[[2.362570037160268,48.786039579431154],[2.35780071983569,48.7892904876416],[2.3612730467374665,48.79371261842233],[2.36628705969391,48.79205820970255],[2.3666300471641977,48.7876708144146],[2.3625852722558136,48.786037831489836],[2.362570037160268,48.786039579431154]]],"rewind":true}},{"type":"Feature","properties":{"depname":"Val-de-Marne","bvonum":"0021","comcode":94076,"cancode":9420,"bvocode":"94076_21","cirname":"11ème circonscription","exp":842,"depcode":94,"cannum":10,"canname":"Villejuif","comname":"Villejuif","ins":1115,"Art":4,"Mel":363,"Rou":22,"Mac":228,"Las":8,"vot":855,"circode":9411,"Lep":78,"Pec":16,"Zem":39,"Hid":17,"Jad":51,"Pou":1,"Dup":15,"top":"Mélenchon","area_error":0.005313},"geometry":{"type":"Polygon","coordinates":[[[2.36628705969391,48.79205820970255],[2.3612730467374665,48.79371261842233],[2.3592406562204222,48.796056909575846],[2.3600602807946762,48.796551108943],[2.3606903338181042,48.79673797319219],[2.360713539986011,48.79654586254324],[2.3617223940499135,48.79678938392713],[2.363033534993621,48.7970835430212],[2.3631616764021763,48.79712303585754],[2.364058059091776,48.79743815854578],[2.3648909959725892,48.7977074734437],[2.367447266145915,48.79856143367476],[2.368180022322961,48.797312869964486],[2.3687441128226254,48.7963082436955],[2.370398259957425,48.793923322184],[2.3705464869497623,48.7937158140388],[2.3706550627324083,48.7936204110698],[2.36628705969391,48.79205820970255]]],"rewind":true}},{"type":"Feature","properties":{"depname":"Val-de-Marne","bvonum":"0022","comcode":94076,"cancode":9420,"bvocode":"94076_22","cirname":"11ème circonscription","exp":679,"depcode":94,"cannum":10,"canname":"Villejuif","comname":"Villejuif","ins":971,"Art":4,"Mel":268,"Rou":20,"Mac":173,"Las":12,"vot":689,"circode":9411,"Lep":67,"Pec":23,"Zem":37,"Hid":18,"Jad":37,"Pou":5,"Dup":15,"top":"Mélenchon","area_error":-0.0062},"geometry":{"type":"Polygon","coordinates":[[[2.3666300471641977,48.7876708144146],[2.36628705969391,48.79205820970255],[2.3706550627324083,48.7936204110698],[2.3710484985476215,48.7932505869574],[2.37093130245492,48.79320294729428],[2.371287510619952,48.792561635935336],[2.3719145322218758,48.79137200406168],[2.372281941859739,48.7907145894038],[2.3730549752668693,48.78963375921482],[2.3740365945187274,48.78820899399457],[2.372455758119512,48.787280389166],[2.37176904402194,48.786870793399],[2.3710097851607044,48.78638601480553],[2.3666300471641977,48.7876708144146]]],"rewind":true}},{"type":"Feature","properties":{"depname":"Val-de-Marne","bvonum":"0023","comcode":94076,"cancode":9420,"bvocode":"94076_23","cirname":"11ème circonscription","exp":555,"depcode":94,"cannum":10,"canname":"Villejuif","comname":"Villejuif","ins":784,"Art":1,"Mel":219,"Rou":14,"Mac":141,"Las":7,"vot":566,"circode":9411,"Lep":52,"Pec":36,"Zem":43,"Hid":11,"Jad":20,"Pou":8,"Dup":3,"top":"Mélenchon","area_error":0.035698},"geometry":{"type":"Polygon","coordinates":[[[2.3625852722558136,48.786037831489836],[2.3666300471641977,48.7876708144146],[2.3710097851607044,48.78638601480553],[2.3701427520595546,48.78575060017313],[2.3716761941595568,48.784122449859254],[2.370504004916588,48.78358610914363],[2.370857393021962,48.78313967607601],[2.3711518871739656,48.782799623056384],[2.3717922005198955,48.78198874712935],[2.372131113985826,48.78155429195964],[2.37224385934553,48.781437595205674],[2.3723168442505345,48.78136293234994],[2.3724177445429686,48.78126214297184],[2.3728615124952235,48.78083351749377],[2.373130069058263,48.78053485197165],[2.3733208587188117,48.7803066254016],[2.3736019395615533,48.77996737659315],[2.37387558512638,48.7796136350648],[2.3739634036184185,48.77949644454779],[2.37380434865359,48.77956590705715],[2.3675419683912113,48.78312007232565],[2.3625852722558136,48.786037831489836]]],"rewind":true}},{"type":"Feature","properties":{"depname":"Val-de-Marne","bvonum":"0024","comcode":94076,"cancode":9420,"bvocode":"94076_24","cirname":"11ème circonscription","exp":813,"depcode":94,"cannum":10,"canname":"Villejuif","comname":"Villejuif","ins":1049,"Art":2,"Mel":301,"Rou":19,"Mac":230,"Las":8,"vot":825,"circode":9411,"Lep":72,"Pec":48,"Zem":61,"Hid":9,"Jad":44,"Pou":9,"Dup":10,"top":"Mélenchon","area_error":0.016727},"geometry":{"type":"Polygon","coordinates":[[[2.3612730467374665,48.79371261842233],[2.35780071983569,48.7892904876416],[2.353414599696158,48.78892807137621],[2.3525251945921934,48.79071219894752],[2.3538147230782376,48.79019225133686],[2.355381266606624,48.79006167629385],[2.3553232667056156,48.79016095599057],[2.354425009646275,48.791391135036314],[2.3542844699923657,48.79148409801866],[2.354263602173283,48.79178669327059],[2.3540621229318424,48.792819614994045],[2.35381720232128,48.793766263025255],[2.353714101817217,48.79401096157995],[2.35329091339975,48.7946917249548],[2.3543957930993855,48.79523784996361],[2.354430182578766,48.7952513135533],[2.355477388485801,48.795781098522056],[2.3559426648414425,48.7959056699549],[2.3578596749151557,48.79684452440592],[2.358881287613206,48.79583922705873],[2.3592406562204222,48.796056909575846],[2.3612730467374665,48.79371261842233]]],"rewind":true}},{"type":"Feature","properties":{"depname":"Val-de-Marne","bvonum":"0025","comcode":94076,"cancode":9420,"bvocode":"94076_25","cirname":"11ème circonscription","exp":731,"depcode":94,"cannum":10,"canname":"Villejuif","comname":"Villejuif","ins":1034,"Art":2,"Mel":315,"Rou":29,"Mac":172,"Las":5,"vot":747,"circode":9411,"Lep":64,"Pec":21,"Zem":29,"Hid":12,"Jad":65,"Pou":5,"Dup":12,"top":"Mélenchon","area_error":0.011422},"geometry":{"type":"Polygon","coordinates":[[[2.352213754230954,48.78410938983512],[2.351798297380915,48.7853529406071],[2.353414599696158,48.78892807137621],[2.35780071983569,48.7892904876416],[2.362570037160268,48.786039579431154],[2.3557669176971787,48.7836525167974],[2.352213754230954,48.78410938983512]]],"rewind":true}},{"type":"Feature","properties":{"depname":"Val-de-Marne","bvonum":"0026","comcode":94076,"cancode":9420,"bvocode":"94076_26","cirname":"11ème circonscription","exp":571,"depcode":94,"cannum":10,"canname":"Villejuif","comname":"Villejuif","ins":777,"Art":4,"Mel":148,"Rou":8,"Mac":187,"Las":9,"vot":585,"circode":9411,"Lep":80,"Pec":39,"Zem":44,"Hid":10,"Jad":29,"Pou":3,"Dup":10,"top":"Macron","area_error":-0.016388},"geometry":{"type":"MultiPolygon","coordinates":[[[[2.3734960049784948,48.7709600854449],[2.371620084381152,48.77273072388314],[2.370427842475492,48.77596742032408],[2.373106784467684,48.77879571947288],[2.373647258259994,48.778062298013324],[2.375401358042559,48.774378390252814],[2.375631387045809,48.77314103898626],[2.37607278865634,48.771499207827375],[2.376216336325885,48.77111436369743],[2.3764056159389124,48.77065111669637],[2.376568122936573,48.77031205785882],[2.3766856265891985,48.77008065674609],[2.3768599008824274,48.769741709233436],[2.3769973340522754,48.769480239619625],[2.37709423657937,48.769296997310335],[2.3734960049784948,48.7709600854449]]],[[[2.37380434865359,48.77956590705715],[2.3739634036184185,48.77949644454779],[2.3745105269045266,48.77876659642079],[2.3741805275915353,48.77876409163623],[2.37387020604344,48.7788612681922],[2.373725001697033,48.778931563486246],[2.3735357427653985,48.77902350321637],[2.373529831447518,48.77902638029737],[2.37380434865359,48.77956590705715]]]],"rewind":true}},{"type":"Feature","properties":{"depname":"Val-de-Marne","bvonum":"0027","comcode":94076,"cancode":9420,"bvocode":"94076_27","cirname":"11ème circonscription","exp":546,"depcode":94,"cannum":10,"canname":"Villejuif","comname":"Villejuif","ins":799,"Art":5,"Mel":225,"Rou":20,"Mac":134,"Las":8,"vot":553,"circode":9411,"Lep":58,"Pec":15,"Zem":41,"Hid":6,"Jad":28,"Pou":3,"Dup":3,"top":"Mélenchon","area_error":0.004921},"geometry":{"type":"Polygon","coordinates":[[[2.3713989566651357,48.75746383243567],[2.370861122228525,48.7631586387814],[2.374333583018153,48.75852708916885],[2.3766905562929477,48.7540997785725],[2.37648889823972,48.753384753778384],[2.3763945113244036,48.7529586561662],[2.3758065061110614,48.75236439702195],[2.3749580274737063,48.7526415959629],[2.37550658270744,48.75127032072352],[2.376492908374463,48.74929979916917],[2.3762784304747258,48.74929883644329],[2.375902897699456,48.7493577669462],[2.3757994890386236,48.74938057763],[2.3756267463048877,48.74939130979778],[2.375499427839099,48.74939082559703],[2.3713989566651357,48.75746383243567]]],"rewind":true}},{"type":"Feature","properties":{"depname":"Val-de-Marne","bvonum":"0028","comcode":94076,"cancode":9420,"bvocode":"94076_28","cirname":"11ème circonscription","exp":494,"depcode":94,"cannum":10,"canname":"Villejuif","comname":"Villejuif","ins":768,"Art":4,"Mel":236,"Rou":39,"Mac":80,"Las":6,"vot":499,"circode":9411,"Lep":73,"Pec":6,"Zem":21,"Hid":2,"Jad":13,"Pou":3,"Dup":11,"top":"Mélenchon","area_error":-0.030104},"geometry":{"type":"Polygon","coordinates":[[[2.374333583018153,48.75852708916885],[2.3785724259253764,48.76262337482818],[2.3801054687014824,48.76169468623197],[2.380613071496932,48.7595788575043],[2.38072849500997,48.7591339652764],[2.3807769695778838,48.75892882766745],[2.380856599948291,48.75859301600851],[2.380751415347204,48.75859210754124],[2.37962497568083,48.7576279322948],[2.378576082725097,48.7568526956829],[2.3784667505722017,48.7567390847557],[2.377018884370233,48.75480126006497],[2.376951064284312,48.75463592926987],[2.3766905562929477,48.7540997785725],[2.374333583018153,48.75852708916885]]],"rewind":true}},{"type":"Feature","properties":{"depname":"Val-de-Marne","bvonum":"0029","comcode":94076,"cancode":9420,"bvocode":"94076_29","cirname":"11ème circonscription","exp":581,"depcode":94,"cannum":10,"canname":"Villejuif","comname":"Villejuif","ins":836,"Art":2,"Mel":240,"Rou":16,"Mac":158,"Las":14,"vot":588,"circode":9411,"Lep":52,"Pec":14,"Zem":32,"Hid":4,"Jad":39,"Pou":6,"Dup":4,"top":"Mélenchon","area_error":0.013142},"geometry":{"type":"Polygon","coordinates":[[[2.370109707425315,48.76536575406123],[2.3729668387750573,48.76598578005615],[2.3785724259253764,48.76262337482818],[2.374333583018153,48.75852708916885],[2.370861122228525,48.7631586387814],[2.37020720373289,48.764883017713956],[2.370109707425315,48.76536575406123]]],"rewind":true}},{"type":"Feature","properties":{"depname":"Val-de-Marne","bvonum":"0003","comcode":94076,"cancode":9420,"bvocode":"94076_3","cirname":"11ème circonscription","exp":698,"depcode":94,"cannum":10,"canname":"Villejuif","comname":"Villejuif","ins":959,"Art":3,"Mel":311,"Rou":53,"Mac":143,"Las":5,"vot":706,"circode":9411,"Lep":67,"Pec":15,"Zem":25,"Hid":20,"Jad":47,"Pou":4,"Dup":5,"top":"Mélenchon","area_error":-0.074551},"geometry":{"type":"Polygon","coordinates":[[[2.35937925686859,48.776666887887416],[2.361073218117251,48.77703644525672],[2.3687976672747038,48.772693672791966],[2.3678485426280322,48.76950200257158],[2.3583789138782527,48.77483182422413],[2.35937925686859,48.776666887887416]]],"rewind":true}},{"type":"Feature","properties":{"depname":"Val-de-Marne","bvonum":"0030","comcode":94076,"cancode":9420,"bvocode":"94076_30","cirname":"11ème circonscription","exp":598,"depcode":94,"cannum":10,"canname":"Villejuif","comname":"Villejuif","ins":962,"Art":6,"Mel":355,"Rou":28,"Mac":75,"Las":4,"vot":611,"circode":9411,"Lep":77,"Pec":5,"Zem":22,"Hid":9,"Jad":5,"Pou":4,"Dup":8,"top":"Mélenchon","area_error":-0.019366},"geometry":{"type":"Polygon","coordinates":[[[2.351033290866284,48.7665674244553],[2.3589749676163314,48.7688144522112],[2.3612141829782156,48.76427847282563],[2.361218207228851,48.76412813385618],[2.3600000064862963,48.76362436278235],[2.3553941758903782,48.763350946486455],[2.3517207527867754,48.76508171085513],[2.351033290866284,48.7665674244553]]],"rewind":true}},{"type":"Feature","properties":{"depname":"Val-de-Marne","bvonum":"0031","comcode":94076,"cancode":9420,"bvocode":"94076_31","cirname":"11ème circonscription","exp":867,"depcode":94,"cannum":10,"canname":"Villejuif","comname":"Villejuif","ins":1150,"Art":3,"Mel":350,"Rou":26,"Mac":222,"Las":11,"vot":881,"circode":9411,"Lep":86,"Pec":33,"Zem":43,"Hid":16,"Jad":54,"Pou":11,"Dup":12,"top":"Mélenchon","area_error":0.004462},"geometry":{"type":"Polygon","coordinates":[[[2.350159016862893,48.77008901025417],[2.351406764176714,48.77275581802708],[2.3565857085983013,48.77335689225433],[2.359706426757356,48.7696619491857],[2.3589749676163314,48.7688144522112],[2.351033290866284,48.7665674244553],[2.350549056562806,48.76675727931982],[2.350159016862893,48.77008901025417]]],"rewind":true}},{"type":"Feature","properties":{"depname":"Val-de-Marne","bvonum":"0032","comcode":94076,"cancode":9420,"bvocode":"94076_32","cirname":"11ème circonscription","exp":689,"depcode":94,"cannum":10,"canname":"Villejuif","comname":"Villejuif","ins":986,"Art":3,"Mel":312,"Rou":8,"Mac":146,"Las":13,"vot":711,"circode":9411,"Lep":85,"Pec":21,"Zem":39,"Hid":3,"Jad":44,"Pou":6,"Dup":9,"top":"Mélenchon","area_error":-0.0246},"geometry":{"type":"Polygon","coordinates":[[[2.359706426757356,48.7696619491857],[2.36866272136965,48.76723131252362],[2.370109707425315,48.76536575406123],[2.37020720373289,48.764883017713956],[2.3612141829782156,48.76427847282563],[2.3589749676163314,48.7688144522112],[2.359706426757356,48.7696619491857]]],"rewind":true}},{"type":"Feature","properties":{"depname":"Val-de-Marne","bvonum":"0033","comcode":94076,"cancode":9420,"bvocode":"94076_33","cirname":"11ème circonscription","exp":523,"depcode":94,"cannum":10,"canname":"Villejuif","comname":"Villejuif","ins":820,"Art":3,"Mel":271,"Rou":52,"Mac":69,"Las":5,"vot":538,"circode":9411,"Lep":77,"Pec":5,"Zem":20,"Hid":7,"Jad":8,"Pou":4,"Dup":2,"top":"Mélenchon","area_error":0.033514},"geometry":{"type":"Polygon","coordinates":[[[2.3612141829782156,48.76427847282563],[2.37020720373289,48.764883017713956],[2.370861122228525,48.7631586387814],[2.3713989566651357,48.75746383243567],[2.3664199652820646,48.7615088901015],[2.361218207228851,48.76412813385618],[2.3612141829782156,48.76427847282563]]],"rewind":true}},{"type":"Feature","properties":{"depname":"Val-de-Marne","bvonum":"0034","comcode":94076,"cancode":9420,"bvocode":"94076_34","cirname":"11ème circonscription","exp":590,"depcode":94,"cannum":10,"canname":"Villejuif","comname":"Villejuif","ins":831,"Art":5,"Mel":225,"Rou":12,"Mac":174,"Las":9,"vot":599,"circode":9411,"Lep":62,"Pec":15,"Zem":33,"Hid":8,"Jad":38,"Pou":3,"Dup":6,"top":"Mélenchon","area_error":-0.014923},"geometry":{"type":"Polygon","coordinates":[[[2.3785724259253764,48.76262337482818],[2.3729668387750573,48.76598578005615],[2.3734960049784948,48.7709600854449],[2.37709423657937,48.769296997310335],[2.3776259214810462,48.76835230175028],[2.3778120486064958,48.76801136216822],[2.377819478459638,48.76791749264592],[2.377679736958723,48.767933310289],[2.378371751282493,48.76661493633472],[2.37908098689391,48.76520376607413],[2.378704932222463,48.76539854961045],[2.3785341351909093,48.7655530918072],[2.379690599106036,48.762879354472716],[2.379788086353687,48.762641156408336],[2.3801054687014824,48.76169468623197],[2.3785724259253764,48.76262337482818]]],"rewind":true}},{"type":"Feature","properties":{"depname":"Val-de-Marne","bvonum":"0004","comcode":94076,"cancode":9420,"bvocode":"94076_4","cirname":"11ème circonscription","exp":716,"depcode":94,"cannum":10,"canname":"Villejuif","comname":"Villejuif","ins":906,"Art":3,"Mel":220,"Rou":38,"Mac":224,"Las":8,"vot":729,"circode":9411,"Lep":60,"Pec":37,"Zem":32,"Hid":19,"Jad":61,"Pou":10,"Dup":4,"top":"Macron","area_error":0.048799},"geometry":{"type":"Polygon","coordinates":[[[2.3565857085983013,48.77335689225433],[2.3583789138782527,48.77483182422413],[2.3678485426280322,48.76950200257158],[2.36866272136965,48.76723131252362],[2.359706426757356,48.7696619491857],[2.3565857085983013,48.77335689225433]]],"rewind":true}},{"type":"Feature","properties":{"depname":"Val-de-Marne","bvonum":"0005","comcode":94076,"cancode":9420,"bvocode":"94076_5","cirname":"11ème circonscription","exp":644,"depcode":94,"cannum":10,"canname":"Villejuif","comname":"Villejuif","ins":843,"Art":4,"Mel":263,"Rou":15,"Mac":177,"Las":4,"vot":650,"circode":9411,"Lep":44,"Pec":18,"Zem":40,"Hid":11,"Jad":50,"Pou":5,"Dup":13,"top":"Mélenchon","area_error":0.003911},"geometry":{"type":"Polygon","coordinates":[[[2.364635583425535,48.78204071981516],[2.3675419683912113,48.78312007232565],[2.37380434865359,48.77956590705715],[2.373529831447518,48.77902638029737],[2.37308840275657,48.77924204017859],[2.372873851549422,48.77933435360822],[2.372616918039094,48.7794197881794],[2.3725346526718045,48.77944713181217],[2.373106784467684,48.77879571947288],[2.370427842475492,48.77596742032408],[2.36643005785779,48.77922663516193],[2.364635583425535,48.78204071981516]]],"rewind":true}},{"type":"Feature","properties":{"depname":"Val-de-Marne","bvonum":"0006","comcode":94076,"cancode":9420,"bvocode":"94076_6","cirname":"11ème circonscription","exp":653,"depcode":94,"cannum":10,"canname":"Villejuif","comname":"Villejuif","ins":892,"Art":2,"Mel":284,"Rou":19,"Mac":161,"Las":10,"vot":666,"circode":9411,"Lep":58,"Pec":14,"Zem":34,"Hid":13,"Jad":49,"Pou":6,"Dup":3,"top":"Mélenchon","area_error":0.006342},"geometry":{"type":"Polygon","coordinates":[[[2.3557669176971787,48.7836525167974],[2.362570037160268,48.786039579431154],[2.3625852722558136,48.786037831489836],[2.3675419683912113,48.78312007232565],[2.364635583425535,48.78204071981516],[2.356702781533476,48.781059021262244],[2.3557669176971787,48.7836525167974]]],"rewind":true}},{"type":"Feature","properties":{"depname":"Val-de-Marne","bvonum":"0007","comcode":94076,"cancode":9420,"bvocode":"94076_7","cirname":"11ème circonscription","exp":525,"depcode":94,"cannum":10,"canname":"Villejuif","comname":"Villejuif","ins":738,"Art":4,"Mel":248,"Rou":15,"Mac":137,"Las":4,"vot":531,"circode":9411,"Lep":43,"Pec":17,"Zem":23,"Hid":3,"Jad":24,"Pou":3,"Dup":4,"top":"Mélenchon","area_error":-0.032769},"geometry":{"type":"Polygon","coordinates":[[[2.353414599696158,48.78892807137621],[2.351798297380915,48.7853529406071],[2.3448994112165726,48.7862262545338],[2.3453917361431547,48.786609853184316],[2.3456726671937775,48.78691288599713],[2.3453358702737077,48.7875598973253],[2.3460496637995725,48.788410607486334],[2.346908548131616,48.78925338840987],[2.3473834543297185,48.789627540076125],[2.3486050481574092,48.78815831683885],[2.3494778388561985,48.78920427213089],[2.3502211312493464,48.78997803401848],[2.351375177096801,48.78993713617028],[2.3519093003078044,48.7907622960976],[2.3525251945921934,48.79071219894752],[2.353414599696158,48.78892807137621]]],"rewind":true}},{"type":"Feature","properties":{"depname":"Val-de-Marne","bvonum":"0008","comcode":94076,"cancode":9420,"bvocode":"94076_8","cirname":"11ème circonscription","exp":764,"depcode":94,"cannum":10,"canname":"Villejuif","comname":"Villejuif","ins":1162,"Art":6,"Mel":386,"Rou":16,"Mac":148,"Las":7,"vot":787,"circode":9411,"Lep":79,"Pec":22,"Zem":31,"Hid":12,"Jad":45,"Pou":5,"Dup":7,"top":"Mélenchon","area_error":-0.02106},"geometry":{"type":"Polygon","coordinates":[[[2.347678183953966,48.77962873001126],[2.352213754230954,48.78410938983512],[2.3557669176971787,48.7836525167974],[2.356702781533476,48.781059021262244],[2.355883462613507,48.779690059971756],[2.34981205446319,48.776138586536064],[2.3487160527922044,48.77658663742129],[2.347678183953966,48.77962873001126]]],"rewind":true}},{"type":"Feature","properties":{"depname":"Val-de-Marne","bvonum":"0009","comcode":94076,"cancode":9420,"bvocode":"94076_9","cirname":"11ème circonscription","exp":490,"depcode":94,"cannum":10,"canname":"Villejuif","comname":"Villejuif","ins":688,"Art":7,"Mel":158,"Rou":18,"Mac":126,"Las":11,"vot":499,"circode":9411,"Lep":58,"Pec":21,"Zem":38,"Hid":10,"Jad":26,"Pou":7,"Dup":10,"top":"Mélenchon","area_error":0.007188},"geometry":{"type":"Polygon","coordinates":[[[2.347678183953966,48.77962873001126],[2.3487160527922044,48.77658663742129],[2.3438633772286437,48.776151021785],[2.3438795998003936,48.776378017285545],[2.3439665749980843,48.77741798405498],[2.34394220294543,48.777883911030465],[2.343881212859743,48.7784062059827],[2.3437680324160866,48.77898098996193],[2.34362676695164,48.779554701586925],[2.343317461992632,48.780564935035464],[2.343107064432067,48.7811458242122],[2.3425999211081883,48.7822613996197],[2.3419550867204975,48.783496502124024],[2.342640374242622,48.7825423653898],[2.343424312057855,48.781320315267415],[2.3438737223481843,48.78113053806921],[2.3432545275636576,48.78229543740797],[2.3431061862887725,48.7825648080571],[2.343524631079433,48.782378010767765],[2.3441891182172663,48.7821101151235],[2.3442965472966786,48.782199938449914],[2.3444540214829974,48.78236926157127],[2.3442282384046873,48.78277871677425],[2.3443764840579755,48.7828729669176],[2.3440218975373526,48.7833422379279],[2.34292894319312,48.78480739047727],[2.343164624530581,48.785638625766644],[2.347678183953966,48.77962873001126]]],"rewind":true}},{"type":"Feature","properties":{"depname":"Val-de-Marne","bvonum":"0001","comcode":94077,"cancode":9415,"bvocode":"94077_1","cirname":"3ème circonscription","exp":566,"depcode":94,"cannum":7,"canname":"Orly","comname":"Villeneuve-le-Roi","ins":875,"Art":3,"Mel":308,"Rou":13,"Mac":103,"Las":6,"vot":577,"circode":9403,"Lep":77,"Pec":13,"Zem":14,"Hid":5,"Jad":13,"Pou":4,"Dup":7,"top":"Mélenchon","area_error":0.074722},"geometry":{"type":"Polygon","coordinates":[[[2.4163973777913057,48.72423623172038],[2.4171396958435327,48.71958305351524],[2.405853867658394,48.71854264978176],[2.3996514997213967,48.71874071598182],[2.4010452424172,48.7187749000405],[2.401656842093362,48.71888406946407],[2.402224763313158,48.71900867828105],[2.4033090233480046,48.71949074080513],[2.4049833463196992,48.72010943322314],[2.4066659222673707,48.72039021045525],[2.4081054549783243,48.72087123082462],[2.410310360306583,48.72126479530712],[2.4105315094462356,48.72123620616738],[2.410285609501852,48.72145940734194],[2.410153742255944,48.721522440893814],[2.4096088418939092,48.721715515541845],[2.409852488634046,48.72175115487914],[2.410093112948297,48.72179327495205],[2.41026633716464,48.72182008269002],[2.4102867749851744,48.72182306806847],[2.410446971742725,48.72180762516747],[2.4112013229958276,48.721680224218034],[2.4115958674220614,48.721733401396115],[2.411878659273736,48.72176877368774],[2.412332462149892,48.721832258976235],[2.4120936350237856,48.72190150653607],[2.4125755695779656,48.72204248755729],[2.4133447308745817,48.722231227649544],[2.4134853392930475,48.72225040851516],[2.412847436314011,48.72245914898864],[2.413623253451642,48.722614012459466],[2.413823529540581,48.722560769208],[2.414939887195916,48.722960553467075],[2.414835805470443,48.72301025226788],[2.4153174972587186,48.72319458269999],[2.4160585478742815,48.723566746670244],[2.4156167693708888,48.72410973684591],[2.4161938099293376,48.72424731573272],[2.4162558448109372,48.72426160911526],[2.4163973777913057,48.72423623172038]]],"rewind":true}},{"type":"Feature","properties":{"depname":"Val-de-Marne","bvonum":"0010","comcode":94077,"cancode":9415,"bvocode":"94077_10","cirname":"3ème circonscription","exp":608,"depcode":94,"cannum":7,"canname":"Orly","comname":"Villeneuve-le-Roi","ins":926,"Art":0,"Mel":224,"Rou":9,"Mac":120,"Las":11,"vot":627,"circode":9403,"Lep":146,"Pec":37,"Zem":30,"Hid":4,"Jad":5,"Pou":5,"Dup":17,"top":"Mélenchon","area_error":0.018307},"geometry":{"type":"Polygon","coordinates":[[[2.4433751048270547,48.72236875186044],[2.4492381347467886,48.723915299274935],[2.4507305839754188,48.723713971688156],[2.4580988397709183,48.71983076843855],[2.458037900590427,48.71981990457106],[2.4577883959096,48.71978568870339],[2.456510609520011,48.71977886520887],[2.454639343134049,48.71996454277926],[2.4492191040464015,48.7196456825645],[2.449371512230551,48.720035630800524],[2.449489151007133,48.72040086217521],[2.4493517289991837,48.72039226599222],[2.44944833857853,48.72065836240423],[2.4495075427681336,48.72077932807075],[2.4484797663913858,48.72079954370492],[2.446801400980564,48.720695261443545],[2.4464609768927734,48.72065727761644],[2.4465105256974637,48.72100138016865],[2.44524988563638,48.720764763551976],[2.445280151263057,48.720902985380576],[2.4445722760036435,48.720746543354146],[2.4445505415960227,48.72101801604991],[2.444379521464046,48.72101833201248],[2.443674626721459,48.721085969611174],[2.443413425079669,48.7211074956197],[2.4427198365923926,48.72092513135495],[2.4421705302593026,48.720961064889224],[2.4409172102096592,48.72056646232843],[2.4405673986344434,48.720581122458434],[2.4433751048270547,48.72236875186044]]],"rewind":true}},{"type":"Feature","properties":{"depname":"Val-de-Marne","bvonum":"0011","comcode":94077,"cancode":9415,"bvocode":"94077_11","cirname":"3ème circonscription","exp":557,"depcode":94,"cannum":7,"canname":"Orly","comname":"Villeneuve-le-Roi","ins":844,"Art":4,"Mel":237,"Rou":9,"Mac":108,"Las":11,"vot":571,"circode":9403,"Lep":123,"Pec":19,"Zem":18,"Hid":5,"Jad":8,"Pou":5,"Dup":10,"top":"Mélenchon","area_error":-0.027194},"geometry":{"type":"Polygon","coordinates":[[[2.4507305839754188,48.723713971688156],[2.460029547120497,48.72507241152453],[2.460288696606215,48.724954091848424],[2.460710927815578,48.72472516877475],[2.46101858071964,48.72448925456599],[2.4611789458289257,48.7243070992244],[2.461283233132617,48.72410693463102],[2.461312343346189,48.723803024479416],[2.4612887093166016,48.7234568144156],[2.4612853294243213,48.72343939482143],[2.4612330412589283,48.72320172305602],[2.461177003182748,48.7228650257391],[2.46109285673482,48.72255778925792],[2.4609537153895276,48.72223896736224],[2.460762947360647,48.721907958064484],[2.460559861319213,48.72159020138043],[2.460279326376681,48.721241809560084],[2.4598510454988567,48.72077657778369],[2.45949810607713,48.72048752982418],[2.459051318352803,48.720193135124845],[2.458785204861,48.72004688382862],[2.4584920971883792,48.71991737267836],[2.4580988397709183,48.71983076843855],[2.4507305839754188,48.723713971688156]]],"rewind":true}},{"type":"Feature","properties":{"depname":"Val-de-Marne","bvonum":"0012","comcode":94077,"cancode":9415,"bvocode":"94077_12","cirname":"3ème circonscription","exp":578,"depcode":94,"cannum":7,"canname":"Orly","comname":"Villeneuve-le-Roi","ins":828,"Art":1,"Mel":163,"Rou":10,"Mac":149,"Las":14,"vot":598,"circode":9403,"Lep":128,"Pec":33,"Zem":31,"Hid":8,"Jad":29,"Pou":0,"Dup":12,"top":"Mélenchon","area_error":-0.203882},"geometry":{"type":"Polygon","coordinates":[[[2.4275478624493125,48.7232086526152],[2.43816000056757,48.72522082501308],[2.4432856882200347,48.7223777959682],[2.427214536403027,48.722648357873375],[2.4275478624493125,48.7232086526152]]],"rewind":true}},{"type":"Feature","properties":{"depname":"Val-de-Marne","bvonum":"0013","comcode":94077,"cancode":9415,"bvocode":"94077_13","cirname":"3ème circonscription","exp":689,"depcode":94,"cannum":7,"canname":"Orly","comname":"Villeneuve-le-Roi","ins":958,"Art":2,"Mel":267,"Rou":14,"Mac":190,"Las":7,"vot":707,"circode":9403,"Lep":103,"Pec":32,"Zem":44,"Hid":2,"Jad":16,"Pou":0,"Dup":12,"top":"Mélenchon","area_error":-0.001537},"geometry":{"type":"Polygon","coordinates":[[[2.4507305839754188,48.723713971688156],[2.4492381347467886,48.723915299274935],[2.447664504022277,48.72612203510921],[2.4498985182446833,48.72844525393064],[2.450707578162464,48.7285496924853],[2.4511519978894056,48.72865517587608],[2.4517328752155074,48.728756646854436],[2.452665388456573,48.728819107284515],[2.453309172429292,48.72883307600718],[2.45346893448302,48.72870651609802],[2.4540413517874624,48.728242455798],[2.455040096451969,48.727426721044424],[2.4552596269526283,48.727266124117946],[2.4562686832588065,48.72660043241389],[2.4571909643659615,48.7261581702048],[2.457722002263981,48.725947556146444],[2.45798968783192,48.72584409478546],[2.4582870050856545,48.72572051798013],[2.458901946255552,48.72551483017216],[2.4592336118884885,48.725390770043525],[2.45990081456193,48.7251304904004],[2.460029547120497,48.72507241152453],[2.4507305839754188,48.723713971688156]]],"rewind":true}},{"type":"Feature","properties":{"depname":"Val-de-Marne","bvonum":"0002","comcode":94077,"cancode":9415,"bvocode":"94077_2","cirname":"3ème circonscription","exp":579,"depcode":94,"cannum":7,"canname":"Orly","comname":"Villeneuve-le-Roi","ins":891,"Art":1,"Mel":214,"Rou":15,"Mac":123,"Las":10,"vot":594,"circode":9403,"Lep":109,"Pec":23,"Zem":36,"Hid":8,"Jad":25,"Pou":6,"Dup":9,"top":"Mélenchon","area_error":-0.177636},"geometry":{"type":"Polygon","coordinates":[[[2.4163973777913057,48.72423623172038],[2.4266133215344907,48.72248350110613],[2.4246665791367543,48.720950695937724],[2.4171396958435327,48.71958305351524],[2.4163973777913057,48.72423623172038]]],"rewind":true}},{"type":"Feature","properties":{"depname":"Val-de-Marne","bvonum":"0003","comcode":94077,"cancode":9415,"bvocode":"94077_3","cirname":"3ème circonscription","exp":587,"depcode":94,"cannum":7,"canname":"Orly","comname":"Villeneuve-le-Roi","ins":914,"Art":0,"Mel":259,"Rou":13,"Mac":117,"Las":10,"vot":607,"circode":9403,"Lep":107,"Pec":30,"Zem":28,"Hid":3,"Jad":12,"Pou":1,"Dup":7,"top":"Mélenchon","area_error":0.083259},"geometry":{"type":"Polygon","coordinates":[[[2.405853867658394,48.71854264978176],[2.4061916653285635,48.71744212947175],[2.404182137382438,48.71733619104706],[2.402934297533861,48.71600947277575],[2.398043487092523,48.71712794157006],[2.3963876451657273,48.7167420251532],[2.3937390799136127,48.71681946768014],[2.3923109708073262,48.716132293979065],[2.3879439559447153,48.716832897366885],[2.3864900393974118,48.71617409444239],[2.381947512377176,48.715486421326],[2.38518001090746,48.71821417227016],[2.386490619004688,48.71808863776183],[2.387066599442101,48.71804366081236],[2.3879049370701892,48.717981319820176],[2.38866646325608,48.7179164729087],[2.3915915158291723,48.717823936044745],[2.3917859137326807,48.7179002414909],[2.391942145445258,48.71796100670247],[2.3933221229791584,48.71795878023638],[2.393461608075532,48.7180074839939],[2.395102506025201,48.71801741955775],[2.3963702346766422,48.71815417590951],[2.3971591024629326,48.718099613955445],[2.3972906565100187,48.71826353697943],[2.3980389942121407,48.7181807190746],[2.3978224072728747,48.718480021653725],[2.3974035181168407,48.71867952307954],[2.3986034739858315,48.71854094697289],[2.399015018291225,48.71859622754856],[2.3989212559579274,48.71867432551471],[2.3996514997213967,48.71874071598182],[2.405853867658394,48.71854264978176]]],"rewind":true}},{"type":"Feature","properties":{"depname":"Val-de-Marne","bvonum":"0004","comcode":94077,"cancode":9415,"bvocode":"94077_4","cirname":"3ème circonscription","exp":574,"depcode":94,"cannum":7,"canname":"Orly","comname":"Villeneuve-le-Roi","ins":815,"Art":0,"Mel":176,"Rou":11,"Mac":131,"Las":12,"vot":584,"circode":9403,"Lep":138,"Pec":29,"Zem":40,"Hid":8,"Jad":15,"Pou":5,"Dup":9,"top":"Mélenchon","area_error":0.012644},"geometry":{"type":"Polygon","coordinates":[[[2.405853867658394,48.71854264978176],[2.4171396958435327,48.71958305351524],[2.4246665791367543,48.720950695937724],[2.427317373661532,48.71971332656713],[2.427054027235598,48.719713460739555],[2.426474028153535,48.71965320366101],[2.42582619399629,48.719518058678126],[2.4256069809676,48.71923879489207],[2.4254947317194326,48.71903283604767],[2.425584271465302,48.71891601601318],[2.4240705287653737,48.71864824409207],[2.42386583381516,48.7186127219124],[2.42257144289581,48.718366404461825],[2.4218474960896774,48.71824885991776],[2.4214702095619725,48.718193591502164],[2.4200685077159068,48.71800640327604],[2.4193650236175754,48.71791015516553],[2.4193686721199925,48.71788146791214],[2.4078499117125207,48.71802871459155],[2.4061916653285635,48.71744212947175],[2.405853867658394,48.71854264978176]]],"rewind":true}},{"type":"Feature","properties":{"depname":"Val-de-Marne","bvonum":"0005","comcode":94077,"cancode":9415,"bvocode":"94077_5","cirname":"3ème circonscription","exp":582,"depcode":94,"cannum":7,"canname":"Orly","comname":"Villeneuve-le-Roi","ins":803,"Art":2,"Mel":200,"Rou":20,"Mac":111,"Las":13,"vot":598,"circode":9403,"Lep":124,"Pec":37,"Zem":38,"Hid":3,"Jad":18,"Pou":4,"Dup":12,"top":"Mélenchon","area_error":0.240114},"geometry":{"type":"Polygon","coordinates":[[[2.432595565456877,48.728088847550566],[2.4275478624493125,48.7232086526152],[2.427214536403027,48.722648357873375],[2.4266133215344907,48.72248350110613],[2.4163973777913057,48.72423623172038],[2.4162558448109372,48.72426160911526],[2.4168370073897334,48.72460002142753],[2.418576153725331,48.7249492076798],[2.418764038835757,48.72498023172232],[2.4230183873461866,48.725654755548774],[2.4270452151009025,48.7271653734751],[2.4272688601808516,48.726858046865686],[2.4278526483155614,48.72716130461623],[2.429547135205921,48.7279747073656],[2.4298377946202976,48.72811133639587],[2.432595565456877,48.728088847550566]]],"rewind":true}},{"type":"Feature","properties":{"depname":"Val-de-Marne","bvonum":"0006","comcode":94077,"cancode":9415,"bvocode":"94077_6","cirname":"3ème circonscription","exp":640,"depcode":94,"cannum":7,"canname":"Orly","comname":"Villeneuve-le-Roi","ins":900,"Art":5,"Mel":226,"Rou":25,"Mac":138,"Las":19,"vot":656,"circode":9403,"Lep":118,"Pec":28,"Zem":32,"Hid":9,"Jad":22,"Pou":4,"Dup":14,"top":"Mélenchon","area_error":0.022736},"geometry":{"type":"Polygon","coordinates":[[[2.447664504022277,48.72612203510921],[2.4401686973806025,48.72702133877833],[2.432595565456877,48.728088847550566],[2.4298377946202976,48.72811133639587],[2.430454545355854,48.72840977272772],[2.431292550488235,48.728818971990016],[2.4341135493326456,48.72964559273203],[2.4340765858319133,48.729908024292946],[2.434682114676071,48.72996916799454],[2.435076789016909,48.73000630446686],[2.4359006781523527,48.730045043190366],[2.4382677521604514,48.7299121665559],[2.438271403765028,48.72986718364813],[2.4384085298812765,48.72977313772136],[2.4389636948464455,48.72928190956798],[2.441800662399064,48.7289221171631],[2.44233813599491,48.72839812939933],[2.443262311405119,48.72831577645385],[2.445007203404989,48.728241008222525],[2.4467500646752613,48.72825888161056],[2.44722759852777,48.7282630278017],[2.4472739584023184,48.728203726839354],[2.4493649967416475,48.72839175525095],[2.4498985182446833,48.72844525393064],[2.447664504022277,48.72612203510921]]],"rewind":true}},{"type":"Feature","properties":{"depname":"Val-de-Marne","bvonum":"0007","comcode":94077,"cancode":9415,"bvocode":"94077_7","cirname":"3ème circonscription","exp":625,"depcode":94,"cannum":7,"canname":"Orly","comname":"Villeneuve-le-Roi","ins":862,"Art":0,"Mel":191,"Rou":13,"Mac":143,"Las":5,"vot":648,"circode":9403,"Lep":121,"Pec":49,"Zem":47,"Hid":9,"Jad":25,"Pou":5,"Dup":17,"top":"Mélenchon","area_error":-0.114464},"geometry":{"type":"Polygon","coordinates":[[[2.432595565456877,48.728088847550566],[2.4401686973806025,48.72702133877833],[2.43816000056757,48.72522082501308],[2.4275478624493125,48.7232086526152],[2.432595565456877,48.728088847550566]]],"rewind":true}},{"type":"Feature","properties":{"depname":"Val-de-Marne","bvonum":"0008","comcode":94077,"cancode":9415,"bvocode":"94077_8","cirname":"3ème circonscription","exp":585,"depcode":94,"cannum":7,"canname":"Orly","comname":"Villeneuve-le-Roi","ins":814,"Art":3,"Mel":181,"Rou":11,"Mac":152,"Las":5,"vot":600,"circode":9403,"Lep":119,"Pec":43,"Zem":34,"Hid":3,"Jad":19,"Pou":0,"Dup":15,"top":"Mélenchon","area_error":0.023958},"geometry":{"type":"Polygon","coordinates":[[[2.4401686973806025,48.72702133877833],[2.447664504022277,48.72612203510921],[2.4492381347467886,48.723915299274935],[2.4433751048270547,48.72236875186044],[2.4432856882200347,48.7223777959682],[2.43816000056757,48.72522082501308],[2.4401686973806025,48.72702133877833]]],"rewind":true}},{"type":"Feature","properties":{"depname":"Val-de-Marne","bvonum":"0009","comcode":94077,"cancode":9415,"bvocode":"94077_9","cirname":"3ème circonscription","exp":588,"depcode":94,"cannum":7,"canname":"Orly","comname":"Villeneuve-le-Roi","ins":788,"Art":1,"Mel":171,"Rou":10,"Mac":132,"Las":10,"vot":603,"circode":9403,"Lep":135,"Pec":38,"Zem":49,"Hid":7,"Jad":21,"Pou":5,"Dup":9,"top":"Mélenchon","area_error":0.291573},"geometry":{"type":"Polygon","coordinates":[[[2.4266133215344907,48.72248350110613],[2.427214536403027,48.722648357873375],[2.4432856882200347,48.7223777959682],[2.4433751048270547,48.72236875186044],[2.4405673986344434,48.720581122458434],[2.4403184683857058,48.72058914559512],[2.4402481769386184,48.72059116951867],[2.4391103803934615,48.720617978609],[2.4377791425777615,48.720220389756314],[2.437213932434434,48.720232974682645],[2.43731334693548,48.720280067724424],[2.4364667236682176,48.72023354816],[2.4366660605984065,48.72032048192855],[2.435077306952038,48.720221610804636],[2.4345790773447247,48.72021325822308],[2.43415777524842,48.72027658034606],[2.433353003267138,48.720164266506934],[2.4324640014801044,48.720036670619855],[2.43036475807945,48.72004860081275],[2.430236875638239,48.71984683964513],[2.4283220755750667,48.719919310340956],[2.4281209661685,48.71969537763792],[2.427628642364508,48.71970847576096],[2.427317373661532,48.71971332656713],[2.4246665791367543,48.720950695937724],[2.4266133215344907,48.72248350110613]]],"rewind":true}},{"type":"Feature","properties":{"depname":"Val-de-Marne","bvonum":"0001","comcode":94078,"cancode":9406,"bvocode":"94078_1","cirname":"3ème circonscription","exp":592,"depcode":94,"cannum":24,"canname":"Choisy-le-Roi","comname":"Villeneuve-Saint-Georges","ins":790,"Art":6,"Mel":262,"Rou":13,"Mac":120,"Las":4,"vot":597,"circode":9403,"Lep":94,"Pec":20,"Zem":34,"Hid":8,"Jad":11,"Pou":2,"Dup":18,"top":"Mélenchon","area_error":-0.009859},"geometry":{"type":"Polygon","coordinates":[[[2.470692743391321,48.7261870577754],[2.471896263729097,48.726159995464634],[2.4749505920119934,48.72462376543343],[2.46998163828973,48.72353042649002],[2.4612562296287512,48.72329994628834],[2.461284532496205,48.72343528478068],[2.4612887093166016,48.7234568144156],[2.461312343346189,48.723803024479416],[2.461283233132617,48.72410693463102],[2.4611789458289257,48.7243070992244],[2.46101858071964,48.72448925456599],[2.460710927815578,48.72472516877475],[2.460288696606215,48.724954091848424],[2.45990081456193,48.7251304904004],[2.459529686273104,48.72527700331617],[2.470692743391321,48.7261870577754]]],"rewind":true}},{"type":"Feature","properties":{"depname":"Val-de-Marne","bvonum":"0010","comcode":94078,"cancode":9421,"bvocode":"94078_10","cirname":"3ème circonscription","exp":640,"depcode":94,"cannum":6,"canname":"Villeneuve-Saint-Georges","comname":"Villeneuve-Saint-Georges","ins":904,"Art":3,"Mel":250,"Rou":11,"Mac":144,"Las":5,"vot":649,"circode":9403,"Lep":122,"Pec":34,"Zem":28,"Hid":3,"Jad":16,"Pou":9,"Dup":15,"top":"Mélenchon","area_error":0.040459},"geometry":{"type":"Polygon","coordinates":[[[2.4640906593189222,48.728853931132626],[2.468644237697231,48.728244617641124],[2.470692743391321,48.7261870577754],[2.459529686273104,48.72527700331617],[2.4592336118884885,48.725390770043525],[2.458901946255552,48.72551483017216],[2.4582870050856545,48.72572051798013],[2.45798968783192,48.72584409478546],[2.457722002263981,48.725947556146444],[2.4571909643659615,48.7261581702048],[2.4562686832588065,48.72660043241389],[2.4552596269526283,48.727266124117946],[2.455084486502114,48.72739368032859],[2.4640906593189222,48.728853931132626]]],"rewind":true}},{"type":"Feature","properties":{"depname":"Val-de-Marne","bvonum":"0011","comcode":94078,"cancode":9421,"bvocode":"94078_11","cirname":"3ème circonscription","exp":727,"depcode":94,"cannum":6,"canname":"Villeneuve-Saint-Georges","comname":"Villeneuve-Saint-Georges","ins":1010,"Art":0,"Mel":295,"Rou":11,"Mac":217,"Las":10,"vot":738,"circode":9403,"Lep":91,"Pec":29,"Zem":43,"Hid":4,"Jad":14,"Pou":3,"Dup":10,"top":"Mélenchon","area_error":0.005341},"geometry":{"type":"Polygon","coordinates":[[[2.464947522386945,48.7318513648454],[2.4688071182597353,48.733008054798354],[2.468700278954199,48.73285853378368],[2.46857143972598,48.73271154234753],[2.473316453131956,48.73332047665213],[2.4758560802739673,48.7332814156928],[2.477555624214018,48.7331460754489],[2.477735419346242,48.73310760498364],[2.468644237697231,48.728244617641124],[2.4640906593189222,48.728853931132626],[2.464947522386945,48.7318513648454]]],"rewind":true}},{"type":"Feature","properties":{"depname":"Val-de-Marne","bvonum":"0012","comcode":94078,"cancode":9421,"bvocode":"94078_12","cirname":"3ème circonscription","exp":562,"depcode":94,"cannum":6,"canname":"Villeneuve-Saint-Georges","comname":"Villeneuve-Saint-Georges","ins":874,"Art":6,"Mel":276,"Rou":19,"Mac":85,"Las":7,"vot":573,"circode":9403,"Lep":110,"Pec":8,"Zem":23,"Hid":5,"Jad":9,"Pou":6,"Dup":8,"top":"Mélenchon","area_error":0.041187},"geometry":{"type":"Polygon","coordinates":[[[2.45459235855565,48.729964266750386],[2.46243047496869,48.73259045103615],[2.464947522386945,48.7318513648454],[2.4640906593189222,48.728853931132626],[2.455084486502114,48.72739368032859],[2.455040096451969,48.727426721044424],[2.4540413517874624,48.728242455798],[2.4538165034423445,48.72841352997302],[2.45459235855565,48.729964266750386]]],"rewind":true}},{"type":"Feature","properties":{"depname":"Val-de-Marne","bvonum":"0013","comcode":94078,"cancode":9421,"bvocode":"94078_13","cirname":"3ème circonscription","exp":616,"depcode":94,"cannum":6,"canname":"Villeneuve-Saint-Georges","comname":"Villeneuve-Saint-Georges","ins":881,"Art":2,"Mel":313,"Rou":18,"Mac":117,"Las":8,"vot":630,"circode":9403,"Lep":99,"Pec":15,"Zem":13,"Hid":8,"Jad":9,"Pou":3,"Dup":11,"top":"Mélenchon","area_error":-0.035803},"geometry":{"type":"Polygon","coordinates":[[[2.464947522386945,48.7318513648454],[2.46243047496869,48.73259045103615],[2.4615333538241373,48.73566179960203],[2.4694932522628954,48.73682306349957],[2.470764122462159,48.73602353405387],[2.470702716999968,48.73587545332087],[2.4707359930921275,48.73567936733733],[2.470949992424284,48.7352828726243],[2.4713608106000353,48.73482048465654],[2.4714199729042416,48.73469003405527],[2.471108977955042,48.73452976885457],[2.470467536252534,48.73448134311104],[2.470342264403509,48.73447374914585],[2.4699072985200425,48.733982008431816],[2.4697158940303146,48.73380581382206],[2.469592885426762,48.733762359633054],[2.4688071182597353,48.733008054798354],[2.464947522386945,48.7318513648454]]],"rewind":true}},{"type":"Feature","properties":{"depname":"Val-de-Marne","bvonum":"0014","comcode":94078,"cancode":9421,"bvocode":"94078_14","cirname":"3ème circonscription","exp":550,"depcode":94,"cannum":6,"canname":"Villeneuve-Saint-Georges","comname":"Villeneuve-Saint-Georges","ins":837,"Art":6,"Mel":313,"Rou":6,"Mac":82,"Las":9,"vot":561,"circode":9403,"Lep":76,"Pec":13,"Zem":18,"Hid":5,"Jad":5,"Pou":3,"Dup":14,"top":"Mélenchon","area_error":0.115765},"geometry":{"type":"Polygon","coordinates":[[[2.4615333538241373,48.73566179960203],[2.45381123021444,48.733368382203984],[2.452582539394642,48.734903058106966],[2.4527226839069893,48.73518972128942],[2.453771013454509,48.735969542631274],[2.456487264932341,48.73721450048778],[2.457283256045968,48.737524146741265],[2.4575080689358515,48.737595498068835],[2.4595418881634887,48.7379815746526],[2.459875487723848,48.73801845517268],[2.46244345129704,48.73795641264707],[2.463305845991075,48.7379046297085],[2.4635962673789513,48.7378643851244],[2.4667719708701066,48.737615646744466],[2.467137178006997,48.73757188395946],[2.46748946138192,48.73753986724718],[2.4680363243002663,48.7374348067781],[2.4685358515202083,48.73731311364582],[2.4690769207471646,48.73707721261124],[2.4694932522628954,48.73682306349957],[2.4615333538241373,48.73566179960203]]],"rewind":true}},{"type":"Feature","properties":{"depname":"Val-de-Marne","bvonum":"0002","comcode":94078,"cancode":9406,"bvocode":"94078_2","cirname":"3ème circonscription","exp":415,"depcode":94,"cannum":24,"canname":"Choisy-le-Roi","comname":"Villeneuve-Saint-Georges","ins":586,"Art":3,"Mel":168,"Rou":8,"Mac":99,"Las":16,"vot":428,"circode":9403,"Lep":64,"Pec":14,"Zem":17,"Hid":2,"Jad":7,"Pou":5,"Dup":12,"top":"Mélenchon","area_error":-0.018073},"geometry":{"type":"Polygon","coordinates":[[[2.46998163828973,48.72353042649002],[2.4642510625232927,48.7201617860431],[2.4586237020541732,48.7199720807741],[2.458785204861,48.72004688382862],[2.459051318352803,48.720193135124845],[2.45949810607713,48.72048752982418],[2.4598510454988567,48.72077657778369],[2.460279326376681,48.721241809560084],[2.460559861319213,48.72159020138043],[2.460762947360647,48.721907958064484],[2.4609537153895276,48.72223896736224],[2.46109285673482,48.72255778925792],[2.461177003182748,48.7228650257391],[2.4612330412589283,48.72320172305602],[2.4612562296287512,48.72329994628834],[2.46998163828973,48.72353042649002]]],"rewind":true}},{"type":"Feature","properties":{"depname":"Val-de-Marne","bvonum":"0003","comcode":94078,"cancode":9406,"bvocode":"94078_3","cirname":"3ème circonscription","exp":470,"depcode":94,"cannum":24,"canname":"Choisy-le-Roi","comname":"Villeneuve-Saint-Georges","ins":785,"Art":2,"Mel":192,"Rou":15,"Mac":99,"Las":2,"vot":486,"circode":9403,"Lep":91,"Pec":17,"Zem":19,"Hid":1,"Jad":18,"Pou":2,"Dup":12,"top":"Mélenchon","area_error":0.019192},"geometry":{"type":"Polygon","coordinates":[[[2.4642510625232927,48.7201617860431],[2.4660063330302715,48.719465828621374],[2.4681413763547844,48.71859555440544],[2.4681660416655467,48.71858435288191],[2.46557574625517,48.717655042233034],[2.460917265988949,48.718200492450535],[2.4599736530736154,48.71606808277722],[2.4580568455383887,48.71470993552434],[2.456195804512493,48.71790483233337],[2.457557558224017,48.71844181331164],[2.454639343134049,48.71996454277926],[2.456510609520011,48.71977886520887],[2.4577883959096,48.71978568870339],[2.458037900590427,48.71981990457106],[2.4584920971883792,48.71991737267836],[2.4586237020541732,48.7199720807741],[2.4642510625232927,48.7201617860431]]],"rewind":true}},{"type":"Feature","properties":{"depname":"Val-de-Marne","bvonum":"0004","comcode":94078,"cancode":9406,"bvocode":"94078_4","cirname":"3ème circonscription","exp":619,"depcode":94,"cannum":24,"canname":"Choisy-le-Roi","comname":"Villeneuve-Saint-Georges","ins":864,"Art":1,"Mel":250,"Rou":13,"Mac":147,"Las":8,"vot":626,"circode":9403,"Lep":106,"Pec":23,"Zem":33,"Hid":9,"Jad":14,"Pou":5,"Dup":10,"top":"Mélenchon","area_error":-0.161205},"geometry":{"type":"Polygon","coordinates":[[[2.45381123021444,48.733368382203984],[2.4615333538241373,48.73566179960203],[2.46243047496869,48.73259045103615],[2.45459235855565,48.729964266750386],[2.45381123021444,48.733368382203984]]],"rewind":true}},{"type":"Feature","properties":{"depname":"Val-de-Marne","bvonum":"0005","comcode":94078,"cancode":9406,"bvocode":"94078_5","cirname":"3ème circonscription","exp":722,"depcode":94,"cannum":24,"canname":"Choisy-le-Roi","comname":"Villeneuve-Saint-Georges","ins":958,"Art":5,"Mel":323,"Rou":10,"Mac":150,"Las":4,"vot":729,"circode":9403,"Lep":115,"Pec":28,"Zem":32,"Hid":6,"Jad":21,"Pou":4,"Dup":24,"top":"Mélenchon","area_error":-0.0017},"geometry":{"type":"Polygon","coordinates":[[[2.4642510625232927,48.7201617860431],[2.46998163828973,48.72353042649002],[2.4749505920119934,48.72462376543343],[2.4755155849001578,48.72465513583427],[2.479617789147376,48.72320810282397],[2.4733841621786286,48.721466140869815],[2.4722406808781354,48.720056114459375],[2.4660063330302715,48.719465828621374],[2.4642510625232927,48.7201617860431]]],"rewind":true}},{"type":"Feature","properties":{"depname":"Val-de-Marne","bvonum":"0006","comcode":94078,"cancode":9406,"bvocode":"94078_6","cirname":"3ème circonscription","exp":606,"depcode":94,"cannum":24,"canname":"Choisy-le-Roi","comname":"Villeneuve-Saint-Georges","ins":815,"Art":6,"Mel":294,"Rou":15,"Mac":96,"Las":15,"vot":617,"circode":9403,"Lep":102,"Pec":16,"Zem":21,"Hid":12,"Jad":15,"Pou":2,"Dup":12,"top":"Mélenchon","area_error":0.018674},"geometry":{"type":"Polygon","coordinates":[[[2.4755155849001578,48.72465513583427],[2.4749505920119934,48.72462376543343],[2.471896263729097,48.726159995464634],[2.474499131583266,48.72711337537523],[2.474536397458615,48.72711725481727],[2.4751215794175483,48.727150903790374],[2.475767412505706,48.72705243493817],[2.4777484203549034,48.7269645839424],[2.478016386411809,48.72692794457769],[2.4786511033016585,48.72678527518535],[2.47881770623134,48.7267674369393],[2.480101260750179,48.72669307062397],[2.480497664551108,48.72694702790478],[2.4812698402547375,48.72742142760896],[2.48166486428862,48.727767324668854],[2.482101179222676,48.72822196089344],[2.48224428969304,48.72841936848188],[2.4824734747545136,48.72862253888419],[2.4827024755177507,48.72876557842588],[2.48310588466181,48.7289777780392],[2.4835027643526986,48.7291237881251],[2.4839908555597785,48.729228537116285],[2.4842362052307965,48.72910845428381],[2.4856546865707747,48.72853449686694],[2.485964198950903,48.72841304184609],[2.4870838123268224,48.72805380194919],[2.4874398490419454,48.728147419497226],[2.488383954526529,48.72790021228978],[2.490222469040535,48.727450602106124],[2.492071940718222,48.72787394595937],[2.49198962456782,48.72773779649375],[2.4755155849001578,48.72465513583427]]],"rewind":true}},{"type":"Feature","properties":{"depname":"Val-de-Marne","bvonum":"0007","comcode":94078,"cancode":9406,"bvocode":"94078_7","cirname":"3ème circonscription","exp":650,"depcode":94,"cannum":24,"canname":"Choisy-le-Roi","comname":"Villeneuve-Saint-Georges","ins":984,"Art":4,"Mel":340,"Rou":14,"Mac":118,"Las":6,"vot":666,"circode":9403,"Lep":100,"Pec":10,"Zem":25,"Hid":7,"Jad":13,"Pou":2,"Dup":11,"top":"Mélenchon","area_error":-0.011635},"geometry":{"type":"Polygon","coordinates":[[[2.4755155849001578,48.72465513583427],[2.49198962456782,48.72773779649375],[2.491394951570575,48.72702246150265],[2.49146848998493,48.726725929425626],[2.491497144243677,48.72642777264007],[2.4914496504657966,48.72632244729216],[2.491141479890721,48.72619394930635],[2.490466880131969,48.725952233882076],[2.4900292585071635,48.72579907983652],[2.489710865886439,48.7256392906471],[2.48954867918462,48.72549394285057],[2.4889744166367525,48.724714213909266],[2.4880094315780683,48.72380715501565],[2.48275304575544,48.72285584809369],[2.479617789147376,48.72320810282397],[2.4755155849001578,48.72465513583427]]],"rewind":true}},{"type":"Feature","properties":{"depname":"Val-de-Marne","bvonum":"0008","comcode":94078,"cancode":9406,"bvocode":"94078_8","cirname":"3ème circonscription","exp":389,"depcode":94,"cannum":24,"canname":"Choisy-le-Roi","comname":"Villeneuve-Saint-Georges","ins":540,"Art":2,"Mel":201,"Rou":7,"Mac":76,"Las":4,"vot":395,"circode":9403,"Lep":66,"Pec":12,"Zem":6,"Hid":2,"Jad":7,"Pou":0,"Dup":6,"top":"Mélenchon","area_error":0.05051},"geometry":{"type":"Polygon","coordinates":[[[2.45381123021444,48.733368382203984],[2.45459235855565,48.729964266750386],[2.4538165034423445,48.72841352997302],[2.45346893448302,48.72870651609802],[2.453309172429292,48.72883307600718],[2.4529761632752374,48.729137117956526],[2.4527956587525988,48.72927392241487],[2.4523954502175647,48.72955955546604],[2.4520728716108224,48.729748402261016],[2.4516717952775267,48.729925695908],[2.4512532967914558,48.73007768604391],[2.4508231546053607,48.73019503873414],[2.4498468113221654,48.73038151864505],[2.449273846321417,48.73046744017533],[2.4489542254866308,48.73051175102633],[2.448599466921835,48.730569818111114],[2.44804202832706,48.73063765069374],[2.4490994163881963,48.7311955141455],[2.4490013539392144,48.73136613173963],[2.4487995190741456,48.73153865333916],[2.448558045894879,48.73168418062793],[2.45016267406607,48.7323812765194],[2.449339002299586,48.73317440762108],[2.448498187929588,48.73383233142855],[2.4505300368110023,48.733372042900555],[2.452582539394642,48.734903058106966],[2.45381123021444,48.733368382203984]]],"rewind":true}},{"type":"Feature","properties":{"depname":"Val-de-Marne","bvonum":"0009","comcode":94078,"cancode":9421,"bvocode":"94078_9","cirname":"3ème circonscription","exp":492,"depcode":94,"cannum":6,"canname":"Villeneuve-Saint-Georges","comname":"Villeneuve-Saint-Georges","ins":729,"Art":4,"Mel":241,"Rou":5,"Mac":104,"Las":4,"vot":500,"circode":9403,"Lep":70,"Pec":9,"Zem":28,"Hid":4,"Jad":12,"Pou":2,"Dup":9,"top":"Mélenchon","area_error":-0.033356},"geometry":{"type":"Polygon","coordinates":[[[2.471896263729097,48.726159995464634],[2.470692743391321,48.7261870577754],[2.468644237697231,48.728244617641124],[2.477735419346242,48.73310760498364],[2.478001800568832,48.73305029993887],[2.4793976045945336,48.73267064089622],[2.478932279797734,48.73243320138586],[2.4781640683423922,48.7320138782844],[2.4779272992800934,48.73182717530583],[2.4764795004970757,48.73056177072486],[2.476389784816578,48.73044218394981],[2.476281586688864,48.7300048160429],[2.4761303341205507,48.72964494168966],[2.475951462594991,48.72938549642405],[2.4754767348688644,48.728929959715124],[2.4749152798353125,48.728406950168754],[2.474424240845068,48.7279691119061],[2.4742000344602544,48.7277021285745],[2.4740622450844514,48.72749899579702],[2.4737459092033154,48.727033874011745],[2.47403489957571,48.727065257615756],[2.474499131583266,48.72711337537523],[2.471896263729097,48.726159995464634]]],"rewind":true}},{"type":"Feature","properties":{"depname":"Val-de-Marne","bvonum":"0001","comcode":94079,"cancode":9422,"bvocode":"94079_1","cirname":"4ème circonscription","exp":704,"depcode":94,"cannum":21,"canname":"Villiers-sur-Marne","comname":"Villiers-sur-Marne","ins":957,"Art":3,"Mel":242,"Rou":18,"Mac":172,"Las":9,"vot":723,"circode":9404,"Lep":112,"Pec":31,"Zem":45,"Hid":8,"Jad":42,"Pou":5,"Dup":17,"top":"Mélenchon","area_error":0.0065},"geometry":{"type":"Polygon","coordinates":[[[2.55190034945189,48.8111751555924],[2.5533366836735647,48.81423602283894],[2.5551307484063024,48.81534941900236],[2.5597497674701684,48.8132777406447],[2.5577750618992114,48.80740356363753],[2.557659852090429,48.8073713074867],[2.55190034945189,48.8111751555924]]],"rewind":true}},{"type":"Feature","properties":{"depname":"Val-de-Marne","bvonum":"0010","comcode":94079,"cancode":9422,"bvocode":"94079_10","cirname":"4ème circonscription","exp":585,"depcode":94,"cannum":21,"canname":"Villiers-sur-Marne","comname":"Villiers-sur-Marne","ins":792,"Art":2,"Mel":149,"Rou":16,"Mac":146,"Las":11,"vot":604,"circode":9404,"Lep":124,"Pec":34,"Zem":28,"Hid":8,"Jad":53,"Pou":5,"Dup":9,"top":"Mélenchon","area_error":0.054599},"geometry":{"type":"Polygon","coordinates":[[[2.5661197372126767,48.809530852323775],[2.571178639798898,48.811604288780245],[2.5725066562323042,48.80859313681605],[2.5724153613447553,48.8084099660095],[2.569845254557117,48.80454286854603],[2.5672745548473586,48.80532339576613],[2.56529368796537,48.806966149097654],[2.5661197372126767,48.809530852323775]]],"rewind":true}},{"type":"Feature","properties":{"depname":"Val-de-Marne","bvonum":"0011","comcode":94079,"cancode":9422,"bvocode":"94079_11","cirname":"4ème circonscription","exp":551,"depcode":94,"cannum":21,"canname":"Villiers-sur-Marne","comname":"Villiers-sur-Marne","ins":696,"Art":1,"Mel":124,"Rou":8,"Mac":192,"Las":13,"vot":554,"circode":9404,"Lep":72,"Pec":44,"Zem":42,"Hid":7,"Jad":38,"Pou":3,"Dup":7,"top":"Macron","area_error":0.114887},"geometry":{"type":"Polygon","coordinates":[[[2.5724153613447553,48.8084099660095],[2.5725066562323042,48.80859313681605],[2.57821451754418,48.805400725683164],[2.579343877304061,48.80394148913026],[2.5772777270265017,48.79779434772317],[2.5769822272276,48.79844492603637],[2.576840096172332,48.79882303138121],[2.5766638312131276,48.79918099457519],[2.57657999616629,48.79927621844362],[2.5724153613447553,48.8084099660095]]],"rewind":true}},{"type":"Feature","properties":{"depname":"Val-de-Marne","bvonum":"0012","comcode":94079,"cancode":9422,"bvocode":"94079_12","cirname":"4ème circonscription","exp":624,"depcode":94,"cannum":21,"canname":"Villiers-sur-Marne","comname":"Villiers-sur-Marne","ins":803,"Art":3,"Mel":101,"Rou":12,"Mac":223,"Las":5,"vot":641,"circode":9404,"Lep":92,"Pec":66,"Zem":50,"Hid":9,"Jad":49,"Pou":3,"Dup":11,"top":"Macron","area_error":-0.149628},"geometry":{"type":"Polygon","coordinates":[[[2.569845254557117,48.80454286854603],[2.5724153613447553,48.8084099660095],[2.57657999616629,48.79927621844362],[2.5765238421916927,48.79933581756263],[2.5763480241539978,48.79935147968246],[2.5760220074378313,48.799438709880214],[2.575708869180928,48.7996127801064],[2.5753222310703747,48.79973059433467],[2.5752098055291435,48.799798182723464],[2.57497996377018,48.79981906032995],[2.574563177221961,48.79975201299179],[2.574303763500263,48.799781458279845],[2.573875146191748,48.80013187874162],[2.5734386909149567,48.80072013179638],[2.5732364428785175,48.800920623681],[2.5728197157945156,48.80120621885907],[2.572412853691143,48.80159521175958],[2.5721704107100445,48.801843030102845],[2.5715708566537665,48.802748711883844],[2.571289139358211,48.80216835609468],[2.5708846304389033,48.80164342338454],[2.569845254557117,48.80454286854603]]],"rewind":true}},{"type":"Feature","properties":{"depname":"Val-de-Marne","bvonum":"0013","comcode":94079,"cancode":9422,"bvocode":"94079_13","cirname":"4ème circonscription","exp":683,"depcode":94,"cannum":21,"canname":"Villiers-sur-Marne","comname":"Villiers-sur-Marne","ins":904,"Art":3,"Mel":185,"Rou":25,"Mac":211,"Las":13,"vot":703,"circode":9404,"Lep":111,"Pec":38,"Zem":46,"Hid":9,"Jad":26,"Pou":3,"Dup":13,"top":"Macron","area_error":-0.016448},"geometry":{"type":"Polygon","coordinates":[[[2.5672745548473586,48.80532339576613],[2.569845254557117,48.80454286854603],[2.5708846304389033,48.80164342338454],[2.5698029890459555,48.80067785344238],[2.5693638203307043,48.80047574256806],[2.569959376504221,48.799624427075884],[2.5701716465169,48.79924722891355],[2.570825266804469,48.797953740272135],[2.570415583142115,48.7970725835166],[2.57001883740599,48.79748442331174],[2.5699540062778032,48.79751672151017],[2.569428444384939,48.7975345872832],[2.56910283300619,48.79734739734551],[2.5689867845270125,48.797458511472634],[2.5676383214806693,48.796671286637455],[2.5672424756637064,48.79694115268701],[2.5666819227082946,48.797339702888785],[2.566464098498362,48.797444679827436],[2.5661522511676225,48.79751396908863],[2.565557492702286,48.79773875090978],[2.565283591900579,48.79785477946195],[2.5648012018694724,48.7980542551411],[2.5672745548473586,48.80532339576613]]],"rewind":true}},{"type":"Feature","properties":{"depname":"Val-de-Marne","bvonum":"0014","comcode":94079,"cancode":9422,"bvocode":"94079_14","cirname":"4ème circonscription","exp":548,"depcode":94,"cannum":21,"canname":"Villiers-sur-Marne","comname":"Villiers-sur-Marne","ins":762,"Art":1,"Mel":160,"Rou":14,"Mac":151,"Las":10,"vot":558,"circode":9404,"Lep":95,"Pec":30,"Zem":41,"Hid":7,"Jad":25,"Pou":7,"Dup":7,"top":"Mélenchon","area_error":-0.006782},"geometry":{"type":"Polygon","coordinates":[[[2.563775484752023,48.80659073460003],[2.56529368796537,48.806966149097654],[2.5672745548473586,48.80532339576613],[2.5648012018694724,48.7980542551411],[2.5646872040339166,48.79809811789187],[2.56355010085364,48.7984922040433],[2.563274363555348,48.79865259184077],[2.563010282240646,48.798920670050975],[2.5626359966212755,48.799495711064075],[2.562319452409288,48.80034805784702],[2.562206104092567,48.80050791958254],[2.561890970683949,48.80076183638846],[2.56180163230782,48.800807326322335],[2.563775484752023,48.80659073460003]]],"rewind":true}},{"type":"Feature","properties":{"depname":"Val-de-Marne","bvonum":"0015","comcode":94079,"cancode":9422,"bvocode":"94079_15","cirname":"4ème circonscription","exp":604,"depcode":94,"cannum":21,"canname":"Villiers-sur-Marne","comname":"Villiers-sur-Marne","ins":809,"Art":2,"Mel":172,"Rou":19,"Mac":174,"Las":10,"vot":623,"circode":9404,"Lep":83,"Pec":31,"Zem":30,"Hid":15,"Jad":54,"Pou":6,"Dup":8,"top":"Macron","area_error":0.032622},"geometry":{"type":"Polygon","coordinates":[[[2.5577750618992114,48.80740356363753],[2.563775484752023,48.80659073460003],[2.56180163230782,48.800807326322335],[2.5612187451737576,48.80107467444193],[2.560898237838387,48.8011807667841],[2.5605559118573042,48.80122872217363],[2.5587424970492028,48.801402810749366],[2.5582717806337616,48.80132102175035],[2.5581276116808613,48.801291844872],[2.5569413603735587,48.80625821636855],[2.557659852090429,48.8073713074867],[2.5577750618992114,48.80740356363753]]],"rewind":true}},{"type":"Feature","properties":{"depname":"Val-de-Marne","bvonum":"0016","comcode":94079,"cancode":9422,"bvocode":"94079_16","cirname":"4ème circonscription","exp":856,"depcode":94,"cannum":21,"canname":"Villiers-sur-Marne","comname":"Villiers-sur-Marne","ins":1124,"Art":2,"Mel":232,"Rou":21,"Mac":296,"Las":20,"vot":875,"circode":9404,"Lep":103,"Pec":53,"Zem":53,"Hid":8,"Jad":54,"Pou":5,"Dup":9,"top":"Macron","area_error":-0.009717},"geometry":{"type":"Polygon","coordinates":[[[2.550055977004868,48.8038157106049],[2.5569413603735587,48.80625821636855],[2.5581276116808613,48.801291844872],[2.5577190379359855,48.8011913346202],[2.5572034678485993,48.80102090214578],[2.557000896192455,48.8009179015806],[2.55598710500442,48.80019317074669],[2.555053180204064,48.8000609226514],[2.5547303575498375,48.799977305832456],[2.5542930669900743,48.799726653319674],[2.5540599730184876,48.799545558062846],[2.5534154926564407,48.7989361980709],[2.553098693911241,48.798690623395615],[2.5520378765791536,48.79790678005099],[2.55169548376956,48.79755982094106],[2.5513610323072617,48.7972309633534],[2.551199992262266,48.79706129052343],[2.5511408365273853,48.79699693554316],[2.550055977004868,48.8038157106049]]],"rewind":true}},{"type":"Feature","properties":{"depname":"Val-de-Marne","bvonum":"0017","comcode":94079,"cancode":9422,"bvocode":"94079_17","cirname":"4ème circonscription","exp":642,"depcode":94,"cannum":21,"canname":"Villiers-sur-Marne","comname":"Villiers-sur-Marne","ins":856,"Art":6,"Mel":177,"Rou":18,"Mac":193,"Las":10,"vot":659,"circode":9404,"Lep":86,"Pec":36,"Zem":40,"Hid":13,"Jad":43,"Pou":8,"Dup":12,"top":"Macron","area_error":-0.024626},"geometry":{"type":"MultiPolygon","coordinates":[[[[2.544927014445903,48.79869209786958],[2.5449037299064186,48.79857889785563],[2.544855264874154,48.79858156186627],[2.544927014445903,48.79869209786958]]],[[[2.5477824547185,48.804982508342576],[2.550055977004868,48.8038157106049],[2.5511408365273853,48.79699693554316],[2.5510947888034954,48.796946801427254],[2.5498379317942708,48.79606313881225],[2.5492477562019054,48.79548988799388],[2.5490456819931158,48.79601572499897],[2.548980341005041,48.7961836530372],[2.548694729082496,48.797001017922],[2.548178570815785,48.796598528484786],[2.548094647884767,48.79660971645707],[2.547986917759775,48.79686412496408],[2.5477304610571725,48.79741129088043],[2.547559405166635,48.79772574057557],[2.547311068987824,48.79806082310298],[2.5469890153185184,48.7984713920594],[2.5468620381091753,48.7985865478852],[2.5464378834464445,48.7987853549759],[2.545890968870943,48.79946322879455],[2.5456974350446866,48.79908351088522],[2.545294051975332,48.798980555252356],[2.545023546448656,48.79884021672651],[2.5477824547185,48.804982508342576]]]],"rewind":true}},{"type":"Feature","properties":{"depname":"Val-de-Marne","bvonum":"0018","comcode":94079,"cancode":9422,"bvocode":"94079_18","cirname":"4ème circonscription","exp":681,"depcode":94,"cannum":21,"canname":"Villiers-sur-Marne","comname":"Villiers-sur-Marne","ins":960,"Art":4,"Mel":218,"Rou":17,"Mac":182,"Las":10,"vot":689,"circode":9404,"Lep":102,"Pec":36,"Zem":64,"Hid":7,"Jad":30,"Pou":6,"Dup":5,"top":"Mélenchon","area_error":0.016001},"geometry":{"type":"Polygon","coordinates":[[[2.54790671611448,48.8086003807489],[2.5477824547185,48.804982508342576],[2.545023546448656,48.79884021672651],[2.545015705183017,48.798837133117836],[2.5449375953199413,48.79874395532973],[2.544927014445903,48.79869209786958],[2.544855264874154,48.79858156186627],[2.5444452773818362,48.79870261961724],[2.544445923258976,48.79887625117967],[2.5440725278466916,48.79918156043726],[2.5443183328029426,48.80142140105929],[2.544333481111865,48.8031708785017],[2.544101288147915,48.804226340267356],[2.5440229082401893,48.804355328212914],[2.543497495423645,48.8044445385134],[2.5432531050174134,48.80538964756816],[2.54316733483126,48.80688823957834],[2.543092187002731,48.80738434800146],[2.543503195325329,48.80754030791623],[2.5438584298955664,48.8099583025074],[2.5445706364654024,48.81053558286843],[2.54506600424577,48.81111079986241],[2.545232066116634,48.81131223418527],[2.54790671611448,48.8086003807489]]],"rewind":true}},{"type":"Feature","properties":{"depname":"Val-de-Marne","bvonum":"0002","comcode":94079,"cancode":9422,"bvocode":"94079_2","cirname":"4ème circonscription","exp":831,"depcode":94,"cannum":21,"canname":"Villiers-sur-Marne","comname":"Villiers-sur-Marne","ins":1081,"Art":4,"Mel":264,"Rou":23,"Mac":245,"Las":15,"vot":843,"circode":9404,"Lep":103,"Pec":48,"Zem":51,"Hid":12,"Jad":49,"Pou":7,"Dup":10,"top":"Mélenchon","area_error":-0.020674},"geometry":{"type":"Polygon","coordinates":[[[2.5597497674701684,48.8132777406447],[2.562826615713708,48.81330082606301],[2.5661197372126767,48.809530852323775],[2.56529368796537,48.806966149097654],[2.563775484752023,48.80659073460003],[2.5577750618992114,48.80740356363753],[2.5597497674701684,48.8132777406447]]],"rewind":true}},{"type":"Feature","properties":{"depname":"Val-de-Marne","bvonum":"0003","comcode":94079,"cancode":9422,"bvocode":"94079_3","cirname":"4ème circonscription","exp":914,"depcode":94,"cannum":21,"canname":"Villiers-sur-Marne","comname":"Villiers-sur-Marne","ins":1182,"Art":4,"Mel":271,"Rou":16,"Mac":259,"Las":19,"vot":933,"circode":9404,"Lep":125,"Pec":69,"Zem":64,"Hid":20,"Jad":47,"Pou":4,"Dup":16,"top":"Mélenchon","area_error":-0.006495},"geometry":{"type":"Polygon","coordinates":[[[2.54790671611448,48.8086003807489],[2.55190034945189,48.8111751555924],[2.557659852090429,48.8073713074867],[2.5569413603735587,48.80625821636855],[2.550055977004868,48.8038157106049],[2.5477824547185,48.804982508342576],[2.54790671611448,48.8086003807489]]],"rewind":true}},{"type":"Feature","properties":{"depname":"Val-de-Marne","bvonum":"0004","comcode":94079,"cancode":9422,"bvocode":"94079_4","cirname":"4ème circonscription","exp":672,"depcode":94,"cannum":21,"canname":"Villiers-sur-Marne","comname":"Villiers-sur-Marne","ins":880,"Art":7,"Mel":171,"Rou":16,"Mac":217,"Las":13,"vot":686,"circode":9404,"Lep":101,"Pec":39,"Zem":57,"Hid":3,"Jad":37,"Pou":4,"Dup":7,"top":"Macron","area_error":0.012984},"geometry":{"type":"Polygon","coordinates":[[[2.545232066116634,48.81131223418527],[2.546057449818695,48.81233887661946],[2.5465366832855088,48.8155980159983],[2.5533366836735647,48.81423602283894],[2.55190034945189,48.8111751555924],[2.54790671611448,48.8086003807489],[2.545232066116634,48.81131223418527]]],"rewind":true}},{"type":"Feature","properties":{"depname":"Val-de-Marne","bvonum":"0005","comcode":94079,"cancode":9422,"bvocode":"94079_5","cirname":"4ème circonscription","exp":824,"depcode":94,"cannum":21,"canname":"Villiers-sur-Marne","comname":"Villiers-sur-Marne","ins":1206,"Art":1,"Mel":513,"Rou":8,"Mac":147,"Las":11,"vot":847,"circode":9404,"Lep":72,"Pec":19,"Zem":22,"Hid":7,"Jad":10,"Pou":6,"Dup":8,"top":"Mélenchon","area_error":-0.033948},"geometry":{"type":"Polygon","coordinates":[[[2.5465366832855088,48.8155980159983],[2.5466681824843045,48.81650368832776],[2.54643695534129,48.816437084522036],[2.546772075124652,48.81820332729773],[2.547284726398618,48.819474429069714],[2.55404813574085,48.82063159581998],[2.5557823361774443,48.8175656388943],[2.5551307484063024,48.81534941900236],[2.5533366836735647,48.81423602283894],[2.5465366832855088,48.8155980159983]]],"rewind":true}},{"type":"Feature","properties":{"depname":"Val-de-Marne","bvonum":"0006","comcode":94079,"cancode":9422,"bvocode":"94079_6","cirname":"4ème circonscription","exp":564,"depcode":94,"cannum":21,"canname":"Villiers-sur-Marne","comname":"Villiers-sur-Marne","ins":832,"Art":5,"Mel":365,"Rou":5,"Mac":89,"Las":1,"vot":577,"circode":9404,"Lep":54,"Pec":10,"Zem":17,"Hid":3,"Jad":7,"Pou":5,"Dup":3,"top":"Mélenchon","area_error":0.036056},"geometry":{"type":"Polygon","coordinates":[[[2.55404813574085,48.82063159581998],[2.547284726398618,48.819474429069714],[2.548813607361207,48.821564326160086],[2.5484008022247613,48.82177334337727],[2.548140100368239,48.82209785687425],[2.547749974343896,48.82267387039971],[2.551037634110518,48.82544998175377],[2.55091155337642,48.825673928739825],[2.550579860389347,48.8263743077112],[2.5504991325231616,48.82658572102352],[2.5514770131085633,48.82692106947428],[2.5551963813565712,48.8237814649669],[2.55404813574085,48.82063159581998]]],"rewind":true}},{"type":"Feature","properties":{"depname":"Val-de-Marne","bvonum":"0007","comcode":94079,"cancode":9422,"bvocode":"94079_7","cirname":"4ème circonscription","exp":698,"depcode":94,"cannum":21,"canname":"Villiers-sur-Marne","comname":"Villiers-sur-Marne","ins":1002,"Art":10,"Mel":377,"Rou":13,"Mac":133,"Las":8,"vot":710,"circode":9404,"Lep":82,"Pec":11,"Zem":27,"Hid":8,"Jad":15,"Pou":3,"Dup":11,"top":"Mélenchon","area_error":-0.017034},"geometry":{"type":"Polygon","coordinates":[[[2.564137370237217,48.81919226010236],[2.5557823361774443,48.8175656388943],[2.55404813574085,48.82063159581998],[2.5551963813565712,48.8237814649669],[2.5587979993825614,48.82180025305236],[2.5620871480772345,48.8223913227102],[2.56440721610708,48.81958150006755],[2.564137370237217,48.81919226010236]]],"rewind":true}},{"type":"Feature","properties":{"depname":"Val-de-Marne","bvonum":"0008","comcode":94079,"cancode":9422,"bvocode":"94079_8","cirname":"4ème circonscription","exp":852,"depcode":94,"cannum":21,"canname":"Villiers-sur-Marne","comname":"Villiers-sur-Marne","ins":1081,"Art":4,"Mel":306,"Rou":13,"Mac":263,"Las":12,"vot":873,"circode":9404,"Lep":96,"Pec":45,"Zem":39,"Hid":12,"Jad":42,"Pou":3,"Dup":17,"top":"Mélenchon","area_error":-0.02507},"geometry":{"type":"Polygon","coordinates":[[[2.5661197372126767,48.809530852323775],[2.562826615713708,48.81330082606301],[2.564137370237217,48.81919226010236],[2.56440721610708,48.81958150006755],[2.568922450375134,48.81384122738183],[2.571178639798898,48.811604288780245],[2.5661197372126767,48.809530852323775]]],"rewind":true}},{"type":"Feature","properties":{"depname":"Val-de-Marne","bvonum":"0009","comcode":94079,"cancode":9422,"bvocode":"94079_9","cirname":"4ème circonscription","exp":722,"depcode":94,"cannum":21,"canname":"Villiers-sur-Marne","comname":"Villiers-sur-Marne","ins":934,"Art":3,"Mel":235,"Rou":16,"Mac":203,"Las":8,"vot":740,"circode":9404,"Lep":94,"Pec":41,"Zem":51,"Hid":8,"Jad":40,"Pou":6,"Dup":17,"top":"Mélenchon","area_error":0.024397},"geometry":{"type":"Polygon","coordinates":[[[2.5557823361774443,48.8175656388943],[2.564137370237217,48.81919226010236],[2.562826615713708,48.81330082606301],[2.5597497674701684,48.8132777406447],[2.5551307484063024,48.81534941900236],[2.5557823361774443,48.8175656388943]]],"rewind":true}},{"type":"Feature","properties":{"depname":"Val-de-Marne","bvonum":"0001","comcode":94080,"cancode":9423,"bvocode":"94080_1","cirname":"6ème circonscription","exp":917,"depcode":94,"cannum":1,"canname":"Vincennes","comname":"Vincennes","ins":1127,"Art":0,"Mel":124,"Rou":5,"Mac":406,"Las":9,"vot":932,"circode":9406,"Lep":38,"Pec":109,"Zem":125,"Hid":16,"Jad":74,"Pou":1,"Dup":10,"top":"Macron","area_error":-0.017183},"geometry":{"type":"Polygon","coordinates":[[[2.4489538339434507,48.8437707926886],[2.450124137229414,48.84668955837434],[2.45522651953526,48.84298445489535],[2.457065663490165,48.84068251002993],[2.4588946154427385,48.836637971427386],[2.4504924096508622,48.84025997035782],[2.4489538339434507,48.8437707926886]]],"rewind":true}},{"type":"Feature","properties":{"depname":"Val-de-Marne","bvonum":"0010","comcode":94080,"cancode":9423,"bvocode":"94080_10","cirname":"6ème circonscription","exp":978,"depcode":94,"cannum":1,"canname":"Vincennes","comname":"Vincennes","ins":1199,"Art":5,"Mel":234,"Rou":18,"Mac":364,"Las":9,"vot":1003,"circode":9406,"Lep":60,"Pec":80,"Zem":80,"Hid":18,"Jad":91,"Pou":7,"Dup":12,"top":"Macron","area_error":0.0116},"geometry":{"type":"Polygon","coordinates":[[[2.450866361070767,48.85470720388398],[2.45404088967452,48.85535989964606],[2.4541768068202647,48.854514485619916],[2.45522651953526,48.84298445489535],[2.450124137229414,48.84668955837434],[2.4497532818908,48.851881894031614],[2.450866361070767,48.85470720388398]]],"rewind":true}},{"type":"Feature","properties":{"depname":"Val-de-Marne","bvonum":"0011","comcode":94080,"cancode":9409,"bvocode":"94080_11","cirname":"6ème circonscription","exp":786,"depcode":94,"cannum":18,"canname":"Fontenay-sous-Bois","comname":"Vincennes","ins":1032,"Art":7,"Mel":234,"Rou":13,"Mac":241,"Las":20,"vot":798,"circode":9406,"Lep":98,"Pec":37,"Zem":51,"Hid":13,"Jad":55,"Pou":4,"Dup":13,"top":"Macron","area_error":-0.019287},"geometry":{"type":"Polygon","coordinates":[[[2.45522651953526,48.84298445489535],[2.4541768068202647,48.854514485619916],[2.4582137318204977,48.85119449362038],[2.4588803610856114,48.84764228877266],[2.457065663490165,48.84068251002993],[2.45522651953526,48.84298445489535]]],"rewind":true}},{"type":"Feature","properties":{"depname":"Val-de-Marne","bvonum":"0012","comcode":94080,"cancode":9409,"bvocode":"94080_12","cirname":"6ème circonscription","exp":818,"depcode":94,"cannum":18,"canname":"Fontenay-sous-Bois","comname":"Vincennes","ins":1018,"Art":4,"Mel":171,"Rou":12,"Mac":309,"Las":11,"vot":830,"circode":9406,"Lep":66,"Pec":85,"Zem":64,"Hid":18,"Jad":67,"Pou":3,"Dup":8,"top":"Macron","area_error":0.013914},"geometry":{"type":"Polygon","coordinates":[[[2.457065663490165,48.84068251002993],[2.4588803610856114,48.84764228877266],[2.462056214029497,48.84681526767172],[2.4620693378004317,48.846686102820016],[2.4632892455715636,48.83974290454387],[2.463418371011245,48.8394727632811],[2.463074741248545,48.83956474433811],[2.46151954799507,48.8401237482025],[2.46035621391312,48.84056617838795],[2.459119726094319,48.84113299162083],[2.459434058904292,48.840111261789424],[2.4595505426567867,48.83928810346142],[2.4596449271129277,48.83916420994403],[2.4596290170740858,48.8384328270214],[2.459830468226945,48.83748064718548],[2.459921019660891,48.8365100169704],[2.4588946154427385,48.836637971427386],[2.457065663490165,48.84068251002993]]],"rewind":true}},{"type":"Feature","properties":{"depname":"Val-de-Marne","bvonum":"0013","comcode":94080,"cancode":9409,"bvocode":"94080_13","cirname":"6ème circonscription","exp":816,"depcode":94,"cannum":18,"canname":"Fontenay-sous-Bois","comname":"Vincennes","ins":1013,"Art":0,"Mel":214,"Rou":16,"Mac":262,"Las":17,"vot":837,"circode":9406,"Lep":66,"Pec":60,"Zem":79,"Hid":22,"Jad":62,"Pou":3,"Dup":15,"top":"Macron","area_error":0.044972},"geometry":{"type":"Polygon","coordinates":[[[2.4620693378004317,48.846686102820016],[2.462056214029497,48.84681526767172],[2.4639167655493157,48.85677225923686],[2.4643428768806244,48.85638396831633],[2.4643256174417445,48.85629510035211],[2.4648781141378713,48.85582493084212],[2.4649193505154314,48.85572791378866],[2.467051329367458,48.85366579715736],[2.467121869356995,48.85382058327508],[2.4676179333742625,48.85336967584053],[2.4678570550843126,48.853188556090245],[2.468124096006821,48.852997585108085],[2.4684461334502283,48.8527759769525],[2.468509920847007,48.853040085396934],[2.4694751890185667,48.85195359684624],[2.469618368194269,48.8515221831709],[2.46964750206958,48.851446081280336],[2.469666392512585,48.85035773528534],[2.4696344492792175,48.84997007036082],[2.4620693378004317,48.846686102820016]]],"rewind":true}},{"type":"Feature","properties":{"depname":"Val-de-Marne","bvonum":"0014","comcode":94080,"cancode":9409,"bvocode":"94080_14","cirname":"6ème circonscription","exp":837,"depcode":94,"cannum":18,"canname":"Fontenay-sous-Bois","comname":"Vincennes","ins":1060,"Art":9,"Mel":250,"Rou":21,"Mac":308,"Las":10,"vot":853,"circode":9406,"Lep":69,"Pec":43,"Zem":64,"Hid":11,"Jad":39,"Pou":1,"Dup":12,"top":"Macron","area_error":0.047057},"geometry":{"type":"Polygon","coordinates":[[[2.4696344492792175,48.84997007036082],[2.469590925764932,48.849517126186946],[2.4699154671616426,48.849375831155086],[2.4698563913783143,48.848499930489474],[2.4698610175441167,48.84802042221437],[2.469812534795095,48.84706887287516],[2.469786750239813,48.84666629787823],[2.4697708497559363,48.846344208050525],[2.4697570246640055,48.84605903561708],[2.4632892455715636,48.83974290454387],[2.4620693378004317,48.846686102820016],[2.4696344492792175,48.84997007036082]]],"rewind":true}},{"type":"Feature","properties":{"depname":"Val-de-Marne","bvonum":"0015","comcode":94080,"cancode":9409,"bvocode":"94080_15","cirname":"6ème circonscription","exp":735,"depcode":94,"cannum":18,"canname":"Fontenay-sous-Bois","comname":"Vincennes","ins":900,"Art":1,"Mel":190,"Rou":11,"Mac":252,"Las":15,"vot":743,"circode":9406,"Lep":43,"Pec":58,"Zem":48,"Hid":17,"Jad":77,"Pou":9,"Dup":14,"top":"Macron","area_error":-0.032626},"geometry":{"type":"Polygon","coordinates":[[[2.4582137318204977,48.85119449362038],[2.46313913301529,48.8574749577692],[2.4631686320181334,48.8574516034581],[2.46375275723771,48.85691858914675],[2.4639167655493157,48.85677225923686],[2.462056214029497,48.84681526767172],[2.4588803610856114,48.84764228877266],[2.4582137318204977,48.85119449362038]]],"rewind":true}},{"type":"Feature","properties":{"depname":"Val-de-Marne","bvonum":"0016","comcode":94080,"cancode":9423,"bvocode":"94080_16","cirname":"6ème circonscription","exp":753,"depcode":94,"cannum":1,"canname":"Vincennes","comname":"Vincennes","ins":902,"Art":1,"Mel":185,"Rou":12,"Mac":283,"Las":9,"vot":760,"circode":9406,"Lep":38,"Pec":57,"Zem":62,"Hid":18,"Jad":73,"Pou":5,"Dup":10,"top":"Macron","area_error":0.001918},"geometry":{"type":"Polygon","coordinates":[[[2.4399321935466345,48.8536474110397],[2.4442756035962163,48.8516636588551],[2.446679505470498,48.84578209213568],[2.444381260412929,48.84427806911118],[2.4414196210079115,48.847105012777185],[2.4395665038014407,48.85270195260627],[2.4399321935466345,48.8536474110397]]],"rewind":true}},{"type":"Feature","properties":{"depname":"Val-de-Marne","bvonum":"0017","comcode":94080,"cancode":9423,"bvocode":"94080_17","cirname":"6ème circonscription","exp":774,"depcode":94,"cannum":1,"canname":"Vincennes","comname":"Vincennes","ins":947,"Art":3,"Mel":172,"Rou":15,"Mac":283,"Las":11,"vot":788,"circode":9406,"Lep":51,"Pec":50,"Zem":67,"Hid":21,"Jad":87,"Pou":3,"Dup":11,"top":"Macron","area_error":0.003536},"geometry":{"type":"Polygon","coordinates":[[[2.4414196210079115,48.847105012777185],[2.444381260412929,48.84427806911118],[2.446240248086456,48.83623019890446],[2.43855402301521,48.842825655840365],[2.4384814823414156,48.8431035011909],[2.4414196210079115,48.847105012777185]]],"rewind":true}},{"type":"Feature","properties":{"depname":"Val-de-Marne","bvonum":"0018","comcode":94080,"cancode":9423,"bvocode":"94080_18","cirname":"6ème circonscription","exp":934,"depcode":94,"cannum":1,"canname":"Vincennes","comname":"Vincennes","ins":1113,"Art":1,"Mel":200,"Rou":18,"Mac":417,"Las":9,"vot":952,"circode":9406,"Lep":41,"Pec":66,"Zem":81,"Hid":11,"Jad":80,"Pou":3,"Dup":7,"top":"Macron","area_error":-0.026075},"geometry":{"type":"Polygon","coordinates":[[[2.434617591403729,48.85384970151321],[2.4395665038014407,48.85270195260627],[2.4414196210079115,48.847105012777185],[2.4384814823414156,48.8431035011909],[2.43392363231058,48.85347069559063],[2.434617591403729,48.85384970151321]]],"rewind":true}},{"type":"Feature","properties":{"depname":"Val-de-Marne","bvonum":"0019","comcode":94080,"cancode":9423,"bvocode":"94080_19","cirname":"6ème circonscription","exp":932,"depcode":94,"cannum":1,"canname":"Vincennes","comname":"Vincennes","ins":1122,"Art":2,"Mel":202,"Rou":15,"Mac":419,"Las":17,"vot":944,"circode":9406,"Lep":43,"Pec":47,"Zem":66,"Hid":23,"Jad":82,"Pou":2,"Dup":14,"top":"Macron","area_error":0.039334},"geometry":{"type":"Polygon","coordinates":[[[2.431795830475471,48.85465915913736],[2.43392363231058,48.85347069559063],[2.4384814823414156,48.8431035011909],[2.43855402301521,48.842825655840365],[2.438257724546413,48.84251264873424],[2.4305977645660026,48.8469412617914],[2.431795830475471,48.85465915913736]]],"rewind":true}},{"type":"Feature","properties":{"depname":"Val-de-Marne","bvonum":"0002","comcode":94080,"cancode":9423,"bvocode":"94080_2","cirname":"6ème circonscription","exp":1012,"depcode":94,"cannum":1,"canname":"Vincennes","comname":"Vincennes","ins":1222,"Art":5,"Mel":186,"Rou":7,"Mac":447,"Las":16,"vot":1028,"circode":9406,"Lep":63,"Pec":80,"Zem":92,"Hid":17,"Jad":82,"Pou":3,"Dup":14,"top":"Macron","area_error":-0.018572},"geometry":{"type":"Polygon","coordinates":[[[2.446240248086456,48.83623019890446],[2.444381260412929,48.84427806911118],[2.446679505470498,48.84578209213568],[2.4489538339434507,48.8437707926886],[2.4504924096508622,48.84025997035782],[2.4489192947338414,48.83284867095924],[2.446240248086456,48.83623019890446]]],"rewind":true}},{"type":"Feature","properties":{"depname":"Val-de-Marne","bvonum":"0020","comcode":94080,"cancode":9423,"bvocode":"94080_20","cirname":"6ème circonscription","exp":840,"depcode":94,"cannum":1,"canname":"Vincennes","comname":"Vincennes","ins":1034,"Art":3,"Mel":149,"Rou":12,"Mac":359,"Las":13,"vot":854,"circode":9406,"Lep":30,"Pec":65,"Zem":74,"Hid":22,"Jad":99,"Pou":4,"Dup":10,"top":"Macron","area_error":0.00499},"geometry":{"type":"Polygon","coordinates":[[[2.43532276507802,48.864136992154],[2.4376206983383257,48.862344754632325],[2.4384692906935768,48.860190359605234],[2.4399321935466345,48.8536474110397],[2.4395665038014407,48.85270195260627],[2.434617591403729,48.85384970151321],[2.43532276507802,48.864136992154]]],"rewind":true}},{"type":"Feature","properties":{"depname":"Val-de-Marne","bvonum":"0021","comcode":94080,"cancode":9423,"bvocode":"94080_21","cirname":"6ème circonscription","exp":951,"depcode":94,"cannum":1,"canname":"Vincennes","comname":"Vincennes","ins":1176,"Art":1,"Mel":225,"Rou":13,"Mac":362,"Las":11,"vot":970,"circode":9406,"Lep":57,"Pec":67,"Zem":78,"Hid":17,"Jad":101,"Pou":3,"Dup":16,"top":"Macron","area_error":-0.027023},"geometry":{"type":"Polygon","coordinates":[[[2.434617591403729,48.85384970151321],[2.43392363231058,48.85347069559063],[2.431795830475471,48.85465915913736],[2.4303338320806662,48.8583040619091],[2.4301872684802515,48.859009442284965],[2.4316011328475287,48.86504458599873],[2.43532276507802,48.864136992154],[2.434617591403729,48.85384970151321]]],"rewind":true}},{"type":"Feature","properties":{"depname":"Val-de-Marne","bvonum":"0022","comcode":94080,"cancode":9423,"bvocode":"94080_22","cirname":"6ème circonscription","exp":814,"depcode":94,"cannum":1,"canname":"Vincennes","comname":"Vincennes","ins":1011,"Art":1,"Mel":171,"Rou":20,"Mac":301,"Las":11,"vot":826,"circode":9406,"Lep":58,"Pec":70,"Zem":71,"Hid":17,"Jad":73,"Pou":3,"Dup":18,"top":"Macron","area_error":0.005297},"geometry":{"type":"Polygon","coordinates":[[[2.431795830475471,48.85465915913736],[2.4305977645660026,48.8469412617914],[2.429931747351173,48.846170470095835],[2.429970581598368,48.84632631722356],[2.429690338276465,48.8463647408423],[2.42955887317311,48.846472471190566],[2.4294069719783837,48.8465789145662],[2.42914125377663,48.846720297955954],[2.42889242618674,48.84691181358054],[2.428663411839525,48.84704220461999],[2.42842760236,48.847247599448515],[2.428250460692707,48.84742726024824],[2.428036150355009,48.84762877729512],[2.427820060747419,48.84780181041774],[2.427660486806264,48.84790357119794],[2.4273741971606273,48.84808627989189],[2.4268978362663516,48.8484810687234],[2.4266072860252472,48.85207349604662],[2.4303338320806662,48.8583040619091],[2.431795830475471,48.85465915913736]]],"rewind":true}},{"type":"Feature","properties":{"depname":"Val-de-Marne","bvonum":"0023","comcode":94080,"cancode":9423,"bvocode":"94080_23","cirname":"6ème circonscription","exp":733,"depcode":94,"cannum":1,"canname":"Vincennes","comname":"Vincennes","ins":952,"Art":2,"Mel":217,"Rou":18,"Mac":227,"Las":6,"vot":744,"circode":9406,"Lep":64,"Pec":41,"Zem":55,"Hid":13,"Jad":71,"Pou":7,"Dup":12,"top":"Macron","area_error":-0.045698},"geometry":{"type":"Polygon","coordinates":[[[2.4239444401660863,48.862681692475356],[2.4301872684802515,48.859009442284965],[2.4303338320806662,48.8583040619091],[2.4266072860252472,48.85207349604662],[2.4243499978960523,48.85793326641949],[2.4239444401660863,48.862681692475356]]],"rewind":true}},{"type":"Feature","properties":{"depname":"Val-de-Marne","bvonum":"0024","comcode":94080,"cancode":9423,"bvocode":"94080_24","cirname":"6ème circonscription","exp":817,"depcode":94,"cannum":1,"canname":"Vincennes","comname":"Vincennes","ins":1005,"Art":3,"Mel":209,"Rou":10,"Mac":311,"Las":16,"vot":830,"circode":9406,"Lep":52,"Pec":35,"Zem":78,"Hid":15,"Jad":71,"Pou":6,"Dup":11,"top":"Macron","area_error":0.040877},"geometry":{"type":"Polygon","coordinates":[[[2.4195676416934,48.85591661199332],[2.4243499978960523,48.85793326641949],[2.4266072860252472,48.85207349604662],[2.4268978362663516,48.8484810687234],[2.4266918006513456,48.84863646492155],[2.4264976011211123,48.8487610994385],[2.4260775891740147,48.848964335994],[2.422806225277207,48.85118321887737],[2.422558547445173,48.8513221323621],[2.4223342058340824,48.8514487209384],[2.422072478339705,48.8515868065183],[2.421781664813844,48.85171999611691],[2.42152418156572,48.85185114557988],[2.421018167830646,48.85213429228145],[2.4205636415281,48.852411815010875],[2.4202230664225475,48.852649601315186],[2.4197979252483033,48.85287294156364],[2.419038903056405,48.85326937570738],[2.4195676416934,48.85591661199332]]],"rewind":true}},{"type":"Feature","properties":{"depname":"Val-de-Marne","bvonum":"0025","comcode":94080,"cancode":9423,"bvocode":"94080_25","cirname":"6ème circonscription","exp":781,"depcode":94,"cannum":1,"canname":"Vincennes","comname":"Vincennes","ins":995,"Art":1,"Mel":175,"Rou":20,"Mac":291,"Las":13,"vot":799,"circode":9406,"Lep":49,"Pec":50,"Zem":67,"Hid":24,"Jad":66,"Pou":5,"Dup":20,"top":"Macron","area_error":-0.065516},"geometry":{"type":"Polygon","coordinates":[[[2.4243499978960523,48.85793326641949],[2.4195676416934,48.85591661199332],[2.417490930768592,48.863309684838015],[2.4239444401660863,48.862681692475356],[2.4243499978960523,48.85793326641949]]],"rewind":true}},{"type":"Feature","properties":{"depname":"Val-de-Marne","bvonum":"0026","comcode":94080,"cancode":9423,"bvocode":"94080_26","cirname":"6ème circonscription","exp":701,"depcode":94,"cannum":1,"canname":"Vincennes","comname":"Vincennes","ins":856,"Art":1,"Mel":142,"Rou":15,"Mac":280,"Las":7,"vot":711,"circode":9406,"Lep":29,"Pec":50,"Zem":75,"Hid":15,"Jad":78,"Pou":2,"Dup":7,"top":"Macron","area_error":0.075477},"geometry":{"type":"Polygon","coordinates":[[[2.4195676416934,48.85591661199332],[2.419038903056405,48.85326937570738],[2.4188226113896047,48.853399612552344],[2.4184929468685348,48.85360691776266],[2.4174902410372128,48.85411598170411],[2.4173755907339114,48.85417770159263],[2.415219070157844,48.85468552611013],[2.4149578363683712,48.8566577683124],[2.4147059526977492,48.85814579151694],[2.4147151220008207,48.85848880653548],[2.41476463794975,48.8601292929962],[2.415004227673331,48.86147542499228],[2.4150032409640336,48.86219400361403],[2.415004022350972,48.86330020662859],[2.417490930768592,48.863309684838015],[2.4195676416934,48.85591661199332]]],"rewind":true}},{"type":"Feature","properties":{"depname":"Val-de-Marne","bvonum":"0027","comcode":94080,"cancode":9423,"bvocode":"94080_27","cirname":"6ème circonscription","exp":894,"depcode":94,"cannum":1,"canname":"Vincennes","comname":"Vincennes","ins":1106,"Art":0,"Mel":169,"Rou":19,"Mac":361,"Las":7,"vot":913,"circode":9406,"Lep":63,"Pec":77,"Zem":99,"Hid":19,"Jad":68,"Pou":3,"Dup":9,"top":"Macron","area_error":-0.003019},"geometry":{"type":"Polygon","coordinates":[[[2.4305977645660026,48.8469412617914],[2.438257724546413,48.84251264873424],[2.438682887161865,48.83835480177763],[2.4384677130079013,48.83823691083363],[2.430714737233473,48.84092249414144],[2.430618978143511,48.84146481087406],[2.430296404696349,48.844556665298875],[2.4302343896259533,48.84529817804317],[2.429757457857346,48.8452896293981],[2.429931747351173,48.846170470095835],[2.4305977645660026,48.8469412617914]]],"rewind":true}},{"type":"Feature","properties":{"depname":"Val-de-Marne","bvonum":"0028","comcode":94080,"cancode":9423,"bvocode":"94080_28","cirname":"6ème circonscription","exp":1060,"depcode":94,"cannum":1,"canname":"Vincennes","comname":"Vincennes","ins":1309,"Art":3,"Mel":172,"Rou":19,"Mac":475,"Las":9,"vot":1072,"circode":9406,"Lep":50,"Pec":95,"Zem":115,"Hid":20,"Jad":95,"Pou":1,"Dup":6,"top":"Macron","area_error":-0.028007},"geometry":{"type":"Polygon","coordinates":[[[2.4384677130079013,48.83823691083363],[2.439928660284511,48.830890325554165],[2.43355258893778,48.833501894618],[2.431716679785815,48.83732960779483],[2.431634806075836,48.83762570289755],[2.430714737233473,48.84092249414144],[2.4384677130079013,48.83823691083363]]],"rewind":true}},{"type":"Feature","properties":{"depname":"Val-de-Marne","bvonum":"0029","comcode":94080,"cancode":9423,"bvocode":"94080_29","cirname":"6ème circonscription","exp":765,"depcode":94,"cannum":1,"canname":"Vincennes","comname":"Vincennes","ins":940,"Art":2,"Mel":153,"Rou":8,"Mac":340,"Las":4,"vot":775,"circode":9406,"Lep":35,"Pec":67,"Zem":58,"Hid":6,"Jad":81,"Pou":5,"Dup":6,"top":"Macron","area_error":0.014965},"geometry":{"type":"Polygon","coordinates":[[[2.43855402301521,48.842825655840365],[2.446240248086456,48.83623019890446],[2.4489192947338414,48.83284867095924],[2.449278662575684,48.830993132792564],[2.438682887161865,48.83835480177763],[2.438257724546413,48.84251264873424],[2.43855402301521,48.842825655840365]]],"rewind":true}},{"type":"Feature","properties":{"depname":"Val-de-Marne","bvonum":"0003","comcode":94080,"cancode":9423,"bvocode":"94080_3","cirname":"6ème circonscription","exp":911,"depcode":94,"cannum":1,"canname":"Vincennes","comname":"Vincennes","ins":1091,"Art":3,"Mel":179,"Rou":22,"Mac":360,"Las":10,"vot":921,"circode":9406,"Lep":57,"Pec":71,"Zem":76,"Hid":19,"Jad":97,"Pou":5,"Dup":12,"top":"Macron","area_error":0.0185},"geometry":{"type":"Polygon","coordinates":[[[2.4500692916315976,48.860165850044645],[2.4444887688902357,48.85900266311634],[2.444266985460607,48.85944246338045],[2.4453372412897907,48.8671680808391],[2.4518757198194807,48.86527179405178],[2.4500692916315976,48.860165850044645]]],"rewind":true}},{"type":"Feature","properties":{"depname":"Val-de-Marne","bvonum":"0030","comcode":94080,"cancode":9423,"bvocode":"94080_30","cirname":"6ème circonscription","exp":816,"depcode":94,"cannum":1,"canname":"Vincennes","comname":"Vincennes","ins":969,"Art":1,"Mel":132,"Rou":20,"Mac":331,"Las":11,"vot":833,"circode":9406,"Lep":66,"Pec":74,"Zem":81,"Hid":18,"Jad":74,"Pou":3,"Dup":5,"top":"Macron","area_error":-0.016563},"geometry":{"type":"Polygon","coordinates":[[[2.4384677130079013,48.83823691083363],[2.438682887161865,48.83835480177763],[2.449278662575684,48.830993132792564],[2.439928660284511,48.830890325554165],[2.4384677130079013,48.83823691083363]]],"rewind":true}},{"type":"Feature","properties":{"depname":"Val-de-Marne","bvonum":"0031","comcode":94080,"cancode":9409,"bvocode":"94080_31","cirname":"6ème circonscription","exp":745,"depcode":94,"cannum":18,"canname":"Fontenay-sous-Bois","comname":"Vincennes","ins":925,"Art":0,"Mel":171,"Rou":14,"Mac":297,"Las":8,"vot":758,"circode":9406,"Lep":46,"Pec":59,"Zem":61,"Hid":13,"Jad":58,"Pou":5,"Dup":13,"top":"Macron","area_error":-0.106817},"geometry":{"type":"Polygon","coordinates":[[[2.4632892455715636,48.83974290454387],[2.4697570246640055,48.84605903561708],[2.4696470336282226,48.84522165062986],[2.4704138977271115,48.84447908212315],[2.4698023128938527,48.842704005329836],[2.4712078166045646,48.8402813947601],[2.471066621676016,48.83870405021884],[2.46904319876248,48.83855409480796],[2.4680865295061962,48.83862257969256],[2.465871832346601,48.8387627370202],[2.463418371011245,48.8394727632811],[2.4632892455715636,48.83974290454387]]],"rewind":true}},{"type":"Feature","properties":{"depname":"Val-de-Marne","bvonum":"0004","comcode":94080,"cancode":9423,"bvocode":"94080_4","cirname":"6ème circonscription","exp":796,"depcode":94,"cannum":1,"canname":"Vincennes","comname":"Vincennes","ins":986,"Art":0,"Mel":153,"Rou":16,"Mac":340,"Las":11,"vot":804,"circode":9406,"Lep":36,"Pec":64,"Zem":72,"Hid":6,"Jad":86,"Pou":3,"Dup":9,"top":"Macron","area_error":0.010998},"geometry":{"type":"Polygon","coordinates":[[[2.4442756035962163,48.8516636588551],[2.444538907306651,48.854416020895876],[2.4497532818908,48.851881894031614],[2.450124137229414,48.84668955837434],[2.4489538339434507,48.8437707926886],[2.446679505470498,48.84578209213568],[2.4442756035962163,48.8516636588551]]],"rewind":true}},{"type":"Feature","properties":{"depname":"Val-de-Marne","bvonum":"0005","comcode":94080,"cancode":9423,"bvocode":"94080_5","cirname":"6ème circonscription","exp":773,"depcode":94,"cannum":1,"canname":"Vincennes","comname":"Vincennes","ins":948,"Art":3,"Mel":152,"Rou":8,"Mac":295,"Las":7,"vot":796,"circode":9406,"Lep":43,"Pec":83,"Zem":73,"Hid":17,"Jad":82,"Pou":4,"Dup":6,"top":"Macron","area_error":0.033307},"geometry":{"type":"Polygon","coordinates":[[[2.4442756035962163,48.8516636588551],[2.4399321935466345,48.8536474110397],[2.4384692906935768,48.860190359605234],[2.444266985460607,48.85944246338045],[2.4444887688902357,48.85900266311634],[2.444538907306651,48.854416020895876],[2.4442756035962163,48.8516636588551]]],"rewind":true}},{"type":"Feature","properties":{"depname":"Val-de-Marne","bvonum":"0006","comcode":94080,"cancode":9423,"bvocode":"94080_6","cirname":"6ème circonscription","exp":1121,"depcode":94,"cannum":1,"canname":"Vincennes","comname":"Vincennes","ins":1373,"Art":8,"Mel":226,"Rou":22,"Mac":472,"Las":17,"vot":1143,"circode":9406,"Lep":49,"Pec":67,"Zem":73,"Hid":27,"Jad":131,"Pou":8,"Dup":21,"top":"Macron","area_error":-0.041612},"geometry":{"type":"Polygon","coordinates":[[[2.444266985460607,48.85944246338045],[2.4384692906935768,48.860190359605234],[2.4376206983383257,48.862344754632325],[2.4404088326001765,48.86832012529572],[2.4453372412897907,48.8671680808391],[2.444266985460607,48.85944246338045]]],"rewind":true}},{"type":"Feature","properties":{"depname":"Val-de-Marne","bvonum":"0007","comcode":94080,"cancode":9423,"bvocode":"94080_7","cirname":"6ème circonscription","exp":881,"depcode":94,"cannum":1,"canname":"Vincennes","comname":"Vincennes","ins":1064,"Art":4,"Mel":213,"Rou":11,"Mac":335,"Las":11,"vot":895,"circode":9406,"Lep":58,"Pec":63,"Zem":76,"Hid":25,"Jad":67,"Pou":4,"Dup":14,"top":"Macron","area_error":-0.025589},"geometry":{"type":"Polygon","coordinates":[[[2.4497532818908,48.851881894031614],[2.444538907306651,48.854416020895876],[2.4444887688902357,48.85900266311634],[2.4500692916315976,48.860165850044645],[2.450866361070767,48.85470720388398],[2.4497532818908,48.851881894031614]]],"rewind":true}},{"type":"Feature","properties":{"depname":"Val-de-Marne","bvonum":"0008","comcode":94080,"cancode":9423,"bvocode":"94080_8","cirname":"6ème circonscription","exp":948,"depcode":94,"cannum":1,"canname":"Vincennes","comname":"Vincennes","ins":1169,"Art":4,"Mel":263,"Rou":13,"Mac":316,"Las":15,"vot":970,"circode":9406,"Lep":66,"Pec":47,"Zem":84,"Hid":16,"Jad":97,"Pou":9,"Dup":18,"top":"Macron","area_error":0.020406},"geometry":{"type":"Polygon","coordinates":[[[2.45404088967452,48.85535989964606],[2.450866361070767,48.85470720388398],[2.4500692916315976,48.860165850044645],[2.4518757198194807,48.86527179405178],[2.457223515654987,48.86060785027715],[2.45404088967452,48.85535989964606]]],"rewind":true}},{"type":"Feature","properties":{"depname":"Val-de-Marne","bvonum":"0009","comcode":94080,"cancode":9423,"bvocode":"94080_9","cirname":"6ème circonscription","exp":976,"depcode":94,"cannum":1,"canname":"Vincennes","comname":"Vincennes","ins":1213,"Art":2,"Mel":249,"Rou":16,"Mac":339,"Las":11,"vot":991,"circode":9406,"Lep":82,"Pec":71,"Zem":57,"Hid":23,"Jad":99,"Pou":7,"Dup":20,"top":"Macron","area_error":-0.022629},"geometry":{"type":"Polygon","coordinates":[[[2.4582137318204977,48.85119449362038],[2.4541768068202647,48.854514485619916],[2.45404088967452,48.85535989964606],[2.457223515654987,48.86060785027715],[2.458208757674279,48.85993983908808],[2.4601714752298354,48.85877978513635],[2.460228092302714,48.85872168455162],[2.4609631096907876,48.8575600541121],[2.461645628467416,48.858696421134354],[2.4618242468795724,48.8584486027953],[2.46193836342034,48.85866756321725],[2.46313913301529,48.8574749577692],[2.4582137318204977,48.85119449362038]]],"rewind":true}},{"type":"Feature","properties":{"depname":"Val-de-Marne","bvonum":"0001","comcode":94081,"cancode":9425,"bvocode":"94081_1","cirname":"9ème circonscription","exp":415,"depcode":94,"cannum":22,"canname":"Vitry-sur-Seine-2","comname":"Vitry-sur-Seine","ins":714,"Art":2,"Mel":232,"Rou":17,"Mac":74,"Las":4,"vot":424,"circode":9409,"Lep":48,"Pec":10,"Zem":11,"Hid":4,"Jad":5,"Pou":4,"Dup":4,"top":"Mélenchon","area_error":-0.009693},"geometry":{"type":"Polygon","coordinates":[[[2.387015839865245,48.76575279178436],[2.3883132791338446,48.76642208977409],[2.3896935824769323,48.76136320727967],[2.386013718784855,48.755164654869034],[2.384934042043694,48.756672371525525],[2.387015839865245,48.76575279178436]]],"rewind":true}},{"type":"Feature","properties":{"depname":"Val-de-Marne","bvonum":"0010","comcode":94081,"cancode":9425,"bvocode":"94081_10","cirname":"9ème circonscription","exp":754,"depcode":94,"cannum":22,"canname":"Vitry-sur-Seine-2","comname":"Vitry-sur-Seine","ins":1112,"Art":1,"Mel":351,"Rou":35,"Mac":138,"Las":10,"vot":779,"circode":9409,"Lep":117,"Pec":18,"Zem":31,"Hid":13,"Jad":24,"Pou":4,"Dup":12,"top":"Mélenchon","area_error":-0.021266},"geometry":{"type":"Polygon","coordinates":[[[2.3800703767433684,48.74530277925118],[2.3814018230039973,48.7408172272208],[2.3812972229494975,48.74060763150035],[2.38128968180362,48.740592572371824],[2.3812080594795932,48.740433381766344],[2.381463214090562,48.74048470233887],[2.3810750671166256,48.739565209615165],[2.379908573963624,48.74008046513505],[2.379673036115223,48.73964108176993],[2.379135601744838,48.73890371278499],[2.379216288672106,48.7388131734469],[2.3788205577767525,48.738516263994],[2.3785873980802665,48.73832871657221],[2.3775510017885386,48.7394713669898],[2.3757584396374662,48.741467291382364],[2.375192448106833,48.741677824458876],[2.3744036760627285,48.74391316167222],[2.37358576504397,48.7479697751176],[2.373583266721934,48.747988028319554],[2.3800703767433684,48.74530277925118]]],"rewind":true}},{"type":"Feature","properties":{"depname":"Val-de-Marne","bvonum":"0011","comcode":94081,"cancode":9425,"bvocode":"94081_11","cirname":"9ème circonscription","exp":478,"depcode":94,"cannum":22,"canname":"Vitry-sur-Seine-2","comname":"Vitry-sur-Seine","ins":729,"Art":3,"Mel":223,"Rou":23,"Mac":114,"Las":5,"vot":488,"circode":9409,"Lep":47,"Pec":15,"Zem":21,"Hid":7,"Jad":9,"Pou":6,"Dup":5,"top":"Mélenchon","area_error":0.056481},"geometry":{"type":"Polygon","coordinates":[[[2.382239598808913,48.74871061437448],[2.3814656636644815,48.75803792089138],[2.3822996548843927,48.75841576309684],[2.384934042043694,48.756672371525525],[2.386013718784855,48.755164654869034],[2.3861486686265456,48.75245640789146],[2.3823226865412885,48.74867947728957],[2.382239598808913,48.74871061437448]]],"rewind":true}},{"type":"Feature","properties":{"depname":"Val-de-Marne","bvonum":"0012","comcode":94081,"cancode":9425,"bvocode":"94081_12","cirname":"9ème circonscription","exp":595,"depcode":94,"cannum":22,"canname":"Vitry-sur-Seine-2","comname":"Vitry-sur-Seine","ins":855,"Art":4,"Mel":216,"Rou":25,"Mac":191,"Las":15,"vot":607,"circode":9409,"Lep":62,"Pec":18,"Zem":15,"Hid":6,"Jad":30,"Pou":4,"Dup":9,"top":"Mélenchon","area_error":0.028286},"geometry":{"type":"Polygon","coordinates":[[[2.382239598808913,48.74871061437448],[2.3823226865412885,48.74867947728957],[2.3821268086495877,48.74789651046247],[2.3800703767433684,48.74530277925118],[2.373583266721934,48.747988028319554],[2.3734331489688056,48.74928242310455],[2.373326696143921,48.749987295419636],[2.37377423891334,48.749784430744],[2.375555312694289,48.7493908834721],[2.3758295223149615,48.749373945083],[2.3762784304747258,48.74929883644329],[2.376492908374463,48.74929979916917],[2.37550658270744,48.75127032072352],[2.3749580274737063,48.7526415959629],[2.3758065061110614,48.75236439702195],[2.376130298790207,48.75249561198196],[2.382239598808913,48.74871061437448]]],"rewind":true}},{"type":"Feature","properties":{"depname":"Val-de-Marne","bvonum":"0013","comcode":94081,"cancode":9425,"bvocode":"94081_13","cirname":"9ème circonscription","exp":699,"depcode":94,"cannum":22,"canname":"Vitry-sur-Seine-2","comname":"Vitry-sur-Seine","ins":950,"Art":2,"Mel":280,"Rou":32,"Mac":162,"Las":15,"vot":709,"circode":9409,"Lep":111,"Pec":15,"Zem":36,"Hid":6,"Jad":21,"Pou":6,"Dup":13,"top":"Mélenchon","area_error":-0.048299},"geometry":{"type":"Polygon","coordinates":[[[2.3814656636644815,48.75803792089138],[2.382239598808913,48.74871061437448],[2.376130298790207,48.75249561198196],[2.3763945113244036,48.7529586561662],[2.37648889823972,48.753384753778384],[2.3766219524610013,48.753919394081166],[2.376951064284312,48.75463592926987],[2.377018884370233,48.75480126006497],[2.3784667505722017,48.7567390847557],[2.378576082725097,48.7568526956829],[2.37962497568083,48.7576279322948],[2.380751415347204,48.75859210754124],[2.380856599948291,48.75859301600851],[2.38081030307205,48.75878060444892],[2.3814656636644815,48.75803792089138]]],"rewind":true}},{"type":"Feature","properties":{"depname":"Val-de-Marne","bvonum":"0014","comcode":94081,"cancode":9425,"bvocode":"94081_14","cirname":"9ème circonscription","exp":531,"depcode":94,"cannum":22,"canname":"Vitry-sur-Seine-2","comname":"Vitry-sur-Seine","ins":841,"Art":1,"Mel":231,"Rou":11,"Mac":125,"Las":5,"vot":541,"circode":9409,"Lep":63,"Pec":19,"Zem":27,"Hid":7,"Jad":28,"Pou":5,"Dup":9,"top":"Mélenchon","area_error":-0.034576},"geometry":{"type":"Polygon","coordinates":[[[2.4065633515297993,48.7780274022371],[2.4069679573854823,48.77776289274012],[2.413315560763176,48.770103970817075],[2.412963156022986,48.767752998286866],[2.4092153770600526,48.77009105119722],[2.404542736995311,48.77749912013973],[2.4065633515297993,48.7780274022371]]],"rewind":true}},{"type":"Feature","properties":{"depname":"Val-de-Marne","bvonum":"0015","comcode":94081,"cancode":9425,"bvocode":"94081_15","cirname":"9ème circonscription","exp":613,"depcode":94,"cannum":22,"canname":"Vitry-sur-Seine-2","comname":"Vitry-sur-Seine","ins":888,"Art":6,"Mel":306,"Rou":20,"Mac":127,"Las":8,"vot":623,"circode":9409,"Lep":59,"Pec":18,"Zem":24,"Hid":10,"Jad":18,"Pou":8,"Dup":9,"top":"Mélenchon","area_error":-0.01307},"geometry":{"type":"Polygon","coordinates":[[[2.413315560763176,48.770103970817075],[2.422618684047408,48.7633877508832],[2.4276468427081386,48.75784980193759],[2.425403275887576,48.7586713551118],[2.412963156022986,48.767752998286866],[2.413315560763176,48.770103970817075]]],"rewind":true}},{"type":"Feature","properties":{"depname":"Val-de-Marne","bvonum":"0017","comcode":94081,"cancode":9425,"bvocode":"94081_17","cirname":"9ème circonscription","exp":713,"depcode":94,"cannum":22,"canname":"Vitry-sur-Seine-2","comname":"Vitry-sur-Seine","ins":1005,"Art":4,"Mel":402,"Rou":20,"Mac":123,"Las":5,"vot":729,"circode":9409,"Lep":85,"Pec":17,"Zem":26,"Hid":4,"Jad":16,"Pou":2,"Dup":9,"top":"Mélenchon","area_error":0.010871},"geometry":{"type":"Polygon","coordinates":[[[2.4029791189658223,48.75493883066032],[2.4053987491407063,48.75665957085333],[2.40730255914055,48.75731418137253],[2.41266269714093,48.75854677561191],[2.4135229217562526,48.758446775898975],[2.415929597315397,48.755194224482025],[2.409868010397537,48.75417108433924],[2.4088692531879645,48.7546905598688],[2.4076901927011036,48.7550504107798],[2.404185102964035,48.75304261437177],[2.4023040088670222,48.7523722857925],[2.4029791189658223,48.75493883066032]]],"rewind":true}},{"type":"Feature","properties":{"depname":"Val-de-Marne","bvonum":"0018","comcode":94081,"cancode":9425,"bvocode":"94081_18","cirname":"9ème circonscription","exp":670,"depcode":94,"cannum":22,"canname":"Vitry-sur-Seine-2","comname":"Vitry-sur-Seine","ins":1003,"Art":1,"Mel":402,"Rou":17,"Mac":104,"Las":9,"vot":681,"circode":9409,"Lep":79,"Pec":8,"Zem":17,"Hid":6,"Jad":14,"Pou":5,"Dup":8,"top":"Mélenchon","area_error":-0.001431},"geometry":{"type":"Polygon","coordinates":[[[2.4135229217562526,48.758446775898975],[2.4263743754359184,48.75669069240171],[2.4330218024916417,48.75310941668806],[2.430771297229172,48.75372985693455],[2.430448211392441,48.7537860665557],[2.428263895669502,48.754266937466674],[2.4277406910129447,48.75425647439873],[2.4269776931308256,48.7540368120765],[2.4268031961654457,48.75394406262252],[2.417600791638933,48.755446221809386],[2.417474568660394,48.7552706661131],[2.415929597315397,48.755194224482025],[2.4135229217562526,48.758446775898975]]],"rewind":true}},{"type":"Feature","properties":{"depname":"Val-de-Marne","bvonum":"0019","comcode":94081,"cancode":9425,"bvocode":"94081_19","cirname":"9ème circonscription","exp":631,"depcode":94,"cannum":22,"canname":"Vitry-sur-Seine-2","comname":"Vitry-sur-Seine","ins":895,"Art":4,"Mel":236,"Rou":25,"Mac":145,"Las":12,"vot":641,"circode":9409,"Lep":96,"Pec":27,"Zem":30,"Hid":13,"Jad":32,"Pou":3,"Dup":8,"top":"Mélenchon","area_error":-0.006804},"geometry":{"type":"Polygon","coordinates":[[[2.4154945044664187,48.7615977882699],[2.4215930785798045,48.75982914185928],[2.4217924257079466,48.759744461973476],[2.4263743754359184,48.75669069240171],[2.4135229217562526,48.758446775898975],[2.41266269714093,48.75854677561191],[2.412438788259105,48.76151473543708],[2.4154945044664187,48.7615977882699]]],"rewind":true}},{"type":"Feature","properties":{"depname":"Val-de-Marne","bvonum":"0002","comcode":94081,"cancode":9425,"bvocode":"94081_2","cirname":"9ème circonscription","exp":594,"depcode":94,"cannum":22,"canname":"Vitry-sur-Seine-2","comname":"Vitry-sur-Seine","ins":958,"Art":3,"Mel":319,"Rou":14,"Mac":104,"Las":4,"vot":603,"circode":9409,"Lep":85,"Pec":11,"Zem":31,"Hid":0,"Jad":14,"Pou":3,"Dup":6,"top":"Mélenchon","area_error":0.002753},"geometry":{"type":"Polygon","coordinates":[[[2.3905695885569718,48.76814515551673],[2.393205396603398,48.76832394196646],[2.39667228114183,48.766743076500944],[2.395019537283665,48.76461079426103],[2.392624583979093,48.76219899975108],[2.3896935824769323,48.76136320727967],[2.3883132791338446,48.76642208977409],[2.3905695885569718,48.76814515551673]]],"rewind":true}},{"type":"Feature","properties":{"depname":"Val-de-Marne","bvonum":"0020","comcode":94081,"cancode":9425,"bvocode":"94081_20","cirname":"9ème circonscription","exp":685,"depcode":94,"cannum":22,"canname":"Vitry-sur-Seine-2","comname":"Vitry-sur-Seine","ins":958,"Art":5,"Mel":258,"Rou":31,"Mac":177,"Las":12,"vot":701,"circode":9409,"Lep":74,"Pec":27,"Zem":34,"Hid":6,"Jad":49,"Pou":4,"Dup":8,"top":"Mélenchon","area_error":-0.061766},"geometry":{"type":"Polygon","coordinates":[[[2.4050761054377,48.77046954340892],[2.4092153770600526,48.77009105119722],[2.412963156022986,48.767752998286866],[2.425403275887576,48.7586713551118],[2.4217924257079466,48.759744461973476],[2.4215930785798045,48.75982914185928],[2.4050761054377,48.77046954340892]]],"rewind":true}},{"type":"Feature","properties":{"depname":"Val-de-Marne","bvonum":"0021","comcode":94081,"cancode":9425,"bvocode":"94081_21","cirname":"9ème circonscription","exp":535,"depcode":94,"cannum":22,"canname":"Vitry-sur-Seine-2","comname":"Vitry-sur-Seine","ins":811,"Art":3,"Mel":258,"Rou":25,"Mac":98,"Las":4,"vot":544,"circode":9409,"Lep":55,"Pec":19,"Zem":40,"Hid":10,"Jad":17,"Pou":4,"Dup":2,"top":"Mélenchon","area_error":0.018909},"geometry":{"type":"Polygon","coordinates":[[[2.4263743754359184,48.75669069240171],[2.4217924257079466,48.759744461973476],[2.425403275887576,48.7586713551118],[2.4276468427081386,48.75784980193759],[2.4324268094146055,48.75791121988186],[2.433396218026835,48.75676553717452],[2.4345241131224062,48.755528473074044],[2.435193760978437,48.75423254284155],[2.4357202214725184,48.75222764883705],[2.4333705291955012,48.752969062754175],[2.4330218024916417,48.75310941668806],[2.4263743754359184,48.75669069240171]]],"rewind":true}},{"type":"Feature","properties":{"depname":"Val-de-Marne","bvonum":"0022","comcode":94081,"cancode":9425,"bvocode":"94081_22","cirname":"9ème circonscription","exp":614,"depcode":94,"cannum":22,"canname":"Vitry-sur-Seine-2","comname":"Vitry-sur-Seine","ins":886,"Art":1,"Mel":255,"Rou":31,"Mac":132,"Las":9,"vot":624,"circode":9409,"Lep":84,"Pec":25,"Zem":33,"Hid":12,"Jad":22,"Pou":3,"Dup":7,"top":"Mélenchon","area_error":0.149902},"geometry":{"type":"Polygon","coordinates":[[[2.404912338916248,48.770565204021224],[2.4050761054377,48.77046954340892],[2.4215930785798045,48.75982914185928],[2.4154945044664187,48.7615977882699],[2.4038504185981218,48.76763856718087],[2.404912338916248,48.770565204021224]]],"rewind":true}},{"type":"Feature","properties":{"depname":"Val-de-Marne","bvonum":"0023","comcode":94081,"cancode":9425,"bvocode":"94081_23","cirname":"9ème circonscription","exp":568,"depcode":94,"cannum":22,"canname":"Vitry-sur-Seine-2","comname":"Vitry-sur-Seine","ins":890,"Art":2,"Mel":267,"Rou":8,"Mac":175,"Las":2,"vot":579,"circode":9409,"Lep":47,"Pec":19,"Zem":20,"Hid":5,"Jad":7,"Pou":5,"Dup":11,"top":"Mélenchon","area_error":0.026094},"geometry":{"type":"Polygon","coordinates":[[[2.395019537283665,48.76461079426103],[2.39667228114183,48.766743076500944],[2.4027057100087292,48.7673237347707],[2.4038114853223167,48.76313933560621],[2.402971225093722,48.7627567583528],[2.3999990885473985,48.76130947889028],[2.395019537283665,48.76461079426103]]],"rewind":true}},{"type":"Feature","properties":{"depname":"Val-de-Marne","bvonum":"0024","comcode":94081,"cancode":9425,"bvocode":"94081_24","cirname":"9ème circonscription","exp":562,"depcode":94,"cannum":22,"canname":"Vitry-sur-Seine-2","comname":"Vitry-sur-Seine","ins":896,"Art":1,"Mel":317,"Rou":17,"Mac":82,"Las":3,"vot":582,"circode":9409,"Lep":91,"Pec":10,"Zem":13,"Hid":3,"Jad":10,"Pou":7,"Dup":8,"top":"Mélenchon","area_error":-0.05857},"geometry":{"type":"Polygon","coordinates":[[[2.4038504185981218,48.76763856718087],[2.4154945044664187,48.7615977882699],[2.412438788259105,48.76151473543708],[2.4038114853223167,48.76313933560621],[2.4027057100087292,48.7673237347707],[2.4038504185981218,48.76763856718087]]],"rewind":true}},{"type":"Feature","properties":{"depname":"Val-de-Marne","bvonum":"0025","comcode":94081,"cancode":9425,"bvocode":"94081_25","cirname":"9ème circonscription","exp":561,"depcode":94,"cannum":22,"canname":"Vitry-sur-Seine-2","comname":"Vitry-sur-Seine","ins":927,"Art":5,"Mel":279,"Rou":10,"Mac":105,"Las":10,"vot":579,"circode":9409,"Lep":94,"Pec":18,"Zem":9,"Hid":6,"Jad":16,"Pou":3,"Dup":6,"top":"Mélenchon","area_error":-0.024303},"geometry":{"type":"Polygon","coordinates":[[[2.3980227770234257,48.75807248274177],[2.3999990885473985,48.76130947889028],[2.402971225093722,48.7627567583528],[2.40730255914055,48.75731418137253],[2.4053987491407063,48.75665957085333],[2.3979849014179218,48.7571947786804],[2.3980227770234257,48.75807248274177]]],"rewind":true}},{"type":"Feature","properties":{"depname":"Val-de-Marne","bvonum":"0026","comcode":94081,"cancode":9425,"bvocode":"94081_26","cirname":"9ème circonscription","exp":569,"depcode":94,"cannum":22,"canname":"Vitry-sur-Seine-2","comname":"Vitry-sur-Seine","ins":906,"Art":2,"Mel":343,"Rou":10,"Mac":100,"Las":3,"vot":589,"circode":9409,"Lep":66,"Pec":17,"Zem":10,"Hid":6,"Jad":2,"Pou":3,"Dup":7,"top":"Mélenchon","area_error":-0.016788},"geometry":{"type":"Polygon","coordinates":[[[2.402971225093722,48.7627567583528],[2.4038114853223167,48.76313933560621],[2.412438788259105,48.76151473543708],[2.41266269714093,48.75854677561191],[2.40730255914055,48.75731418137253],[2.402971225093722,48.7627567583528]]],"rewind":true}},{"type":"Feature","properties":{"depname":"Val-de-Marne","bvonum":"0003","comcode":94081,"cancode":9425,"bvocode":"94081_3","cirname":"9ème circonscription","exp":555,"depcode":94,"cannum":22,"canname":"Vitry-sur-Seine-2","comname":"Vitry-sur-Seine","ins":950,"Art":5,"Mel":328,"Rou":12,"Mac":98,"Las":4,"vot":570,"circode":9409,"Lep":55,"Pec":16,"Zem":15,"Hid":4,"Jad":6,"Pou":2,"Dup":10,"top":"Mélenchon","area_error":0.006119},"geometry":{"type":"Polygon","coordinates":[[[2.3896935824769323,48.76136320727967],[2.392624583979093,48.76219899975108],[2.392970056874155,48.7590946247829],[2.388774759433535,48.75289008307462],[2.3861486686265456,48.75245640789146],[2.386013718784855,48.755164654869034],[2.3896935824769323,48.76136320727967]]],"rewind":true}},{"type":"Feature","properties":{"depname":"Val-de-Marne","bvonum":"0030","comcode":94081,"cancode":9424,"bvocode":"94081_30","cirname":"9ème circonscription","exp":607,"depcode":94,"cannum":19,"canname":"Vitry-sur-Seine-1","comname":"Vitry-sur-Seine","ins":805,"Art":2,"Mel":199,"Rou":21,"Mac":186,"Las":8,"vot":617,"circode":9409,"Lep":66,"Pec":23,"Zem":35,"Hid":3,"Jad":48,"Pou":5,"Dup":11,"top":"Mélenchon","area_error":0.090658},"geometry":{"type":"Polygon","coordinates":[[[2.3822996548843927,48.75841576309684],[2.3814656636644815,48.75803792089138],[2.38081030307205,48.75878060444892],[2.380613071496932,48.7595788575043],[2.379788086353687,48.762641156408336],[2.379690599106036,48.762879354472716],[2.3785341351909093,48.7655530918072],[2.378704932222463,48.76539854961045],[2.37908098689391,48.76520376607413],[2.378371751282493,48.76661493633472],[2.377679736958723,48.767933310289],[2.377819478459638,48.76791749264592],[2.3778120486064958,48.76801136216822],[2.3776259214810462,48.76835230175028],[2.3770836003263285,48.769316462837736],[2.383204135061995,48.7669712551284],[2.3832482212583974,48.76617548920641],[2.3822996548843927,48.75841576309684]]],"rewind":true}},{"type":"Feature","properties":{"depname":"Val-de-Marne","bvonum":"0031","comcode":94081,"cancode":9424,"bvocode":"94081_31","cirname":"9ème circonscription","exp":532,"depcode":94,"cannum":19,"canname":"Vitry-sur-Seine-1","comname":"Vitry-sur-Seine","ins":793,"Art":2,"Mel":188,"Rou":17,"Mac":174,"Las":7,"vot":541,"circode":9409,"Lep":66,"Pec":27,"Zem":23,"Hid":6,"Jad":13,"Pou":1,"Dup":8,"top":"Mélenchon","area_error":0.067826},"geometry":{"type":"Polygon","coordinates":[[[2.383204135061995,48.7669712551284],[2.3849559979368,48.7710838467466],[2.386039669286613,48.77249755613934],[2.390598615423571,48.76970225545022],[2.3905695885569718,48.76814515551673],[2.3883132791338446,48.76642208977409],[2.387015839865245,48.76575279178436],[2.3832482212583974,48.76617548920641],[2.383204135061995,48.7669712551284]]],"rewind":true}},{"type":"Feature","properties":{"depname":"Val-de-Marne","bvonum":"0032","comcode":94081,"cancode":9424,"bvocode":"94081_32","cirname":"9ème circonscription","exp":590,"depcode":94,"cannum":19,"canname":"Vitry-sur-Seine-1","comname":"Vitry-sur-Seine","ins":824,"Art":1,"Mel":194,"Rou":11,"Mac":142,"Las":16,"vot":608,"circode":9409,"Lep":75,"Pec":39,"Zem":44,"Hid":11,"Jad":44,"Pou":3,"Dup":10,"top":"Mélenchon","area_error":-0.077255},"geometry":{"type":"Polygon","coordinates":[[[2.3832482212583974,48.76617548920641],[2.387015839865245,48.76575279178436],[2.384934042043694,48.756672371525525],[2.3822996548843927,48.75841576309684],[2.3832482212583974,48.76617548920641]]],"rewind":true}},{"type":"Feature","properties":{"depname":"Val-de-Marne","bvonum":"0033","comcode":94081,"cancode":9424,"bvocode":"94081_33","cirname":"9ème circonscription","exp":636,"depcode":94,"cannum":19,"canname":"Vitry-sur-Seine-1","comname":"Vitry-sur-Seine","ins":965,"Art":0,"Mel":299,"Rou":21,"Mac":185,"Las":6,"vot":649,"circode":9409,"Lep":53,"Pec":16,"Zem":29,"Hid":3,"Jad":18,"Pou":1,"Dup":5,"top":"Mélenchon","area_error":-0.026214},"geometry":{"type":"Polygon","coordinates":[[[2.4027042891627226,48.772116405805676],[2.404912338916248,48.770565204021224],[2.4038504185981218,48.76763856718087],[2.4027057100087292,48.7673237347707],[2.39667228114183,48.766743076500944],[2.393205396603398,48.76832394196646],[2.4027042891627226,48.772116405805676]]],"rewind":true}},{"type":"Feature","properties":{"depname":"Val-de-Marne","bvonum":"0034","comcode":94081,"cancode":9424,"bvocode":"94081_34","cirname":"9ème circonscription","exp":699,"depcode":94,"cannum":19,"canname":"Vitry-sur-Seine-1","comname":"Vitry-sur-Seine","ins":898,"Art":7,"Mel":283,"Rou":30,"Mac":154,"Las":11,"vot":709,"circode":9409,"Lep":79,"Pec":21,"Zem":32,"Hid":8,"Jad":53,"Pou":8,"Dup":13,"top":"Mélenchon","area_error":-0.000693},"geometry":{"type":"Polygon","coordinates":[[[2.412788112575082,48.77445200611043],[2.420890587243735,48.766047464452186],[2.422618684047408,48.7633877508832],[2.413315560763176,48.770103970817075],[2.4069679573854823,48.77776289274012],[2.412788112575082,48.77445200611043]]],"rewind":true}},{"type":"Feature","properties":{"depname":"Val-de-Marne","bvonum":"0035","comcode":94081,"cancode":9424,"bvocode":"94081_35","cirname":"9ème circonscription","exp":669,"depcode":94,"cannum":19,"canname":"Vitry-sur-Seine-1","comname":"Vitry-sur-Seine","ins":961,"Art":1,"Mel":339,"Rou":20,"Mac":148,"Las":5,"vot":677,"circode":9409,"Lep":49,"Pec":25,"Zem":32,"Hid":7,"Jad":31,"Pou":5,"Dup":7,"top":"Mélenchon","area_error":0.009229},"geometry":{"type":"Polygon","coordinates":[[[2.4006428706722263,48.77361127280422],[2.402083161655281,48.7787317214779],[2.404542736995311,48.77749912013973],[2.4092153770600526,48.77009105119722],[2.4050761054377,48.77046954340892],[2.404912338916248,48.770565204021224],[2.4027042891627226,48.772116405805676],[2.4006428706722263,48.77361127280422]]],"rewind":true}},{"type":"Feature","properties":{"depname":"Val-de-Marne","bvonum":"0036","comcode":94081,"cancode":9424,"bvocode":"94081_36","cirname":"9ème circonscription","exp":802,"depcode":94,"cannum":19,"canname":"Vitry-sur-Seine-1","comname":"Vitry-sur-Seine","ins":1112,"Art":2,"Mel":250,"Rou":31,"Mac":239,"Las":13,"vot":812,"circode":9409,"Lep":106,"Pec":35,"Zem":52,"Hid":11,"Jad":47,"Pou":2,"Dup":14,"top":"Mélenchon","area_error":-0.044969},"geometry":{"type":"Polygon","coordinates":[[[2.380355558301482,48.77429332662023],[2.383856701740758,48.77405255960418],[2.3849559979368,48.7710838467466],[2.383204135061995,48.7669712551284],[2.3770836003263285,48.769316462837736],[2.3769319292500417,48.7696036888926],[2.376579658280194,48.7702892415959],[2.376462532722077,48.77052937893842],[2.380355558301482,48.77429332662023]]],"rewind":true}},{"type":"Feature","properties":{"depname":"Val-de-Marne","bvonum":"0037","comcode":94081,"cancode":9424,"bvocode":"94081_37","cirname":"9ème circonscription","exp":724,"depcode":94,"cannum":19,"canname":"Vitry-sur-Seine-1","comname":"Vitry-sur-Seine","ins":964,"Art":3,"Mel":202,"Rou":31,"Mac":231,"Las":12,"vot":739,"circode":9409,"Lep":69,"Pec":21,"Zem":62,"Hid":23,"Jad":51,"Pou":7,"Dup":12,"top":"Macron","area_error":0.029704},"geometry":{"type":"Polygon","coordinates":[[[2.3779935344549115,48.77960812494446],[2.379622747136407,48.778711602781165],[2.380355558301482,48.77429332662023],[2.376462532722077,48.77052937893842],[2.376445058455398,48.77056650859322],[2.376319447564251,48.77085560544515],[2.3762199940901336,48.77110497614228],[2.3761556176954084,48.771272572760424],[2.37607278865634,48.771499207827375],[2.375631387045809,48.77314103898626],[2.375401358042559,48.774378390252814],[2.373647258259994,48.778062298013324],[2.3725346526718045,48.77944713181217],[2.372625081152572,48.77941707817028],[2.37314251960363,48.7792155223853],[2.373559707972502,48.779011842484245],[2.37409725351839,48.77878520603593],[2.3741805275915353,48.77876409163623],[2.3745105269045266,48.77876659642079],[2.374484222426011,48.7788031653304],[2.3779935344549115,48.77960812494446]]],"rewind":true}},{"type":"Feature","properties":{"depname":"Val-de-Marne","bvonum":"0004","comcode":94081,"cancode":9425,"bvocode":"94081_4","cirname":"9ème circonscription","exp":481,"depcode":94,"cannum":22,"canname":"Vitry-sur-Seine-2","comname":"Vitry-sur-Seine","ins":826,"Art":6,"Mel":291,"Rou":9,"Mac":93,"Las":5,"vot":491,"circode":9409,"Lep":43,"Pec":5,"Zem":9,"Hid":6,"Jad":3,"Pou":3,"Dup":8,"top":"Mélenchon","area_error":-0.020087},"geometry":{"type":"Polygon","coordinates":[[[2.392624583979093,48.76219899975108],[2.395019537283665,48.76461079426103],[2.3999990885473985,48.76130947889028],[2.3980227770234257,48.75807248274177],[2.392970056874155,48.7590946247829],[2.392624583979093,48.76219899975108]]],"rewind":true}},{"type":"Feature","properties":{"depname":"Val-de-Marne","bvonum":"0041","comcode":94081,"cancode":9424,"bvocode":"94081_41","cirname":"10ème circonscription","exp":609,"depcode":94,"cannum":19,"canname":"Vitry-sur-Seine-1","comname":"Vitry-sur-Seine","ins":913,"Art":3,"Mel":298,"Rou":49,"Mac":100,"Las":8,"vot":619,"circode":9410,"Lep":75,"Pec":15,"Zem":22,"Hid":7,"Jad":18,"Pou":3,"Dup":11,"top":"Mélenchon","area_error":0.042077},"geometry":{"type":"Polygon","coordinates":[[[2.3905695885569718,48.76814515551673],[2.390598615423571,48.76970225545022],[2.395797549471083,48.773688554979856],[2.3997208722063545,48.773975050657775],[2.4006428706722263,48.77361127280422],[2.4027042891627226,48.772116405805676],[2.393205396603398,48.76832394196646],[2.3905695885569718,48.76814515551673]]],"rewind":true}},{"type":"Feature","properties":{"depname":"Val-de-Marne","bvonum":"0042","comcode":94081,"cancode":9424,"bvocode":"94081_42","cirname":"10ème circonscription","exp":527,"depcode":94,"cannum":19,"canname":"Vitry-sur-Seine-1","comname":"Vitry-sur-Seine","ins":890,"Art":2,"Mel":260,"Rou":23,"Mac":113,"Las":7,"vot":539,"circode":9410,"Lep":69,"Pec":8,"Zem":22,"Hid":6,"Jad":8,"Pou":2,"Dup":7,"top":"Mélenchon","area_error":-0.105649},"geometry":{"type":"Polygon","coordinates":[[[2.386039669286613,48.77249755613934],[2.3874162040446985,48.7754490987308],[2.395797549471083,48.773688554979856],[2.390598615423571,48.76970225545022],[2.386039669286613,48.77249755613934]]],"rewind":true}},{"type":"Feature","properties":{"depname":"Val-de-Marne","bvonum":"0043","comcode":94081,"cancode":9424,"bvocode":"94081_43","cirname":"10ème circonscription","exp":683,"depcode":94,"cannum":19,"canname":"Vitry-sur-Seine-1","comname":"Vitry-sur-Seine","ins":1022,"Art":1,"Mel":407,"Rou":27,"Mac":91,"Las":5,"vot":696,"circode":9410,"Lep":90,"Pec":9,"Zem":26,"Hid":6,"Jad":13,"Pou":4,"Dup":4,"top":"Mélenchon","area_error":0.000281},"geometry":{"type":"Polygon","coordinates":[[[2.3874162040446985,48.7754490987308],[2.3930703536448963,48.780264027532645],[2.3997208722063545,48.773975050657775],[2.395797549471083,48.773688554979856],[2.3874162040446985,48.7754490987308]]],"rewind":true}},{"type":"Feature","properties":{"depname":"Val-de-Marne","bvonum":"0044","comcode":94081,"cancode":9424,"bvocode":"94081_44","cirname":"10ème circonscription","exp":559,"depcode":94,"cannum":19,"canname":"Vitry-sur-Seine-1","comname":"Vitry-sur-Seine","ins":856,"Art":1,"Mel":320,"Rou":24,"Mac":77,"Las":7,"vot":568,"circode":9410,"Lep":72,"Pec":7,"Zem":23,"Hid":5,"Jad":15,"Pou":5,"Dup":3,"top":"Mélenchon","area_error":0.016889},"geometry":{"type":"Polygon","coordinates":[[[2.3930703536448963,48.780264027532645],[2.3939974441256076,48.781167638213454],[2.39490854361425,48.78140876223592],[2.402083161655281,48.7787317214779],[2.4006428706722263,48.77361127280422],[2.3997208722063545,48.773975050657775],[2.3930703536448963,48.780264027532645]]],"rewind":true}},{"type":"Feature","properties":{"depname":"Val-de-Marne","bvonum":"0045","comcode":94081,"cancode":9424,"bvocode":"94081_45","cirname":"10ème circonscription","exp":764,"depcode":94,"cannum":19,"canname":"Vitry-sur-Seine-1","comname":"Vitry-sur-Seine","ins":1101,"Art":3,"Mel":290,"Rou":14,"Mac":239,"Las":7,"vot":775,"circode":9410,"Lep":91,"Pec":25,"Zem":46,"Hid":12,"Jad":21,"Pou":3,"Dup":13,"top":"Mélenchon","area_error":-0.005504},"geometry":{"type":"Polygon","coordinates":[[[2.379622747136407,48.778711602781165],[2.38186656532198,48.78114988131836],[2.388101407649885,48.781423227721],[2.38810248575981,48.781074427575916],[2.383856701740758,48.77405255960418],[2.380355558301482,48.77429332662023],[2.379622747136407,48.778711602781165]]],"rewind":true}},{"type":"Feature","properties":{"depname":"Val-de-Marne","bvonum":"0046","comcode":94081,"cancode":9424,"bvocode":"94081_46","cirname":"10ème circonscription","exp":632,"depcode":94,"cannum":19,"canname":"Vitry-sur-Seine-1","comname":"Vitry-sur-Seine","ins":920,"Art":1,"Mel":250,"Rou":28,"Mac":175,"Las":3,"vot":641,"circode":9410,"Lep":89,"Pec":19,"Zem":27,"Hid":14,"Jad":17,"Pou":1,"Dup":8,"top":"Mélenchon","area_error":0.046611},"geometry":{"type":"Polygon","coordinates":[[[2.3779935344549115,48.77960812494446],[2.376808564958485,48.78472166752763],[2.3788517090200685,48.78870080773173],[2.379618193314171,48.7868501895475],[2.3804647925971234,48.78531146562494],[2.380619671337665,48.78542445330146],[2.382707186247427,48.78740574311655],[2.383150159058207,48.78640833229486],[2.38186656532198,48.78114988131836],[2.379622747136407,48.778711602781165],[2.3779935344549115,48.77960812494446]]],"rewind":true}},{"type":"Feature","properties":{"depname":"Val-de-Marne","bvonum":"0047","comcode":94081,"cancode":9424,"bvocode":"94081_47","cirname":"10ème circonscription","exp":703,"depcode":94,"cannum":19,"canname":"Vitry-sur-Seine-1","comname":"Vitry-sur-Seine","ins":1073,"Art":2,"Mel":314,"Rou":24,"Mac":149,"Las":11,"vot":714,"circode":9410,"Lep":94,"Pec":26,"Zem":31,"Hid":7,"Jad":22,"Pou":7,"Dup":16,"top":"Mélenchon","area_error":-0.019002},"geometry":{"type":"Polygon","coordinates":[[[2.376808564958485,48.78472166752763],[2.3779935344549115,48.77960812494446],[2.374484222426011,48.7788031653304],[2.374305959972959,48.77904380758643],[2.373801538001879,48.779711830741945],[2.3735708400677713,48.78000602688893],[2.3731570807003513,48.78050332125045],[2.372253645443794,48.78142766402273],[2.37214010825196,48.78154248696588],[2.3720247556185092,48.78169106728706],[2.37189642877612,48.7818576248611],[2.3717109958728155,48.78208650690166],[2.3715408835859737,48.78230140385271],[2.371114150247277,48.782843264013785],[2.370857393021962,48.78313967607601],[2.370504004916588,48.78358610914363],[2.3716761941595568,48.784122449859254],[2.3701427520595546,48.78575060017313],[2.3709569861742024,48.786349092686436],[2.37176904402194,48.786870793399],[2.372455758119512,48.787280389166],[2.3727697250909343,48.787474984358944],[2.376808564958485,48.78472166752763]]],"rewind":true}},{"type":"Feature","properties":{"depname":"Val-de-Marne","bvonum":"0048","comcode":94081,"cancode":9424,"bvocode":"94081_48","cirname":"10ème circonscription","exp":657,"depcode":94,"cannum":19,"canname":"Vitry-sur-Seine-1","comname":"Vitry-sur-Seine","ins":974,"Art":3,"Mel":276,"Rou":22,"Mac":196,"Las":4,"vot":670,"circode":9410,"Lep":64,"Pec":21,"Zem":26,"Hid":5,"Jad":25,"Pou":7,"Dup":8,"top":"Mélenchon","area_error":-0.003506},"geometry":{"type":"Polygon","coordinates":[[[2.376808564958485,48.78472166752763],[2.3727697250909343,48.787474984358944],[2.3740365945187274,48.78820899399457],[2.3730549752668693,48.78963375921482],[2.372281941859739,48.7907145894038],[2.3719145322218758,48.79137200406168],[2.3736128954202056,48.7922480497709],[2.373712315693179,48.79230416321383],[2.373800526090539,48.79235379429572],[2.3766953055418973,48.79388219820705],[2.3768341447482824,48.793940026886226],[2.3775499562623,48.79267491933483],[2.3776887548530476,48.79240151671236],[2.3783311534926663,48.78999110616147],[2.378346330674332,48.78988642056874],[2.37880651593049,48.78884804471853],[2.3788517090200685,48.78870080773173],[2.376808564958485,48.78472166752763]]],"rewind":true}},{"type":"Feature","properties":{"depname":"Val-de-Marne","bvonum":"0049","comcode":94081,"cancode":9424,"bvocode":"94081_49","cirname":"10ème circonscription","exp":778,"depcode":94,"cannum":19,"canname":"Vitry-sur-Seine-1","comname":"Vitry-sur-Seine","ins":1149,"Art":1,"Mel":365,"Rou":21,"Mac":201,"Las":8,"vot":793,"circode":9410,"Lep":89,"Pec":19,"Zem":36,"Hid":6,"Jad":22,"Pou":4,"Dup":6,"top":"Mélenchon","area_error":-0.027702},"geometry":{"type":"Polygon","coordinates":[[[2.383150159058207,48.78640833229486],[2.391222649525373,48.787036604258724],[2.3912217254243924,48.78690508784748],[2.3912674309699713,48.78682526546497],[2.39123938884627,48.78626460934379],[2.391335078598958,48.786124869861275],[2.391504187488335,48.78611859649694],[2.392397072263479,48.78617748240167],[2.388101407649885,48.781423227721],[2.38186656532198,48.78114988131836],[2.383150159058207,48.78640833229486]]],"rewind":true}},{"type":"Feature","properties":{"depname":"Val-de-Marne","bvonum":"0005","comcode":94081,"cancode":9425,"bvocode":"94081_5","cirname":"9ème circonscription","exp":508,"depcode":94,"cannum":22,"canname":"Vitry-sur-Seine-2","comname":"Vitry-sur-Seine","ins":821,"Art":6,"Mel":305,"Rou":10,"Mac":81,"Las":2,"vot":522,"circode":9409,"Lep":59,"Pec":12,"Zem":11,"Hid":4,"Jad":11,"Pou":3,"Dup":4,"top":"Mélenchon","area_error":0.006038},"geometry":{"type":"Polygon","coordinates":[[[2.388774759433535,48.75289008307462],[2.392970056874155,48.7590946247829],[2.3980227770234257,48.75807248274177],[2.3979849014179218,48.7571947786804],[2.3919463885756773,48.75235688526655],[2.388774759433535,48.75289008307462]]],"rewind":true}},{"type":"Feature","properties":{"depname":"Val-de-Marne","bvonum":"0050","comcode":94081,"cancode":9424,"bvocode":"94081_50","cirname":"10ème circonscription","exp":526,"depcode":94,"cannum":19,"canname":"Vitry-sur-Seine-1","comname":"Vitry-sur-Seine","ins":760,"Art":1,"Mel":237,"Rou":24,"Mac":118,"Las":3,"vot":534,"circode":9410,"Lep":74,"Pec":11,"Zem":17,"Hid":11,"Jad":16,"Pou":6,"Dup":8,"top":"Mélenchon","area_error":0.067118},"geometry":{"type":"Polygon","coordinates":[[[2.383150159058207,48.78640833229486],[2.382707186247427,48.78740574311655],[2.383341973584497,48.78821436722075],[2.38366347010056,48.78864467274681],[2.3846038927444577,48.789826164796665],[2.3852476561260514,48.790467820336055],[2.3856523948530084,48.790783941763245],[2.3873842464101536,48.7911403670081],[2.38790979556984,48.791239976051486],[2.388504218438269,48.79127765541765],[2.3894688280889183,48.791172205290124],[2.3906739639172483,48.79059510221474],[2.3909683524043475,48.7894692024144],[2.3910096132899015,48.78917687817534],[2.391200331298516,48.78787514034847],[2.3912295448893133,48.787413916844756],[2.391222649525373,48.787036604258724],[2.383150159058207,48.78640833229486]]],"rewind":true}},{"type":"Feature","properties":{"depname":"Val-de-Marne","bvonum":"0051","comcode":94081,"cancode":9424,"bvocode":"94081_51","cirname":"10ème circonscription","exp":649,"depcode":94,"cannum":19,"canname":"Vitry-sur-Seine-1","comname":"Vitry-sur-Seine","ins":912,"Art":2,"Mel":223,"Rou":47,"Mac":161,"Las":4,"vot":661,"circode":9410,"Lep":71,"Pec":28,"Zem":42,"Hid":18,"Jad":39,"Pou":6,"Dup":8,"top":"Mélenchon","area_error":-0.010557},"geometry":{"type":"Polygon","coordinates":[[[2.3998189970265127,48.78540710959037],[2.39490854361425,48.78140876223592],[2.3939974441256076,48.781167638213454],[2.38810248575981,48.781074427575916],[2.388101407649885,48.781423227721],[2.392397072263479,48.78617748240167],[2.393199478482953,48.78621227178474],[2.3939851199946514,48.786119043579134],[2.394241673868241,48.78590109176066],[2.394959389363314,48.78598778861881],[2.3954472609530244,48.78593005802586],[2.3958864995192917,48.7856934539934],[2.3964396938001067,48.78554614707692],[2.397770430628911,48.7849323079035],[2.3984143595496246,48.785260492409584],[2.399281491530144,48.785610139350275],[2.399795193509409,48.78544639619535],[2.3998189970265127,48.78540710959037]]],"rewind":true}},{"type":"Feature","properties":{"depname":"Val-de-Marne","bvonum":"0052","comcode":94081,"cancode":9424,"bvocode":"94081_52","cirname":"10ème circonscription","exp":585,"depcode":94,"cannum":19,"canname":"Vitry-sur-Seine-1","comname":"Vitry-sur-Seine","ins":847,"Art":3,"Mel":235,"Rou":20,"Mac":176,"Las":7,"vot":594,"circode":9410,"Lep":68,"Pec":20,"Zem":32,"Hid":5,"Jad":9,"Pou":1,"Dup":9,"top":"Mélenchon","area_error":0.038569},"geometry":{"type":"Polygon","coordinates":[[[2.383856701740758,48.77405255960418],[2.38810248575981,48.781074427575916],[2.3939974441256076,48.781167638213454],[2.3930703536448963,48.780264027532645],[2.3874162040446985,48.7754490987308],[2.386039669286613,48.77249755613934],[2.3849559979368,48.7710838467466],[2.383856701740758,48.77405255960418]]],"rewind":true}},{"type":"Feature","properties":{"depname":"Val-de-Marne","bvonum":"0053","comcode":94081,"cancode":9424,"bvocode":"94081_53","cirname":"10ème circonscription","exp":674,"depcode":94,"cannum":19,"canname":"Vitry-sur-Seine-1","comname":"Vitry-sur-Seine","ins":965,"Art":5,"Mel":317,"Rou":37,"Mac":118,"Las":6,"vot":687,"circode":9410,"Lep":105,"Pec":19,"Zem":26,"Hid":6,"Jad":27,"Pou":1,"Dup":7,"top":"Mélenchon","area_error":0.018657},"geometry":{"type":"Polygon","coordinates":[[[2.3998189970265127,48.78540710959037],[2.4065633515297993,48.7780274022371],[2.404542736995311,48.77749912013973],[2.402083161655281,48.7787317214779],[2.39490854361425,48.78140876223592],[2.3998189970265127,48.78540710959037]]],"rewind":true}},{"type":"Feature","properties":{"depname":"Val-de-Marne","bvonum":"0054","comcode":94081,"cancode":9424,"bvocode":"94081_54","cirname":"10ème circonscription","exp":654,"depcode":94,"cannum":19,"canname":"Vitry-sur-Seine-1","comname":"Vitry-sur-Seine","ins":911,"Art":1,"Mel":267,"Rou":22,"Mac":176,"Las":15,"vot":666,"circode":9410,"Lep":61,"Pec":23,"Zem":15,"Hid":12,"Jad":45,"Pou":3,"Dup":14,"top":"Mélenchon","area_error":-0.004221},"geometry":{"type":"Polygon","coordinates":[[[2.399795193509409,48.78544639619535],[2.399881944288102,48.78541488273123],[2.400313362126,48.785424964077826],[2.400653803448609,48.78537426603844],[2.4016169521878874,48.78451743758716],[2.402068943338892,48.7841443759995],[2.4033093763005677,48.78420693145155],[2.4038269790713,48.78421831776987],[2.404170114628668,48.784265816746185],[2.4046843372025144,48.78449954164214],[2.4049209348235654,48.78460948671002],[2.4050518928064357,48.784568625541255],[2.405481918362019,48.7843200012225],[2.4067913693581,48.7826459198417],[2.4069497434863565,48.782573507632044],[2.412788112575082,48.77445200611043],[2.4069679573854823,48.77776289274012],[2.4065633515297993,48.7780274022371],[2.3998189970265127,48.78540710959037],[2.399795193509409,48.78544639619535]]],"rewind":true}},{"type":"Feature","properties":{"depname":"Val-de-Marne","bvonum":"0055","comcode":94081,"cancode":9424,"bvocode":"94081_55","cirname":"10ème circonscription","exp":665,"depcode":94,"cannum":19,"canname":"Vitry-sur-Seine-1","comname":"Vitry-sur-Seine","ins":910,"Art":3,"Mel":317,"Rou":20,"Mac":142,"Las":12,"vot":679,"circode":9410,"Lep":65,"Pec":11,"Zem":27,"Hid":22,"Jad":31,"Pou":9,"Dup":6,"top":"Mélenchon","area_error":-0.039132},"geometry":{"type":"Polygon","coordinates":[[[2.421486733167119,48.76650084985115],[2.420890587243735,48.766047464452186],[2.412788112575082,48.77445200611043],[2.4069497434863565,48.782573507632044],[2.4069536799252833,48.78257147908066],[2.40729225139024,48.78306591352268],[2.4074377622416057,48.7835014190396],[2.4073090112846787,48.78385952962067],[2.4073985272555958,48.7838623321204],[2.408111809448607,48.7833877298138],[2.4087448977525647,48.7822868143843],[2.410535738555642,48.7802058229669],[2.410388442351561,48.780514206802835],[2.4112614375833092,48.77962746493952],[2.421486733167119,48.76650084985115]]],"rewind":true}},{"type":"Feature","properties":{"depname":"Val-de-Marne","bvonum":"0056","comcode":94081,"cancode":9424,"bvocode":"94081_56","cirname":"10ème circonscription","exp":699,"depcode":94,"cannum":19,"canname":"Vitry-sur-Seine-1","comname":"Vitry-sur-Seine","ins":982,"Art":2,"Mel":320,"Rou":28,"Mac":162,"Las":9,"vot":713,"circode":9410,"Lep":69,"Pec":24,"Zem":35,"Hid":11,"Jad":29,"Pou":4,"Dup":6,"top":"Mélenchon","area_error":0.005753},"geometry":{"type":"Polygon","coordinates":[[[2.421486733167119,48.76650084985115],[2.4112614375833092,48.77962746493952],[2.4121503647669527,48.7786771589815],[2.4126131911179844,48.778175868777446],[2.4135020395667746,48.777164313295465],[2.41338294720659,48.7775097981444],[2.413139632723176,48.77788788671825],[2.412726811976789,48.77843567841846],[2.408482032076868,48.7850128021545],[2.4096196697957133,48.78546354203321],[2.4100874370938152,48.78633532648785],[2.4112983283840568,48.78390011077966],[2.4129979528152736,48.78093192143409],[2.4138440013929916,48.779641893789154],[2.41489204317593,48.77826975769122],[2.4165143190866223,48.77587890531706],[2.418635047171187,48.77283067600304],[2.4200954350942685,48.77070781232283],[2.4217328578504356,48.76845816873713],[2.421486733167119,48.76650084985115]]],"rewind":true}},{"type":"Feature","properties":{"depname":"Val-de-Marne","bvonum":"0057","comcode":94081,"cancode":9424,"bvocode":"94081_57","cirname":"10ème circonscription","exp":749,"depcode":94,"cannum":19,"canname":"Vitry-sur-Seine-1","comname":"Vitry-sur-Seine","ins":1019,"Art":4,"Mel":304,"Rou":47,"Mac":169,"Las":11,"vot":767,"circode":9410,"Lep":81,"Pec":27,"Zem":32,"Hid":8,"Jad":42,"Pou":14,"Dup":10,"top":"Mélenchon","area_error":0.012578},"geometry":{"type":"Polygon","coordinates":[[[2.4276468427081386,48.75784980193759],[2.422618684047408,48.7633877508832],[2.420890587243735,48.766047464452186],[2.421486733167119,48.76650084985115],[2.4217328578504356,48.76845816873713],[2.424009256996503,48.76591031554637],[2.426126539171327,48.76375466191244],[2.426260318567966,48.76360159501155],[2.4272083805413165,48.76276599736936],[2.427365189731309,48.76264928906055],[2.42767637348775,48.76244057384707],[2.42913543888082,48.76160790231924],[2.430124127593789,48.76085702101245],[2.4309726724173872,48.75993328723613],[2.432264609021827,48.75827606840624],[2.4324268094146055,48.75791121988186],[2.4276468427081386,48.75784980193759]]],"rewind":true}},{"type":"Feature","properties":{"depname":"Val-de-Marne","bvonum":"0006","comcode":94081,"cancode":9425,"bvocode":"94081_6","cirname":"9ème circonscription","exp":494,"depcode":94,"cannum":22,"canname":"Vitry-sur-Seine-2","comname":"Vitry-sur-Seine","ins":728,"Art":1,"Mel":176,"Rou":24,"Mac":102,"Las":5,"vot":503,"circode":9409,"Lep":104,"Pec":10,"Zem":30,"Hid":7,"Jad":26,"Pou":2,"Dup":7,"top":"Mélenchon","area_error":0.064532},"geometry":{"type":"Polygon","coordinates":[[[2.3895317743740447,48.747531211120176],[2.392660802235571,48.751345538233934],[2.4029791189658223,48.75493883066032],[2.4023040088670222,48.7523722857925],[2.401617725890809,48.7520851812453],[2.401639315329943,48.75205016105046],[2.4006050545802933,48.75182686437495],[2.397805812254297,48.75129021648145],[2.3969533509693237,48.75108886573762],[2.397000711571389,48.751062508216684],[2.3946751907182744,48.74993441575023],[2.394799368992,48.74982777694196],[2.3947555893132226,48.7497191359452],[2.3950908878522266,48.74947796727409],[2.390519366104569,48.746823522191846],[2.3902675591139912,48.74727944141037],[2.390080500975965,48.74757768035599],[2.3895883352631984,48.74738183202375],[2.3895317743740447,48.747531211120176]]],"rewind":true}},{"type":"Feature","properties":{"depname":"Val-de-Marne","bvonum":"0007","comcode":94081,"cancode":9425,"bvocode":"94081_7","cirname":"9ème circonscription","exp":546,"depcode":94,"cannum":22,"canname":"Vitry-sur-Seine-2","comname":"Vitry-sur-Seine","ins":864,"Art":3,"Mel":266,"Rou":13,"Mac":144,"Las":7,"vot":558,"circode":9409,"Lep":56,"Pec":13,"Zem":21,"Hid":6,"Jad":8,"Pou":3,"Dup":6,"top":"Mélenchon","area_error":-0.00223},"geometry":{"type":"Polygon","coordinates":[[[2.3979849014179218,48.7571947786804],[2.4053987491407063,48.75665957085333],[2.4029791189658223,48.75493883066032],[2.392660802235571,48.751345538233934],[2.3919463885756773,48.75235688526655],[2.3979849014179218,48.7571947786804]]],"rewind":true}},{"type":"Feature","properties":{"depname":"Val-de-Marne","bvonum":"0008","comcode":94081,"cancode":9425,"bvocode":"94081_8","cirname":"9ème circonscription","exp":690,"depcode":94,"cannum":22,"canname":"Vitry-sur-Seine-2","comname":"Vitry-sur-Seine","ins":1022,"Art":4,"Mel":316,"Rou":42,"Mac":126,"Las":8,"vot":706,"circode":9409,"Lep":112,"Pec":15,"Zem":32,"Hid":7,"Jad":19,"Pou":4,"Dup":5,"top":"Mélenchon","area_error":-0.032433},"geometry":{"type":"Polygon","coordinates":[[[2.3823226865412885,48.74867947728957],[2.3861486686265456,48.75245640789146],[2.388774759433535,48.75289008307462],[2.3919463885756773,48.75235688526655],[2.392660802235571,48.751345538233934],[2.3895317743740447,48.747531211120176],[2.3821268086495877,48.74789651046247],[2.3823226865412885,48.74867947728957]]],"rewind":true}},{"type":"Feature","properties":{"depname":"Val-de-Marne","bvonum":"0009","comcode":94081,"cancode":9425,"bvocode":"94081_9","cirname":"9ème circonscription","exp":625,"depcode":94,"cannum":22,"canname":"Vitry-sur-Seine-2","comname":"Vitry-sur-Seine","ins":882,"Art":0,"Mel":258,"Rou":32,"Mac":159,"Las":9,"vot":643,"circode":9409,"Lep":75,"Pec":16,"Zem":29,"Hid":8,"Jad":27,"Pou":4,"Dup":8,"top":"Mélenchon","area_error":0.024349},"geometry":{"type":"Polygon","coordinates":[[[2.3800703767433684,48.74530277925118],[2.3821268086495877,48.74789651046247],[2.3895317743740447,48.747531211120176],[2.3895883352631984,48.74738183202375],[2.387929035735728,48.74579434695463],[2.385882009892373,48.744035297410576],[2.3853316877204347,48.74350327670213],[2.384659268185512,48.7428294675846],[2.383930529206197,48.74268119777696],[2.382682344459063,48.742875180481576],[2.3823019741375737,48.74225758125185],[2.3819424497824264,48.741638338859964],[2.3818110998669693,48.7416244405753],[2.381643085527752,48.74130079021312],[2.381570162215806,48.74115706536874],[2.3815223051423473,48.74105978529782],[2.3814780209795225,48.74097025281173],[2.3814018230039973,48.7408172272208],[2.3800703767433684,48.74530277925118]]],"rewind":true}},{"type":"Feature","properties":{"depname":"Val-de-Marne","bvonum":"0002","comcode":94015,"cancode":9414,"bvocode":"94015_2","cirname":"5ème circonscription","exp":762,"depcode":94,"cannum":12,"canname":"Nogent-sur-Marne","comname":"Bry-sur-Marne","ins":974,"Art":2,"Mel":147,"Rou":10,"Mac":285,"Las":11,"vot":784,"circode":9405,"Lep":102,"Pec":68,"Zem":64,"Hid":7,"Jad":41,"Pou":3,"Dup":22,"top":"Macron","area_error":0.005645},"geometry":{"type":"Polygon","coordinates":[[[2.5415061478007646,48.81104910163253],[2.5417823096784615,48.809275899104435],[2.541445399126622,48.80956872793794],[2.5411799960006034,48.80987862588318],[2.5407806192923483,48.81047559057815],[2.5406242522970754,48.810568421223245],[2.5404833307613437,48.81050580343666],[2.5396696969553774,48.809768235310976],[2.539469580194523,48.809665983134316],[2.5389298847402073,48.810203364393956],[2.5387188761827093,48.81048349626558],[2.538253546349212,48.81029768203184],[2.537802254802455,48.810154962457865],[2.537063236695656,48.81000242056947],[2.536769059912371,48.81002911325755],[2.5361420059830917,48.81015118461707],[2.535106875471495,48.81025688046843],[2.5343601602027834,48.8103407390937],[2.532609608948238,48.810474098755016],[2.531553107371876,48.81048877462983],[2.531399821532338,48.81065185704448],[2.531209693819981,48.81074612937022],[2.530249897461527,48.81101389498026],[2.529583164001256,48.81125599298445],[2.5286516091272215,48.81165680567574],[2.528235921029905,48.81184908271542],[2.527956739006886,48.81200503413242],[2.528448602777634,48.81230367448493],[2.5276068842446975,48.81256951712608],[2.5263250304306792,48.8126554022464],[2.525059872438714,48.81266443250636],[2.524624286746255,48.81294332774388],[2.524174441282757,48.81332484070847],[2.523621856531666,48.814142367556435],[2.524163971335253,48.813874817093236],[2.525085460812382,48.813549575545856],[2.5257461881606087,48.81355981697096],[2.5260675231576712,48.81360164011624],[2.5273633203498735,48.81365636817318],[2.527757743132632,48.81361258206107],[2.52916156363599,48.813366307276745],[2.53010001890376,48.8130842351242],[2.53058079846516,48.81290386887331],[2.5312727818054745,48.81259443156642],[2.5314886289885146,48.81249414623607],[2.531891706314279,48.81233076131896],[2.5323978762243984,48.81218969761822],[2.5327646059342346,48.81211473098698],[2.5331394002601124,48.812085216076234],[2.533604928207079,48.81211864833461],[2.534621971200104,48.81226261092129],[2.5355589224618678,48.81245657688664],[2.5370149970223737,48.81320112548486],[2.537190279154544,48.81338354316622],[2.537611399872066,48.813844497720055],[2.537952533516073,48.81557327752234],[2.5415061478007646,48.81104910163253]]],"rewind":true}},{"type":"Feature","properties":{"depname":"Val-de-Marne","bvonum":"0035","comcode":94017,"cancode":9403,"bvocode":"94017_35","cirname":"5ème circonscription","exp":631,"depcode":94,"cannum":13,"canname":"Champigny-sur-Marne-1","comname":"Champigny-sur-Marne","ins":975,"Art":1,"Mel":260,"Rou":14,"Mac":155,"Las":9,"vot":641,"circode":9405,"Lep":81,"Pec":21,"Zem":47,"Hid":7,"Jad":27,"Pou":4,"Dup":5,"top":"Mélenchon","area_error":-0.014642},"geometry":{"type":"Polygon","coordinates":[[[2.532912856569378,48.80576944887829],[2.5307557507846212,48.806484637062],[2.526680952112465,48.80864809052045],[2.526718626002577,48.81266448239432],[2.5276068842446975,48.81256951712608],[2.528448602777634,48.81230367448493],[2.527956739006886,48.81200503413242],[2.528235921029905,48.81184908271542],[2.5286516091272215,48.81165680567574],[2.529583164001256,48.81125599298445],[2.530249897461527,48.81101389498026],[2.531209693819981,48.81074612937022],[2.531399821532338,48.81065185704448],[2.531553107371876,48.81048877462983],[2.532609608948238,48.810474098755016],[2.5343601602027834,48.8103407390937],[2.535106875471495,48.81025688046843],[2.5361420059830917,48.81015118461707],[2.536769059912371,48.81002911325755],[2.5368804242399814,48.81001766787746],[2.532912856569378,48.80576944887829]]],"rewind":true}},{"type":"Feature","properties":{"depname":"Val-de-Marne","bvonum":"0023","comcode":94041,"cancode":9424,"bvocode":"94041_23","cirname":"10ème circonscription","exp":597,"depcode":94,"cannum":19,"canname":"Vitry-sur-Seine-1","comname":"Ivry-sur-Seine","ins":845,"Art":4,"Mel":263,"Rou":46,"Mac":152,"Las":8,"vot":609,"circode":9410,"Lep":51,"Pec":17,"Zem":22,"Hid":9,"Jad":14,"Pou":7,"Dup":4,"top":"Mélenchon","area_error":-0.258073},"geometry":{"type":"Polygon","coordinates":[[[2.3898647342147843,48.7924337905476],[2.3905217417860425,48.79067890021725],[2.3899292104016734,48.790985421735954],[2.388328204602694,48.79128236755371],[2.3873842464101536,48.7911403670081],[2.3856523948530084,48.790783941763245],[2.3852476561260514,48.790467820336055],[2.3846038927444577,48.789826164796665],[2.38366347010056,48.78864467274681],[2.383341973584497,48.78821436722075],[2.380619671337665,48.78542445330146],[2.3804647925971234,48.78531146562494],[2.379618193314171,48.7868501895475],[2.37880651593049,48.78884804471853],[2.3783978711725147,48.78966850760517],[2.3898647342147843,48.7924337905476]]],"rewind":true}},{"type":"Feature","properties":{"depname":"Val-de-Marne","bvonum":"0006","comcode":94060,"cancode":9416,"bvocode":"94060_6","cirname":"4ème circonscription","exp":729,"depcode":94,"cannum":9,"canname":"Plateau briard","comname":"La Queue-en-Brie","ins":920,"Art":3,"Mel":146,"Rou":21,"Mac":254,"Las":11,"vot":743,"circode":9404,"Lep":127,"Pec":38,"Zem":58,"Hid":7,"Jad":36,"Pou":6,"Dup":22,"top":"Macron","area_error":-0.357795},"geometry":{"type":"Polygon","coordinates":[[[2.5796728176347585,48.7525578702369],[2.579381614212149,48.75237337026336],[2.59419764011461,48.77633036594945],[2.5882434975530955,48.77360965367633],[2.5951131839457413,48.76687350789307],[2.580730339016635,48.759398282047414],[2.58468181070761,48.7562596533134],[2.5796728176347585,48.7525578702369]]],"rewind":true}},{"type":"Feature","properties":{"depname":"Val-de-Marne","bvonum":"0008","comcode":94060,"cancode":9416,"bvocode":"94060_8","cirname":"4ème circonscription","exp":574,"depcode":94,"cannum":9,"canname":"Plateau briard","comname":"La Queue-en-Brie","ins":726,"Art":3,"Mel":151,"Rou":9,"Mac":159,"Las":14,"vot":588,"circode":9404,"Lep":127,"Pec":23,"Zem":46,"Hid":3,"Jad":16,"Pou":5,"Dup":18,"top":"Macron","area_error":0.225348},"geometry":{"type":"MultiPolygon","coordinates":[[[[2.5808061093058146,48.74718644998031],[2.581754647542929,48.74711665365682],[2.5891109649461734,48.75122828299713],[2.5921418771594413,48.75245985007356],[2.593814591997139,48.75304493937444],[2.5972898199955847,48.753916597807],[2.598087601415696,48.7537271341692],[2.600863616082398,48.75429959336967],[2.6027612262969475,48.7540921962768],[2.58757362219563,48.7493228406495],[2.5813475815475,48.74562693758841],[2.578836135844378,48.7435425971631],[2.5808061093058146,48.74718644998031]]],[[[2.5796728176347585,48.7525578702369],[2.58468181070761,48.7562596533134],[2.5805227396028836,48.7517703146669],[2.5796728176347585,48.7525578702369]]]],"rewind":true}},{"type":"Feature","properties":{"depname":"Val-de-Marne","bvonum":"0012","comcode":94067,"cancode":9423,"bvocode":"94067_12","cirname":"6ème circonscription","exp":812,"depcode":94,"cannum":1,"canname":"Vincennes","comname":"Saint-Mandé","ins":1014,"Art":1,"Mel":131,"Rou":10,"Mac":337,"Las":12,"vot":828,"circode":9406,"Lep":39,"Pec":71,"Zem":129,"Hid":18,"Jad":49,"Pou":5,"Dup":10,"top":"Macron","area_error":-0.096835},"geometry":{"type":"Polygon","coordinates":[[[2.4139665175238663,48.8516812724582],[2.410603565068927,48.855389455486],[2.41471254653509,48.8584378880497],[2.415219070157844,48.85468552611013],[2.4173755907339114,48.85417770159263],[2.417810422044233,48.853944144678174],[2.418586590943712,48.8535546070708],[2.4194692974052012,48.85303779985825],[2.419950748475569,48.852792357594865],[2.4206822290139964,48.85232854669353],[2.4214513562520854,48.851890939972456],[2.4218066579227417,48.8517080280813],[2.422009156041517,48.85161661664129],[2.4222775540006047,48.85148078700534],[2.4226193546329715,48.85128794021905],[2.422806225277207,48.85118321887737],[2.424075049774354,48.85040556234652],[2.4139665175238663,48.8516812724582]]],"rewind":true}}]}